o Cylinder
usemtl __DEFAULT
v 2.25814301520586 974.048119201161 -113.32905664561649
v 43.48874390125275 830.7047642787655 -123.46226397820757
v -0.6458082236349583 830.507637659865 -136.58336818650923
v 54.961591958999634 962.3475889494514 -85.28567137944873
v 84.06708836555481 828.6950953645089 -68.38818580617047
v 71.07691168785095 830.558854088003 -111.31127299145345
v 96.9279408454895 967.6013874492525 -44.21833126536124
v 117.05143451690674 829.4396371790642 -17.592074999412436
v 121.46139144897461 829.8094665087646 -51.7817299463883
v 99.14644956588745 961.0405945254115 14.312457927136006
v 100.71691274642944 828.7607273674818 49.52197877778854
v 103.80963087081909 828.3515955045455 15.264829148094032
v 75.95537304878235 961.3162147786255 65.72258307821251
v 66.56503677368164 829.5263460560255 104.44031552134028
v 97.81506061553955 829.3635507468485 85.39198834029744
v 14.563395082950592 829.9717146576454 120.98737546159812
v 32.70634114742279 829.5865249817001 117.18461110861247
v 28.717342019081116 962.1752897240957 97.15660035806692
v 28.717342019081116 962.1752897240957 97.15660035806692
v -3.561021387577057 830.7812894049121 124.79333455440263
v 14.563395082950592 829.9717146576454 120.98737546159812
v -28.173276782035828 960.849968329865 95.94913564059378
v -76.90006494522095 831.3217350892759 115.2749376119521
v -44.86272931098938 841.6755897542141 135.81609126338267
v -75.57514309883118 960.8501541016565 65.48601827949439
v -105.82362413406372 829.2192527201462 41.796355453077545
v -94.93590593338013 829.9250743114156 86.17192098616412
v -106.80441856384277 968.6198259490877 15.303547824486486
v -113.07039260864258 829.3053599113111 -17.12560902752368
v -137.2768759727478 830.7240512863672 16.399725039953285
v 96.9279408454895 967.6013874492525 -44.21833126536124
v 76.15038752555847 965.2427567585182 -64.91182675072834
v 54.961591958999634 962.3475889494514 -85.28567137944873
v 54.961591958999634 962.3475889494514 -85.28567137944873
v 30.866864323616028 971.880991457745 -102.44531968213384
v 2.25814301520586 974.048119201161 -113.32905664561649
v -28.283855319023132 968.4766607317374 -99.49131889289403
v -61.135321855545044 973.3022538591977 -92.8227699030056
v -81.92880153656006 974.1657139232316 -72.3345197880961
v -81.92880153656006 974.1657139232316 -72.3345197880961
v -96.19224071502686 967.0308994088955 -44.6128960394366
v -103.16729545593262 969.3308807643356 -13.882830710758695
v -103.16729545593262 969.3308807643356 -13.882830710758695
v -106.80441856384277 968.6198259490877 15.303547824486486
v -90.2034044265747 963.7975758661381 40.456638669888314
v -90.2034044265747 963.7975758661381 40.456638669888314
v -75.57514309883118 960.8501541016565 65.48601827949439
v -51.8741250038147 960.8499658483189 80.7175143751826
v -51.8741250038147 960.8499658483189 80.7175143751826
v -28.173276782035828 960.849968329865 95.94913564059378
v 0.011306753003736958 960.9563030305784 96.03773196726381
v 0.011306753003736958 960.9563030305784 96.03773196726381
v 28.717342019081116 962.1752897240957 97.15660035806692
v 52.69160866737366 962.5542774690466 82.2512548564109
v 52.69160866737366 962.5542774690466 82.2512548564109
v 75.95537304878235 961.3162147786255 65.72258307821251
v 88.22420835494995 961.9483059821824 40.35221759399061
v 88.22420835494995 961.9483059821824 40.35221759399061
v 99.14644956588745 961.0405945254115 14.312457927136006
v 97.77771830558777 963.9868712118613 -14.82230782024591
v 97.77771830558777 963.9868712118613 -14.82230782024591
v 96.9279408454895 967.6013874492525 -44.21833126536124
v 54.961591958999634 962.3475889494514 -85.28567137944873
v 54.961591958999634 962.3475889494514 -85.28567137944873
v 2.25814301520586 974.048119201161 -113.32905664561649
v -28.283855319023132 968.4766607317374 -99.49131889289403
v -28.283855319023132 968.4766607317374 -99.49131889289403
v -81.92880153656006 974.1657139232316 -72.3345197880961
v -103.16729545593262 969.3308807643356 -13.882830710758695
v -103.16729545593262 969.3308807643356 -13.882830710758695
v -90.2034044265747 963.7975758661381 40.456638669888314
v -51.8741250038147 960.8499658483189 80.7175143751826
v -51.8741250038147 960.8499658483189 80.7175143751826
v 0.011306753003736958 960.9563030305784 96.03773196726381
v 52.69160866737366 962.5542774690466 82.2512548564109
v 52.69160866737366 962.5542774690466 82.2512548564109
v 88.22420835494995 961.9483059821824 40.35221759399061
v 97.77771830558777 963.9868712118613 -14.82230782024591
v 97.77771830558777 963.9868712118613 -14.82230782024591
v 54.961591958999634 962.3475889494514 -85.28567137944873
v -28.283855319023132 968.4766607317374 -99.49131889289403
v -28.283855319023132 968.4766607317374 -99.49131889289403
v -103.16729545593262 969.3308807643356 -13.882830710758695
v -51.8741250038147 960.8499658483189 80.7175143751826
v -51.8741250038147 960.8499658483189 80.7175143751826
v 52.69160866737366 962.5542774690466 82.2512548564109
v 97.77771830558777 963.9868712118613 -14.82230782024591
v 97.77771830558777 963.9868712118613 -14.82230782024591
v -28.283855319023132 968.4766607317374 -99.49131889289403
v -51.8741250038147 960.8499658483189 80.7175143751826
v -96.19224071502686 967.0308994088955 -44.6128960394366
v -98.23639988899231 829.0932506646001 -91.2644008521176
v -103.44784259796143 828.8435855663429 -49.29441902185251
v -86.71849966049194 833.3792519108889 -102.72092091570666
v -76.5642523765564 833.334333143063 -107.06366764300766
v -69.73416805267334 828.8112470640582 -104.18590697263168
v -69.73416805267334 828.8112470640582 -104.18590697263168
v -98.23639988899231 829.0932506646001 -91.2644008521176
v -96.24711275100708 833.3392936303096 -98.58836995437785
v -96.24711275100708 833.3392936303096 -98.58836995437785
v -86.71849966049194 833.3792519108889 -102.72092091570666
v -69.73416805267334 828.8112470640582 -104.18590697263168
v -91.06029868125916 -150.17197209129804 -151.0676735357438
v -56.41582012176514 -152.159338384415 -177.98358107176333
v -15.0294691324234 -151.61959782083457 -198.46421394168095
v -15.0294691324234 -151.61959782083457 -198.46421394168095
v 34.213587641716 -154.31635813275778 -172.94735778561727
v 79.47567105293274 -159.27725995801796 -144.21973017684627
v 79.47567105293274 -159.27725995801796 -144.21973017684627
v 130.33870458602905 -157.62240413749186 -117.31147582304307
v 168.79408359527588 -140.57197633712352 -77.03161333601724
v 175.65104961395264 -148.81293087757433 -31.07027371176325
v 183.1912636756897 -157.82958027394713 14.83695992257261
v 172.09419012069702 -155.8882247761359 66.24614155876284
v 172.09419012069702 -155.8882247761359 66.24614155876284
v 149.3450164794922 -145.37674617717073 120.00212653674754
v 100.6308913230896 -150.93051466994737 129.65425327699012
v 100.6308913230896 -150.93051466994737 129.65425327699012
v 51.673537492752075 -156.89941752688614 139.7100704230014
v 9.307698160409927 -148.54865056372608 147.43193423964345
v 9.307698160409927 -148.54865056372608 147.43193423964345
v -41.41739010810852 -144.48576916237596 161.64627044981705
v -75.37485361099243 -143.68155194015503 134.5909233530033
v -102.22526788711548 -129.75886792747005 89.58417503101387
v -138.2822871208191 -143.4391157568314 62.962418321973104
v -161.05518341064453 -143.38055392602305 28.018125409485236
v -146.30050659179688 -142.36525578298986 -17.255874625751883
v -154.03971672058105 -164.348994413763 -65.36378567074524
v -117.01754331588745 -152.38512099851079 -106.16186758740695
v -117.01754331588745 -152.38512099851079 -106.16186758740695
v -91.06029868125916 -150.17197209129804 -151.0676735357438
v -15.0294691324234 -151.61959782083457 -198.46421394168095
v -15.0294691324234 -151.61959782083457 -198.46421394168095
v 79.47567105293274 -159.27725995801796 -144.21973017684627
v 168.79408359527588 -140.57197633712352 -77.03161333601724
v 168.79408359527588 -140.57197633712352 -77.03161333601724
v 175.65104961395264 -148.81293087757433 -31.07027371176325
v 172.09419012069702 -155.8882247761359 66.24614155876284
v 172.09419012069702 -155.8882247761359 66.24614155876284
v 100.6308913230896 -150.93051466994737 129.65425327699012
v 9.307698160409927 -148.54865056372608 147.43193423964345
v 9.307698160409927 -148.54865056372608 147.43193423964345
v -75.37485361099243 -143.68155194015503 134.5909233530033
v -102.22526788711548 -129.75886792747005 89.58417503101387
v -102.22526788711548 -129.75886792747005 89.58417503101387
v -161.05518341064453 -143.38055392602305 28.018125409485236
v -146.30050659179688 -142.36525578298986 -17.255874625751883
v -146.30050659179688 -142.36525578298986 -17.255874625751883
v -117.01754331588745 -152.38512099851079 -106.16186758740695
v -15.0294691324234 -151.61959782083457 -198.46421394168095
v -15.0294691324234 -151.61959782083457 -198.46421394168095
v 168.79408359527588 -140.57197633712352 -77.03161333601724
v 172.09419012069702 -155.8882247761359 66.24614155876284
v 172.09419012069702 -155.8882247761359 66.24614155876284
v 9.307698160409927 -148.54865056372608 147.43193423964345
v -102.22526788711548 -129.75886792747005 89.58417503101387
v -102.22526788711548 -129.75886792747005 89.58417503101387
v -146.30050659179688 -142.36525578298986 -17.255874625751883
v -15.0294691324234 -151.61959782083457 -198.46421394168095
v -15.0294691324234 -151.61959782083457 -198.46421394168095
v 172.09419012069702 -155.8882247761359 66.24614155876284
v -102.22526788711548 -129.75886792747005 89.58417503101387
v -73.3183205127716 430.0655165094272 -122.69530150425095
v -37.10560202598572 301.8077866934834 -136.15557104039095
v -74.07118082046509 301.09374974194617 -118.65617173887865
v -138.24666738510132 423.88457133360197 -68.65877858562536
v -103.36867570877075 301.2485109412377 -95.94820877428504
v -131.74151182174683 300.53635992624623 -63.534982292217386
v -131.2424898147583 431.4039738614256 19.29181789276651
v -136.9712233543396 300.6444654812703 -23.20087979842354
v -138.25321197509766 300.03054486961696 21.173678631179623
v -115.02413749694824 432.54410438710323 98.35123525281216
v -140.01635313034058 300.8968698766171 65.72282180439952
v -132.61700868606567 300.5287615168726 126.65055862355858
v -34.76868271827698 432.4735844359982 124.52712165689505
v -54.611337184906006 371.7340430694665 122.60742091648346
v -36.23882830142975 372.9915590940871 129.181216983886
v 37.73418068885803 432.8966848971751 142.0246134245113
v -4.138440266251564 299.7796094873197 168.57095841144402
v 38.83574604988098 299.2207743038068 132.50459326048497
v 114.32312726974487 433.0241844254238 100.72933533138128
v 84.20164585113525 300.60372127845375 132.54490961690038
v 128.50849628448486 301.654451639705 107.01894613928731
v 142.5922989845276 433.7526354328035 20.204215610020277
v 133.42958688735962 301.1510228605579 58.22603564543894
v 156.86160326004028 302.85346837073286 20.19674612246939
v 134.8945140838623 433.7106118154 -67.34615477831792
v 152.90439128875732 303.11536470657813 -19.536072225691868
v 141.3403868675232 303.6876799167915 -72.25448668517981
v 68.09504628181458 431.42579213688833 -108.7851273560558
v 105.5425763130188 301.9013258931386 -89.56189305804068
v 77.20779776573181 302.0871437208408 -124.01331816384571
v 1.0448865592479706 431.90271999706977 -137.42147568128564
v 39.95274603366852 302.0230550473722 -134.81247577288082
v 0.2282379660755396 302.63748080455844 -151.77174968813873
v -0.8556504733860493 172.36594851261353 -164.91051144227015
v 42.12937355041504 8.090662041593555 -156.52746093956765
v -6.6121906042099 15.336543560840559 -181.4569617462316
v 80.99276423454285 170.73841343958944 -131.05750481419557
v 125.59597492218018 15.453722156479564 -106.23454107287758
v 77.41113305091858 6.655243531903078 -134.16940082259035
v 139.24731016159058 170.86947023869095 -69.51161426585973
v 163.80071640014648 7.028909944204537 -26.385713768751327
v 150.7191777229309 14.924051135681532 -71.52440791086865
v 172.21871614456177 170.52609060061323 20.356672042106887
v 162.7509355545044 15.462159909949216 71.93932877400142
v 176.59820318222046 6.390497724960977 17.626385839730634
v 134.0680480003357 168.4556308443413 111.61802646821207
v 95.78573107719421 6.695859444347066 143.67083201991724
v 134.1142773628235 13.714044705264286 106.18958249775558
v 38.14053237438202 165.81214365409994 127.86768357613711
v 2.5919361039996147 18.66837535072331 179.49665480689615
v 44.67547833919525 4.856393388875937 132.02313105617642
v -41.3424015045166 166.36059312898792 148.10115964874038
v -92.46969223022461 17.896790348634298 143.55460113774197
v -43.150901794433594 18.957941355356986 174.52327896244805
v -124.10999536514282 167.9371646836444 104.75221520471942
v -147.67687320709229 15.449329134572743 66.56500445434492
v -112.84430027008057 19.267542128415133 97.34464569896343
v -150.08546113967896 168.67758342256178 18.81873839761109
v -139.6894335746765 11.074885708965295 -22.970074729419
v -158.35829973220825 16.04085059819403 23.89357275692577
v -144.19424533843994 169.81737679306687 -69.14189244337467
v -114.24354314804077 10.739378695171991 -109.36203177896519
v -156.60337209701538 12.411305759393766 -70.40160500553404
v -76.91848874092102 169.93065329994195 -118.74262478833798
v -48.86966645717621 14.943134620695028 -165.63946252137035
v -82.48944878578186 10.922395326956392 -133.3021896991025
v -71.98248505592346 696.6224968275474 -109.8521890709943
v -32.93745815753937 563.3811286046828 -115.27062296395863
v -76.55457258224487 568.740823052557 -133.03414312427327
v -116.82119369506836 625.2463176474785 -100.83715373399504
v -119.9182391166687 570.3643232201223 -55.11259788325034
v -110.98823547363281 696.4272891394256 -51.88258907695566
v -110.98823547363281 696.4272891394256 -51.88258907695566
v -105.83044290542603 607.6718599206822 -127.67790919442224
v -116.82119369506836 625.2463176474785 -100.83715373399504
v -144.8396921157837 697.4360968625781 15.826789656833359
v -132.29684829711914 563.4182894822648 -21.587255002406074
v -145.67632675170898 563.9768156586771 20.23069610899159
v -105.92538118362427 696.9683801983547 95.03256052361206
v -118.11442375183105 563.7875646277868 54.83158582259473
v -110.109543800354 564.0782519780552 100.3667985304396
v -38.073259592056274 694.9983825133266 140.148824472572
v -79.56092953681946 563.9155110425096 122.38088003507265
v -36.53034567832947 564.1337608192061 131.03163588177853
v 37.33046054840088 697.2190584606969 125.52761401251117
v -1.472716499119997 564.5846084927198 119.61769204077838
v 40.29473662376404 565.7191018531487 134.30970035127694
v 97.13983535766602 697.0430032271702 82.83985821805827
v 80.25779724121094 566.4931501730973 125.47741243677724
v 103.99384498596191 564.8497727767295 89.78926873593478
v 135.93546152114868 697.6690327653929 21.66418540612244
v 110.66257953643799 564.1612139291017 53.01565277259902
v 144.78750228881836 564.7594484806216 20.195007700425254
v 247.56605625152588 756.7421223589901 -130.5666129854453
v 352.95186042785645 965.7292080512369 -175.24821994788743
v 365.73052406311035 964.6332486568679 -156.036140721176
v 86.09501719474792 697.2860123016537 -130.91478979173533
v 103.91448736190796 563.179858807062 -95.83259459559606
v 75.92843770980835 562.7960010158246 -119.64101423749527
v -1.5748592093586922 695.6566577332238 -143.18364271384098
v 32.50533044338226 562.9593173447944 -122.08217017459485
v -0.0675413350109011 562.8021016241438 -137.48592962850407
v 2.25814301520586 974.048119201161 -113.32905664561649
v 30.866864323616028 971.880991457745 -102.44531968213384
v 43.48874390125275 830.7047642787655 -123.46226397820757
v 54.961591958999634 962.3475889494514 -85.28567137944873
v 76.15038752555847 965.2427567585182 -64.91182675072834
v 84.06708836555481 828.6950953645089 -68.38818580617047
v 96.9279408454895 967.6013874492525 -44.21833126536124
v 97.77771830558777 963.9868712118613 -14.82230782024591
v 117.05143451690674 829.4396371790642 -17.592074999412436
v 99.14644956588745 961.0405945254115 14.312457927136006
v 88.22420835494995 961.9483059821824 40.35221759399061
v 100.71691274642944 828.7607273674818 49.52197877778854
v 75.95537304878235 961.3162147786255 65.72258307821251
v 52.69160866737366 962.5542774690466 82.2512548564109
v 66.56503677368164 829.5263460560255 104.44031552134028
v 28.717342019081116 962.1752897240957 97.15660035806692
v 0.011306753003736958 960.9563030305784 96.03773196726381
v -3.561021387577057 830.7812894049121 124.79333455440263
v -28.173276782035828 960.849968329865 95.94913564059378
v -51.8741250038147 960.8499658483189 80.7175143751826
v -76.90006494522095 831.3217350892759 115.2749376119521
v -75.57514309883118 960.8501541016565 65.48601827949439
v -90.2034044265747 963.7975758661381 40.456638669888314
v -105.82362413406372 829.2192527201462 41.796355453077545
v -106.80441856384277 968.6198259490877 15.303547824486486
v -103.16729545593262 969.3308807643356 -13.882830710758695
v -113.07039260864258 829.3053599113111 -17.12560902752368
v -96.19224071502686 967.0308994088955 -44.6128960394366
v -81.92880153656006 974.1657139232316 -72.3345197880961
v -98.23639988899231 829.0932506646001 -91.2644008521176
v -61.135321855545044 973.3022538591977 -92.8227699030056
v -28.283855319023132 968.4766607317374 -99.49131889289403
v -29.7540545463562 828.1943113906938 -127.25284479555181
v -73.3183205127716 430.0655165094272 -122.69530150425095
v -36.24463081359863 431.59206281737465 -123.74074338045938
v -37.10560202598572 301.8077866934834 -136.15557104039095
v -118.82460117340088 417.6742370698613 -112.33219752622662
v -103.36867570877075 301.2485109412377 -95.94820877428504
v -138.24666738510132 423.88457133360197 -68.65877858562536
v -138.24666738510132 423.88457133360197 -68.65877858562536
v -132.99686908721924 420.7748738587952 -92.88888276382137
v -118.82460117340088 417.6742370698613 -112.33219752622662
v -131.2424898147583 431.4039738614256 19.29181789276651
v -134.54041481018066 431.4337218129784 -21.753426150185597
v -136.9712233543396 300.6444654812703 -23.20087979842354
v -115.02413749694824 432.54410438710323 98.35123525281216
v -123.23391437530518 432.2461225567515 59.74232068763529
v -140.01635313034058 300.8968698766171 65.72282180439952
v -73.68617057800293 371.1406180133264 115.16357574110037
v -54.611337184906006 371.7340430694665 122.60742091648346
v -34.76868271827698 432.4735844359982 124.52712165689505
v -34.76868271827698 432.4735844359982 124.52712165689505
v -70.83929181098938 432.3740659285423 108.61423123884332
v -73.68617057800293 371.1406180133264 115.16357574110037
v 37.73418068885803 432.8966848971751 142.0246134245113
v -1.0503468103706837 432.8226313314037 137.38982778441544
v -4.138440266251564 299.7796094873197 168.57095841144402
v 114.32312726974487 433.0241844254238 100.72933533138128
v 84.32455658912659 433.40680344888466 130.72993846805025
v 84.20164585113525 300.60372127845375 132.54490961690038
v 142.5922989845276 433.7526354328035 20.204215610020277
v 117.01339483261108 432.87864590825393 52.75208454065402
v 133.42958688735962 301.1510228605579 58.22603564543894
v 134.8945140838623 433.7106118154 -67.34615477831792
v 142.29655265808105 433.9616259602535 -23.982872734747723
v 152.90439128875732 303.11536470657813 -19.536072225691868
v 68.09504628181458 431.42579213688833 -108.7851273560558
v 100.3515362739563 432.7286576069259 -88.51342694766801
v 105.5425763130188 301.9013258931386 -89.56189305804068
v 1.0448865592479706 431.90271999706977 -137.42147568128564
v 35.40971279144287 431.93676810049766 -125.5731809518778
v 39.95274603366852 302.0230550473722 -134.81247577288082
v -0.8556504733860493 172.36594851261353 -164.91051144227015
v 39.436957240104675 171.86238657474263 -152.98415838247666
v 42.12937355041504 8.090662041593555 -156.52746093956765
v 80.99276423454285 170.73841343958944 -131.05750481419557
v 108.56729745864868 170.65100224557182 -100.50269761382738
v 125.59597492218018 15.453722156479564 -106.23454107287758
v 139.24731016159058 170.86947023869095 -69.51161426585973
v 163.7452483177185 171.4722345032776 -30.634836476717624
v 163.80071640014648 7.028909944204537 -26.385713768751327
v 172.21871614456177 170.52609060061323 20.356672042106887
v 160.57991981506348 170.34374317513087 63.47423996865858
v 162.7509355545044 15.462159909949216 71.93932877400142
v 134.0680480003357 168.4556308443413 111.61802646821207
v 97.27040529251099 168.6032892888417 147.33149642630315
v 95.78573107719421 6.695859444347066 143.67083201991724
v 38.14053237438202 165.81214365409994 127.86768357613711
v -3.142312914133072 166.02438847964513 156.14174283721272
v 2.5919361039996147 18.66837535072331 179.49665480689615
v -41.3424015045166 166.36059312898792 148.10115964874038
v -92.67483353614807 167.41789461411778 139.09872426911707
v -92.46969223022461 17.896790348634298 143.55460113774197
v -124.10999536514282 167.9371646836444 104.75221520471942
v -138.81207704544067 168.23485890013535 60.91306448902773
v -147.67687320709229 15.449329134572743 66.56500445434492
v -150.08546113967896 168.67758342256178 18.81873839761109
v -147.32069969177246 169.28791559341028 -27.036229534390554
v -139.6894335746765 11.074885708965295 -22.970074729419
v -144.19424533843994 169.81737679306687 -69.14189244337467
v -109.4021201133728 170.2402789638426 -98.01996143622476
v -114.24354314804077 10.739378695171991 -109.36203177896519
v -76.91848874092102 169.93065329994195 -118.74262478833798
v -42.793822288513184 171.50571392492574 -143.50396804726762
v -48.86966645717621 14.943134620695028 -165.63946252137035
v -71.98248505592346 696.6224968275474 -109.8521890709943
v -31.801986694335938 695.8958911923878 -117.05501688306575
v -32.93745815753937 563.3811286046828 -115.27062296395863
v -110.98823547363281 696.4272891394256 -51.88258907695566
v -113.29606771469116 697.5200965991585 -100.61450639786527
v -105.83044290542603 607.6718599206822 -127.67790919442224
v -144.8396921157837 697.4360968625781 15.826789656833359
v -129.48602437973022 696.9581576022855 -17.174703182838574
v -132.29684829711914 563.4182894822648 -21.587255002406074
v -105.92538118362427 696.9683801983547 95.03256052361206
v -112.74346113204956 696.6080753981914 54.2555091334906
v -118.11442375183105 563.7875646277868 54.83158582259473
v -79.56092953681946 563.9155110425096 122.38088003507265
v -38.073259592056274 694.9983825133266 140.148824472572
v -59.85947847366333 695.0319987103911 135.09981037560345
v -59.85947847366333 695.0319987103911 135.09981037560345
v -78.94654273986816 696.3644231466526 125.06483176878383
v -79.56092953681946 563.9155110425096 122.38088003507265
v -2.8714269399642944 698.8919921011878 114.20094309328806
v -1.472716499119997 564.5846084927198 119.61769204077838
v 37.33046054840088 697.2190584606969 125.52761401251117
v 37.33046054840088 697.2190584606969 125.52761401251117
v 16.520483791828156 698.4264089789714 118.36894100620788
v -2.8714269399642944 698.8919921011878 114.20094309328806
v 97.13983535766602 697.0430032271702 82.83985821805827
v 67.48027205467224 697.5279981560467 106.50332530785086
v 80.25779724121094 566.4931501730973 125.47741243677724
v 135.93546152114868 697.6690327653929 21.66418540612244
v 116.31498336791992 697.3374452110639 52.38763653808339
v 110.66257953643799 564.1612139291017 53.01565277259902
v 268.08998584747314 820.067303680334 -40.835386010135934
v 400.51445960998535 964.6422231576818 -94.88834957540526
v 381.18865489959717 1018.8587070446075 -72.59653120654811
v 99.5146095752716 629.8577159727249 -91.41112098843038
v 103.91448736190796 563.179858807062 -95.83259459559606
v 86.09501719474792 697.2860123016537 -130.91478979173533
v 86.09501719474792 697.2860123016537 -130.91478979173533
v 95.11473178863525 696.5355731383868 -86.98965334172917
v 99.5146095752716 629.8577159727249 -91.41112098843038
v -1.5748592093586922 695.6566577332238 -143.18364271384098
v 38.026225566864014 696.4134970076735 -122.70159146461741
v 32.50533044338226 562.9593173447944 -122.08217017459485
v 32.50533044338226 562.9593173447944 -122.08217017459485
v 75.92843770980835 562.7960010158246 -119.64101423749527
v 68.09504628181458 431.42579213688833 -108.7851273560558
v 32.50533044338226 562.9593173447944 -122.08217017459485
v 38.026225566864014 696.4134970076735 -122.70159146461741
v 75.92843770980835 562.7960010158246 -119.64101423749527
v 38.026225566864014 696.4134970076735 -122.70159146461741
v 86.09501719474792 697.2860123016537 -130.91478979173533
v 75.92843770980835 562.7960010158246 -119.64101423749527
v 127.44871377944946 563.7432481640367 -57.442393357198405
v 134.8945140838623 433.7106118154 -67.34615477831792
v 103.91448736190796 563.179858807062 -95.83259459559606
v 103.91448736190796 563.179858807062 -95.83259459559606
v 115.68160057067871 563.4615773274078 -76.63749099616888
v 127.44871377944946 563.7432481640367 -57.442393357198405
v 282.4986457824707 752.7680272469978 -76.45672306910716
v 380.8795928955078 963.9196182759687 -130.8087250432345
v 396.5548276901245 962.3660862341978 -109.8190325789806
v 238.4824514389038 875.0101895389682 -90.69584558688851
v 345.88611125946045 1054.9358141498533 -138.9765431591612
v 228.34112644195557 874.6273823489234 -104.93246261283936
v 149.2614984512329 564.7276850681206 -16.987286126702415
v 144.78750228881836 564.7594484806216 20.195007700425254
v 142.5922989845276 433.7526354328035 20.204215610020277
v 134.3362331390381 697.9850259822372 -19.876869490216205
v 144.78750228881836 564.7594484806216 20.195007700425254
v 149.2614984512329 564.7276850681206 -16.987286126702415
v 149.2614984512329 564.7276850681206 -16.987286126702415
v 141.7988657951355 631.356331683321 -18.432077808455425
v 134.3362331390381 697.9850259822372 -19.876869490216205
v 134.3362331390381 697.9850259822372 -19.876869490216205
v 135.93546152114868 697.6690327653929 21.66418540612244
v 144.78750228881836 564.7594484806216 20.195007700425254
v 110.66257953643799 564.1612139291017 53.01565277259902
v 103.99384498596191 564.8497727767295 89.78926873593478
v 114.32312726974487 433.0241844254238 100.72933533138128
v 110.66257953643799 564.1612139291017 53.01565277259902
v 116.31498336791992 697.3374452110639 52.38763653808339
v 103.99384498596191 564.8497727767295 89.78926873593478
v 116.31498336791992 697.3374452110639 52.38763653808339
v 97.13983535766602 697.0430032271702 82.83985821805827
v 103.99384498596191 564.8497727767295 89.78926873593478
v 80.25779724121094 566.4931501730973 125.47741243677724
v 40.29473662376404 565.7191018531487 134.30970035127694
v 37.73418068885803 432.8966848971751 142.0246134245113
v 80.25779724121094 566.4931501730973 125.47741243677724
v 67.48027205467224 697.5279981560467 106.50332530785086
v 40.29473662376404 565.7191018531487 134.30970035127694
v 67.48027205467224 697.5279981560467 106.50332530785086
v 37.33046054840088 697.2190584606969 125.52761401251117
v 40.29473662376404 565.7191018531487 134.30970035127694
v -1.472716499119997 564.5846084927198 119.61769204077838
v -36.53034567832947 564.1337608192061 131.03163588177853
v -34.76868271827698 432.4735844359982 124.52712165689505
v -1.472716499119997 564.5846084927198 119.61769204077838
v -2.8714269399642944 698.8919921011878 114.20094309328806
v -36.53034567832947 564.1337608192061 131.03163588177853
v -36.53034567832947 564.1337608192061 131.03163588177853
v -2.8714269399642944 698.8919921011878 114.20094309328806
v -19.445785880088806 695.9274983393929 131.6987453569663
v -19.445785880088806 695.9274983393929 131.6987453569663
v -38.073259592056274 694.9983825133266 140.148824472572
v -36.53034567832947 564.1337608192061 131.03163588177853
v -79.56092953681946 563.9155110425096 122.38088003507265
v -110.109543800354 564.0782519780552 100.3667985304396
v -115.02413749694824 432.54410438710323 98.35123525281216
v -79.56092953681946 563.9155110425096 122.38088003507265
v -78.94654273986816 696.3644231466526 125.06483176878383
v -110.109543800354 564.0782519780552 100.3667985304396
v -78.94654273986816 696.3644231466526 125.06483176878383
v -105.92538118362427 696.9683801983547 95.03256052361206
v -110.109543800354 564.0782519780552 100.3667985304396
v -118.11442375183105 563.7875646277868 54.83158582259473
v -145.67632675170898 563.9768156586771 20.23069610899159
v -131.2424898147583 431.4039738614256 19.29181789276651
v -118.11442375183105 563.7875646277868 54.83158582259473
v -112.74346113204956 696.6080753981914 54.2555091334906
v -145.67632675170898 563.9768156586771 20.23069610899159
v -112.74346113204956 696.6080753981914 54.2555091334906
v -144.8396921157837 697.4360968625781 15.826789656833359
v -145.67632675170898 563.9768156586771 20.23069610899159
v -128.030264377594 497.71484452363273 -53.78762843797124
v -138.24666738510132 423.88457133360197 -68.65877858562536
v -132.29684829711914 563.4182894822648 -21.587255002406074
v -132.29684829711914 563.4182894822648 -21.587255002406074
v -119.9182391166687 570.3643232201223 -55.11259788325034
v -128.030264377594 497.71484452363273 -53.78762843797124
v -132.29684829711914 563.4182894822648 -21.587255002406074
v -129.48602437973022 696.9581576022855 -17.174703182838574
v -119.9182391166687 570.3643232201223 -55.11259788325034
v -129.48602437973022 696.9581576022855 -17.174703182838574
v -110.98823547363281 696.4272891394256 -51.88258907695566
v -119.9182391166687 570.3643232201223 -55.11259788325034
v -73.2866883277893 503.4916667855409 -128.83032418618865
v -105.83044290542603 607.6718599206822 -127.67790919442224
v -76.55457258224487 568.740823052557 -133.03414312427327
v -105.83044290542603 607.6718599206822 -127.67790919442224
v -113.29606771469116 697.5200965991585 -100.61450639786527
v -76.55457258224487 568.740823052557 -133.03414312427327
v -113.29606771469116 697.5200965991585 -100.61450639786527
v -71.98248505592346 696.6224968275474 -109.8521890709943
v -76.55457258224487 568.740823052557 -133.03414312427327
v -32.93745815753937 563.3811286046828 -115.27062296395863
v -0.0675413350109011 562.8021016241438 -137.48592962850407
v 1.0448865592479706 431.90271999706977 -137.42147568128564
v -32.93745815753937 563.3811286046828 -115.27062296395863
v -31.801986694335938 695.8958911923878 -117.05501688306575
v -0.0675413350109011 562.8021016241438 -137.48592962850407
v -31.801986694335938 695.8958911923878 -117.05501688306575
v -1.5748592093586922 695.6566577332238 -143.18364271384098
v -0.0675413350109011 562.8021016241438 -137.48592962850407
v -48.86966645717621 14.943134620695028 -165.63946252137035
v -6.6121906042099 15.336543560840559 -181.4569617462316
v -15.0294691324234 -151.61959782083457 -198.46421394168095
v -48.86966645717621 14.943134620695028 -165.63946252137035
v -42.793822288513184 171.50571392492574 -143.50396804726762
v -6.6121906042099 15.336543560840559 -181.4569617462316
v -42.793822288513184 171.50571392492574 -143.50396804726762
v -0.8556504733860493 172.36594851261353 -164.91051144227015
v -6.6121906042099 15.336543560840559 -181.4569617462316
v -114.24354314804077 10.739378695171991 -109.36203177896519
v -82.48944878578186 10.922395326956392 -133.3021896991025
v -91.06029868125916 -150.17197209129804 -151.0676735357438
v -114.24354314804077 10.739378695171991 -109.36203177896519
v -109.4021201133728 170.2402789638426 -98.01996143622476
v -82.48944878578186 10.922395326956392 -133.3021896991025
v -109.4021201133728 170.2402789638426 -98.01996143622476
v -76.91848874092102 169.93065329994195 -118.74262478833798
v -82.48944878578186 10.922395326956392 -133.3021896991025
v -139.6894335746765 11.074885708965295 -22.970074729419
v -156.60337209701538 12.411305759393766 -70.40160500553404
v -154.03971672058105 -164.348994413763 -65.36378567074524
v -139.6894335746765 11.074885708965295 -22.970074729419
v -147.32069969177246 169.28791559341028 -27.036229534390554
v -156.60337209701538 12.411305759393766 -70.40160500553404
v -147.32069969177246 169.28791559341028 -27.036229534390554
v -144.19424533843994 169.81737679306687 -69.14189244337467
v -156.60337209701538 12.411305759393766 -70.40160500553404
v -147.67687320709229 15.449329134572743 66.56500445434492
v -158.35829973220825 16.04085059819403 23.89357275692577
v -161.05518341064453 -143.38055392602305 28.018125409485236
v -147.67687320709229 15.449329134572743 66.56500445434492
v -138.81207704544067 168.23485890013535 60.91306448902773
v -158.35829973220825 16.04085059819403 23.89357275692577
v -138.81207704544067 168.23485890013535 60.91306448902773
v -150.08546113967896 168.67758342256178 18.81873839761109
v -158.35829973220825 16.04085059819403 23.89357275692577
v -92.46969223022461 17.896790348634298 143.55460113774197
v -112.84430027008057 19.267542128415133 97.34464569896343
v -102.22526788711548 -129.75886792747005 89.58417503101387
v -92.46969223022461 17.896790348634298 143.55460113774197
v -92.67483353614807 167.41789461411778 139.09872426911707
v -112.84430027008057 19.267542128415133 97.34464569896343
v -92.67483353614807 167.41789461411778 139.09872426911707
v -124.10999536514282 167.9371646836444 104.75221520471942
v -112.84430027008057 19.267542128415133 97.34464569896343
v 2.5919361039996147 18.66837535072331 179.49665480689615
v -43.150901794433594 18.957941355356986 174.52327896244805
v -41.41739010810852 -144.48576916237596 161.64627044981705
v 2.5919361039996147 18.66837535072331 179.49665480689615
v -3.142312914133072 166.02438847964513 156.14174283721272
v -43.150901794433594 18.957941355356986 174.52327896244805
v -3.142312914133072 166.02438847964513 156.14174283721272
v -41.3424015045166 166.36059312898792 148.10115964874038
v -43.150901794433594 18.957941355356986 174.52327896244805
v 95.78573107719421 6.695859444347066 143.67083201991724
v 44.67547833919525 4.856393388875937 132.02313105617642
v 51.673537492752075 -156.89941752688614 139.7100704230014
v 95.78573107719421 6.695859444347066 143.67083201991724
v 97.27040529251099 168.6032892888417 147.33149642630315
v 44.67547833919525 4.856393388875937 132.02313105617642
v 97.27040529251099 168.6032892888417 147.33149642630315
v 38.14053237438202 165.81214365409994 127.86768357613711
v 44.67547833919525 4.856393388875937 132.02313105617642
v 162.7509355545044 15.462159909949216 71.93932877400142
v 134.1142773628235 13.714044705264286 106.18958249775558
v 149.3450164794922 -145.37674617717073 120.00212653674754
v 162.7509355545044 15.462159909949216 71.93932877400142
v 160.57991981506348 170.34374317513087 63.47423996865858
v 134.1142773628235 13.714044705264286 106.18958249775558
v 160.57991981506348 170.34374317513087 63.47423996865858
v 134.0680480003357 168.4556308443413 111.61802646821207
v 134.1142773628235 13.714044705264286 106.18958249775558
v 163.80071640014648 7.028909944204537 -26.385713768751327
v 176.59820318222046 6.390497724960977 17.626385839730634
v 183.1912636756897 -157.82958027394713 14.83695992257261
v 163.80071640014648 7.028909944204537 -26.385713768751327
v 163.7452483177185 171.4722345032776 -30.634836476717624
v 176.59820318222046 6.390497724960977 17.626385839730634
v 163.7452483177185 171.4722345032776 -30.634836476717624
v 172.21871614456177 170.52609060061323 20.356672042106887
v 176.59820318222046 6.390497724960977 17.626385839730634
v 125.59597492218018 15.453722156479564 -106.23454107287758
v 150.7191777229309 14.924051135681532 -71.52440791086865
v 168.79408359527588 -140.57197633712352 -77.03161333601724
v 125.59597492218018 15.453722156479564 -106.23454107287758
v 108.56729745864868 170.65100224557182 -100.50269761382738
v 150.7191777229309 14.924051135681532 -71.52440791086865
v 108.56729745864868 170.65100224557182 -100.50269761382738
v 139.24731016159058 170.86947023869095 -69.51161426585973
v 150.7191777229309 14.924051135681532 -71.52440791086865
v 42.12937355041504 8.090662041593555 -156.52746093956765
v 77.41113305091858 6.655243531903078 -134.16940082259035
v 79.47567105293274 -159.27725995801796 -144.21973017684627
v 42.12937355041504 8.090662041593555 -156.52746093956765
v 39.436957240104675 171.86238657474263 -152.98415838247666
v 77.41113305091858 6.655243531903078 -134.16940082259035
v 39.436957240104675 171.86238657474263 -152.98415838247666
v 80.99276423454285 170.73841343958944 -131.05750481419557
v 77.41113305091858 6.655243531903078 -134.16940082259035
v 39.95274603366852 302.0230550473722 -134.81247577288082
v 77.20779776573181 302.0871437208408 -124.01331816384571
v 80.99276423454285 170.73841343958944 -131.05750481419557
v 39.95274603366852 302.0230550473722 -134.81247577288082
v 35.40971279144287 431.93676810049766 -125.5731809518778
v 77.20779776573181 302.0871437208408 -124.01331816384571
v 35.40971279144287 431.93676810049766 -125.5731809518778
v 68.09504628181458 431.42579213688833 -108.7851273560558
v 77.20779776573181 302.0871437208408 -124.01331816384571
v 105.5425763130188 301.9013258931386 -89.56189305804068
v 141.3403868675232 303.6876799167915 -72.25448668517981
v 139.24731016159058 170.86947023869095 -69.51161426585973
v 105.5425763130188 301.9013258931386 -89.56189305804068
v 100.3515362739563 432.7286576069259 -88.51342694766801
v 141.3403868675232 303.6876799167915 -72.25448668517981
v 100.3515362739563 432.7286576069259 -88.51342694766801
v 134.8945140838623 433.7106118154 -67.34615477831792
v 141.3403868675232 303.6876799167915 -72.25448668517981
v 152.90439128875732 303.11536470657813 -19.536072225691868
v 156.86160326004028 302.85346837073286 20.19674612246939
v 172.21871614456177 170.52609060061323 20.356672042106887
v 152.90439128875732 303.11536470657813 -19.536072225691868
v 142.29655265808105 433.9616259602535 -23.982872734747723
v 156.86160326004028 302.85346837073286 20.19674612246939
v 142.29655265808105 433.9616259602535 -23.982872734747723
v 142.5922989845276 433.7526354328035 20.204215610020277
v 156.86160326004028 302.85346837073286 20.19674612246939
v 133.42958688735962 301.1510228605579 58.22603564543894
v 128.50849628448486 301.654451639705 107.01894613928731
v 134.0680480003357 168.4556308443413 111.61802646821207
v 133.42958688735962 301.1510228605579 58.22603564543894
v 117.01339483261108 432.87864590825393 52.75208454065402
v 128.50849628448486 301.654451639705 107.01894613928731
v 117.01339483261108 432.87864590825393 52.75208454065402
v 114.32312726974487 433.0241844254238 100.72933533138128
v 128.50849628448486 301.654451639705 107.01894613928731
v 84.20164585113525 300.60372127845375 132.54490961690038
v 38.83574604988098 299.2207743038068 132.50459326048497
v 38.14053237438202 165.81214365409994 127.86768357613711
v 84.20164585113525 300.60372127845375 132.54490961690038
v 84.32455658912659 433.40680344888466 130.72993846805025
v 38.83574604988098 299.2207743038068 132.50459326048497
v 84.32455658912659 433.40680344888466 130.72993846805025
v 37.73418068885803 432.8966848971751 142.0246134245113
v 38.83574604988098 299.2207743038068 132.50459326048497
v -48.75118136405945 265.43233632611094 160.94787564749222
v -39.718201756477356 238.34109250825225 142.93306759173345
v -4.138440266251564 299.7796094873197 168.57095841144402
v -4.138440266251564 299.7796094873197 168.57095841144402
v -36.36798560619354 301.64888341141835 173.10303303518438
v -48.75118136405945 265.43233632611094 160.94787564749222
v -4.138440266251564 299.7796094873197 168.57095841144402
v -1.0503468103706837 432.8226313314037 137.38982778441544
v -33.43801200389862 348.96023324609934 149.47932041690848
v -36.23882830142975 372.9915590940871 129.181216983886
v -33.43801200389862 348.96023324609934 149.47932041690848
v -1.0503468103706837 432.8226313314037 137.38982778441544
v -1.0503468103706837 432.8226313314037 137.38982778441544
v -34.76868271827698 432.4735844359982 124.52712165689505
v -36.23882830142975 372.9915590940871 129.181216983886
v -88.87730836868286 300.2094735796051 140.30054685001585
v -117.15468168258667 303.2928713555182 151.45914381699657
v -103.89918088912964 285.22861172471573 156.68859603219386
v -88.87730836868286 300.2094735796051 140.30054685001585
v -92.25584268569946 334.9328287253167 151.10203531441488
v -117.15468168258667 303.2928713555182 151.45914381699657
v -70.83929181098938 432.3740659285423 108.61423123884332
v -115.02413749694824 432.54410438710323 98.35123525281216
v -132.61700868606567 300.5287615168726 126.65055862355858
v -140.01635313034058 300.8968698766171 65.72282180439952
v -138.25321197509766 300.03054486961696 21.173678631179623
v -150.08546113967896 168.67758342256178 18.81873839761109
v -140.01635313034058 300.8968698766171 65.72282180439952
v -123.23391437530518 432.2461225567515 59.74232068763529
v -138.25321197509766 300.03054486961696 21.173678631179623
v -123.23391437530518 432.2461225567515 59.74232068763529
v -131.2424898147583 431.4039738614256 19.29181789276651
v -138.25321197509766 300.03054486961696 21.173678631179623
v -136.9712233543396 300.6444654812703 -23.20087979842354
v -131.74151182174683 300.53635992624623 -63.534982292217386
v -144.19424533843994 169.81737679306687 -69.14189244337467
v -136.9712233543396 300.6444654812703 -23.20087979842354
v -134.54041481018066 431.4337218129784 -21.753426150185597
v -131.74151182174683 300.53635992624623 -63.534982292217386
v -134.54041481018066 431.4337218129784 -21.753426150185597
v -138.24666738510132 423.88457133360197 -68.65877858562536
v -131.74151182174683 300.53635992624623 -63.534982292217386
v -103.36867570877075 301.2485109412377 -95.94820877428504
v -74.07118082046509 301.09374974194617 -118.65617173887865
v -76.91848874092102 169.93065329994195 -118.74262478833798
v -103.36867570877075 301.2485109412377 -95.94820877428504
v -118.82460117340088 417.6742370698613 -112.33219752622662
v -74.07118082046509 301.09374974194617 -118.65617173887865
v -73.3183205127716 430.0655165094272 -122.69530150425095
v -74.07118082046509 301.09374974194617 -118.65617173887865
v -118.82460117340088 417.6742370698613 -112.33219752622662
v -118.82460117340088 417.6742370698613 -112.33219752622662
v -93.86547207832336 427.21727410483896 -114.6620015941073
v -73.3183205127716 430.0655165094272 -122.69530150425095
v -37.10560202598572 301.8077866934834 -136.15557104039095
v 0.2282379660755396 302.63748080455844 -151.77174968813873
v -0.8556504733860493 172.36594851261353 -164.91051144227015
v -37.10560202598572 301.8077866934834 -136.15557104039095
v -36.24463081359863 431.59206281737465 -123.74074338045938
v 0.2282379660755396 302.63748080455844 -151.77174968813873
v -36.24463081359863 431.59206281737465 -123.74074338045938
v 1.0448865592479706 431.90271999706977 -137.42147568128564
v 0.2282379660755396 302.63748080455844 -151.77174968813873
v -29.7540545463562 828.1943113906938 -127.25284479555181
v -0.6458082236349583 830.507637659865 -136.58336818650923
v -1.5748592093586922 695.6566577332238 -143.18364271384098
v -29.7540545463562 828.1943113906938 -127.25284479555181
v -28.283855319023132 968.4766607317374 -99.49131889289403
v -0.6458082236349583 830.507637659865 -136.58336818650923
v -28.283855319023132 968.4766607317374 -99.49131889289403
v 2.25814301520586 974.048119201161 -113.32905664561649
v -0.6458082236349583 830.507637659865 -136.58336818650923
v -98.23639988899231 829.0932506646001 -91.2644008521176
v -69.73416805267334 828.8112470640582 -104.18590697263168
v -71.98248505592346 696.6224968275474 -109.8521890709943
v -76.34007334709167 935.2512207158977 -93.57945659005796
v -83.71075987815857 933.1513264606999 -86.078277268068
v -81.92880153656006 974.1657139232316 -72.3345197880961
v -81.92880153656006 974.1657139232316 -72.3345197880961
v -61.135321855545044 973.3022538591977 -92.8227699030056
v -68.74522566795349 936.7544963564462 -100.84926846522177
v -68.74522566795349 936.7544963564462 -100.84926846522177
v -76.34007334709167 935.2512207158977 -93.57945659005796
v -81.92880153656006 974.1657139232316 -72.3345197880961
v -101.25114917755127 879.722866015014 -93.92384318085288
v -96.24711275100708 833.3392936303096 -98.58836995437785
v -98.23639988899231 829.0932506646001 -91.2644008521176
v -98.23639988899231 829.0932506646001 -91.2644008521176
v -81.92880153656006 974.1657139232316 -72.3345197880961
v -83.71075987815857 933.1513264606999 -86.078277268068
v -83.71075987815857 933.1513264606999 -86.078277268068
v -101.25114917755127 879.722866015014 -93.92384318085288
v -98.23639988899231 829.0932506646001 -91.2644008521176
v -113.07039260864258 829.3053599113111 -17.12560902752368
v -103.44784259796143 828.8435855663429 -49.29441902185251
v -110.98823547363281 696.4272891394256 -51.88258907695566
v -113.07039260864258 829.3053599113111 -17.12560902752368
v -103.16729545593262 969.3308807643356 -13.882830710758695
v -103.44784259796143 828.8435855663429 -49.29441902185251
v -103.16729545593262 969.3308807643356 -13.882830710758695
v -96.19224071502686 967.0308994088955 -44.6128960394366
v -103.44784259796143 828.8435855663429 -49.29441902185251
v -105.82362413406372 829.2192527201462 41.796355453077545
v -137.2768759727478 830.7240512863672 16.399725039953285
v -144.8396921157837 697.4360968625781 15.826789656833359
v -105.82362413406372 829.2192527201462 41.796355453077545
v -90.2034044265747 963.7975758661381 40.456638669888314
v -137.2768759727478 830.7240512863672 16.399725039953285
v -90.2034044265747 963.7975758661381 40.456638669888314
v -106.80441856384277 968.6198259490877 15.303547824486486
v -137.2768759727478 830.7240512863672 16.399725039953285
v -76.90006494522095 831.3217350892759 115.2749376119521
v -94.93590593338013 829.9250743114156 86.17192098616412
v -105.92538118362427 696.9683801983547 95.03256052361206
v -76.90006494522095 831.3217350892759 115.2749376119521
v -51.8741250038147 960.8499658483189 80.7175143751826
v -94.93590593338013 829.9250743114156 86.17192098616412
v -51.8741250038147 960.8499658483189 80.7175143751826
v -75.57514309883118 960.8501541016565 65.48601827949439
v -94.93590593338013 829.9250743114156 86.17192098616412
v -41.73310995101929 864.8220396447057 205.125024088265
v -36.89536154270172 929.6308009653834 273.674265085975
v -33.66425037384033 969.1009972968897 277.11914486304437
v -44.86272931098938 841.6755897542141 135.81609126338267
v -22.20562994480133 831.8410130978598 129.65801514881113
v -3.561021387577057 830.7812894049121 124.79333455440263
v -3.561021387577057 830.7812894049121 124.79333455440263
v 0.011306753003736958 960.9563030305784 96.03773196726381
v -44.86272931098938 841.6755897542141 135.81609126338267
v 0.011306753003736958 960.9563030305784 96.03773196726381
v -28.173276782035828 960.849968329865 95.94913564059378
v -44.86272931098938 841.6755897542141 135.81609126338267
v 34.543293714523315 763.4139257897749 120.87079962005765
v 37.33046054840088 697.2190584606969 125.52761401251117
v 66.56503677368164 829.5263460560255 104.44031552134028
v 66.56503677368164 829.5263460560255 104.44031552134028
v 32.70634114742279 829.5865249817001 117.18461110861247
v 34.543293714523315 763.4139257897749 120.87079962005765
v 66.56503677368164 829.5263460560255 104.44031552134028
v 52.69160866737366 962.5542774690466 82.2512548564109
v 32.70634114742279 829.5865249817001 117.18461110861247
v 52.69160866737366 962.5542774690466 82.2512548564109
v 28.717342019081116 962.1752897240957 97.15660035806692
v 32.70634114742279 829.5865249817001 117.18461110861247
v 100.71691274642944 828.7607273674818 49.52197877778854
v 97.81506061553955 829.3635507468485 85.39198834029744
v 97.13983535766602 697.0430032271702 82.83985821805827
v 100.71691274642944 828.7607273674818 49.52197877778854
v 88.22420835494995 961.9483059821824 40.35221759399061
v 97.81506061553955 829.3635507468485 85.39198834029744
v 88.22420835494995 961.9483059821824 40.35221759399061
v 75.95537304878235 961.3162147786255 65.72258307821251
v 97.81506061553955 829.3635507468485 85.39198834029744
v 117.05143451690674 829.4396371790642 -17.592074999412436
v 103.80963087081909 828.3515955045455 15.264829148094032
v 135.93546152114868 697.6690327653929 21.66418540612244
v 117.05143451690674 829.4396371790642 -17.592074999412436
v 97.77771830558777 963.9868712118613 -14.82230782024591
v 103.80963087081909 828.3515955045455 15.264829148094032
v 97.77771830558777 963.9868712118613 -14.82230782024591
v 99.14644956588745 961.0405945254115 14.312457927136006
v 103.80963087081909 828.3515955045455 15.264829148094032
v 84.06708836555481 828.6950953645089 -68.38818580617047
v 121.46139144897461 829.8094665087646 -51.7817299463883
v 120.42897939682007 697.1943291826592 -53.16819582461829
v 84.06708836555481 828.6950953645089 -68.38818580617047
v 76.15038752555847 965.2427567585182 -64.91182675072834
v 121.46139144897461 829.8094665087646 -51.7817299463883
v 76.15038752555847 965.2427567585182 -64.91182675072834
v 96.9279408454895 967.6013874492525 -44.21833126536124
v 121.46139144897461 829.8094665087646 -51.7817299463883
v 43.48874390125275 830.7047642787655 -123.46226397820757
v 71.07691168785095 830.558854088003 -111.31127299145345
v 86.09501719474792 697.2860123016537 -130.91478979173533
v 43.48874390125275 830.7047642787655 -123.46226397820757
v 30.866864323616028 971.880991457745 -102.44531968213384
v 71.07691168785095 830.558854088003 -111.31127299145345
v 30.866864323616028 971.880991457745 -102.44531968213384
v 54.961591958999634 962.3475889494514 -85.28567137944873
v 71.07691168785095 830.558854088003 -111.31127299145345
v -0.0675413350109011 562.8021016241438 -137.48592962850407
v 35.40971279144287 431.93676810049766 -125.5731809518778
v 1.0448865592479706 431.90271999706977 -137.42147568128564
v -0.0675413350109011 562.8021016241438 -137.48592962850407
v 32.50533044338226 562.9593173447944 -122.08217017459485
v 35.40971279144287 431.93676810049766 -125.5731809518778
v 32.50533044338226 562.9593173447944 -122.08217017459485
v 68.09504628181458 431.42579213688833 -108.7851273560558
v 35.40971279144287 431.93676810049766 -125.5731809518778
v 75.92843770980835 562.7960010158246 -119.64101423749527
v 100.3515362739563 432.7286576069259 -88.51342694766801
v 68.09504628181458 431.42579213688833 -108.7851273560558
v 75.92843770980835 562.7960010158246 -119.64101423749527
v 103.91448736190796 563.179858807062 -95.83259459559606
v 100.3515362739563 432.7286576069259 -88.51342694766801
v 103.91448736190796 563.179858807062 -95.83259459559606
v 134.8945140838623 433.7106118154 -67.34615477831792
v 100.3515362739563 432.7286576069259 -88.51342694766801
v 127.44871377944946 563.7432481640367 -57.442393357198405
v 142.29655265808105 433.9616259602535 -23.982872734747723
v 134.8945140838623 433.7106118154 -67.34615477831792
v 149.2614984512329 564.7276850681206 -16.987286126702415
v 142.29655265808105 433.9616259602535 -23.982872734747723
v 127.44871377944946 563.7432481640367 -57.442393357198405
v 127.44871377944946 563.7432481640367 -57.442393357198405
v 138.35511207580566 564.2354904579367 -37.21483899689623
v 149.2614984512329 564.7276850681206 -16.987286126702415
v 149.2614984512329 564.7276850681206 -16.987286126702415
v 142.5922989845276 433.7526354328035 20.204215610020277
v 142.29655265808105 433.9616259602535 -23.982872734747723
v 144.78750228881836 564.7594484806216 20.195007700425254
v 117.01339483261108 432.87864590825393 52.75208454065402
v 142.5922989845276 433.7526354328035 20.204215610020277
v 144.78750228881836 564.7594484806216 20.195007700425254
v 110.66257953643799 564.1612139291017 53.01565277259902
v 117.01339483261108 432.87864590825393 52.75208454065402
v 110.66257953643799 564.1612139291017 53.01565277259902
v 114.32312726974487 433.0241844254238 100.72933533138128
v 117.01339483261108 432.87864590825393 52.75208454065402
v 103.99384498596191 564.8497727767295 89.78926873593478
v 84.32455658912659 433.40680344888466 130.72993846805025
v 114.32312726974487 433.0241844254238 100.72933533138128
v 103.99384498596191 564.8497727767295 89.78926873593478
v 80.25779724121094 566.4931501730973 125.47741243677724
v 84.32455658912659 433.40680344888466 130.72993846805025
v 80.25779724121094 566.4931501730973 125.47741243677724
v 37.73418068885803 432.8966848971751 142.0246134245113
v 84.32455658912659 433.40680344888466 130.72993846805025
v 40.29473662376404 565.7191018531487 134.30970035127694
v -1.0503468103706837 432.8226313314037 137.38982778441544
v 37.73418068885803 432.8966848971751 142.0246134245113
v 40.29473662376404 565.7191018531487 134.30970035127694
v -1.472716499119997 564.5846084927198 119.61769204077838
v -1.0503468103706837 432.8226313314037 137.38982778441544
v -1.472716499119997 564.5846084927198 119.61769204077838
v -34.76868271827698 432.4735844359982 124.52712165689505
v -1.0503468103706837 432.8226313314037 137.38982778441544
v -36.53034567832947 564.1337608192061 131.03163588177853
v -70.83929181098938 432.3740659285423 108.61423123884332
v -34.76868271827698 432.4735844359982 124.52712165689505
v -36.53034567832947 564.1337608192061 131.03163588177853
v -79.56092953681946 563.9155110425096 122.38088003507265
v -70.83929181098938 432.3740659285423 108.61423123884332
v -79.56092953681946 563.9155110425096 122.38088003507265
v -115.02413749694824 432.54410438710323 98.35123525281216
v -70.83929181098938 432.3740659285423 108.61423123884332
v -110.109543800354 564.0782519780552 100.3667985304396
v -123.23391437530518 432.2461225567515 59.74232068763529
v -115.02413749694824 432.54410438710323 98.35123525281216
v -110.109543800354 564.0782519780552 100.3667985304396
v -118.11442375183105 563.7875646277868 54.83158582259473
v -123.23391437530518 432.2461225567515 59.74232068763529
v -118.11442375183105 563.7875646277868 54.83158582259473
v -131.2424898147583 431.4039738614256 19.29181789276651
v -123.23391437530518 432.2461225567515 59.74232068763529
v -145.67632675170898 563.9768156586771 20.23069610899159
v -134.54041481018066 431.4337218129784 -21.753426150185597
v -131.2424898147583 431.4039738614256 19.29181789276651
v -145.67632675170898 563.9768156586771 20.23069610899159
v -132.29684829711914 563.4182894822648 -21.587255002406074
v -134.54041481018066 431.4337218129784 -21.753426150185597
v -132.29684829711914 563.4182894822648 -21.587255002406074
v -138.24666738510132 423.88457133360197 -68.65877858562536
v -134.54041481018066 431.4337218129784 -21.753426150185597
v -182.34620094299316 493.1240308250552 -153.67833065290944
v -216.70918464660645 581.4328805476932 -209.83340676204975
v -161.93013191223145 499.05559635169544 -169.75432420351285
v -167.50832796096802 639.8268083952858 -85.22924476111541
v -252.73668766021729 647.6895131526607 -123.25624050889472
v -189.44439888000488 570.513854402657 -85.49718614918962
v -148.52443933486938 635.6541894609265 -132.47792348080048
v -222.52075672149658 691.8062435579265 -154.27200144245555
v -159.69585180282593 633.2208927246977 -112.33264987574768
v -76.55457258224487 568.740823052557 -133.03414312427327
v -36.24463081359863 431.59206281737465 -123.74074338045938
v -73.3183205127716 430.0655165094272 -122.69530150425095
v -76.55457258224487 568.740823052557 -133.03414312427327
v -32.93745815753937 563.3811286046828 -115.27062296395863
v -36.24463081359863 431.59206281737465 -123.74074338045938
v -32.93745815753937 563.3811286046828 -115.27062296395863
v 1.0448865592479706 431.90271999706977 -137.42147568128564
v -36.24463081359863 431.59206281737465 -123.74074338045938
v -82.48944878578186 10.922395326956392 -133.3021896991025
v -56.41582012176514 -152.159338384415 -177.98358107176333
v -91.06029868125916 -150.17197209129804 -151.0676735357438
v -82.48944878578186 10.922395326956392 -133.3021896991025
v -48.86966645717621 14.943134620695028 -165.63946252137035
v -56.41582012176514 -152.159338384415 -177.98358107176333
v -48.86966645717621 14.943134620695028 -165.63946252137035
v -15.0294691324234 -151.61959782083457 -198.46421394168095
v -56.41582012176514 -152.159338384415 -177.98358107176333
v -156.60337209701538 12.411305759393766 -70.40160500553404
v -117.01754331588745 -152.38512099851079 -106.16186758740695
v -154.03971672058105 -164.348994413763 -65.36378567074524
v -156.60337209701538 12.411305759393766 -70.40160500553404
v -114.24354314804077 10.739378695171991 -109.36203177896519
v -117.01754331588745 -152.38512099851079 -106.16186758740695
v -114.24354314804077 10.739378695171991 -109.36203177896519
v -91.06029868125916 -150.17197209129804 -151.0676735357438
v -117.01754331588745 -152.38512099851079 -106.16186758740695
v -158.35829973220825 16.04085059819403 23.89357275692577
v -146.30050659179688 -142.36525578298986 -17.255874625751883
v -161.05518341064453 -143.38055392602305 28.018125409485236
v -158.35829973220825 16.04085059819403 23.89357275692577
v -139.6894335746765 11.074885708965295 -22.970074729419
v -146.30050659179688 -142.36525578298986 -17.255874625751883
v -139.6894335746765 11.074885708965295 -22.970074729419
v -154.03971672058105 -164.348994413763 -65.36378567074524
v -146.30050659179688 -142.36525578298986 -17.255874625751883
v -112.84430027008057 19.267542128415133 97.34464569896343
v -138.2822871208191 -143.4391157568314 62.962418321973104
v -102.22526788711548 -129.75886792747005 89.58417503101387
v -112.84430027008057 19.267542128415133 97.34464569896343
v -147.67687320709229 15.449329134572743 66.56500445434492
v -138.2822871208191 -143.4391157568314 62.962418321973104
v -147.67687320709229 15.449329134572743 66.56500445434492
v -161.05518341064453 -143.38055392602305 28.018125409485236
v -138.2822871208191 -143.4391157568314 62.962418321973104
v -43.150901794433594 18.957941355356986 174.52327896244805
v -75.37485361099243 -143.68155194015503 134.5909233530033
v -41.41739010810852 -144.48576916237596 161.64627044981705
v -43.150901794433594 18.957941355356986 174.52327896244805
v -92.46969223022461 17.896790348634298 143.55460113774197
v -75.37485361099243 -143.68155194015503 134.5909233530033
v -92.46969223022461 17.896790348634298 143.55460113774197
v -102.22526788711548 -129.75886792747005 89.58417503101387
v -75.37485361099243 -143.68155194015503 134.5909233530033
v 44.67547833919525 4.856393388875937 132.02313105617642
v 9.307698160409927 -148.54865056372608 147.43193423964345
v 51.673537492752075 -156.89941752688614 139.7100704230014
v 44.67547833919525 4.856393388875937 132.02313105617642
v 2.5919361039996147 18.66837535072331 179.49665480689615
v 9.307698160409927 -148.54865056372608 147.43193423964345
v 2.5919361039996147 18.66837535072331 179.49665480689615
v -41.41739010810852 -144.48576916237596 161.64627044981705
v 9.307698160409927 -148.54865056372608 147.43193423964345
v 134.1142773628235 13.714044705264286 106.18958249775558
v 100.6308913230896 -150.93051466994737 129.65425327699012
v 149.3450164794922 -145.37674617717073 120.00212653674754
v 134.1142773628235 13.714044705264286 106.18958249775558
v 95.78573107719421 6.695859444347066 143.67083201991724
v 100.6308913230896 -150.93051466994737 129.65425327699012
v 95.78573107719421 6.695859444347066 143.67083201991724
v 51.673537492752075 -156.89941752688614 139.7100704230014
v 100.6308913230896 -150.93051466994737 129.65425327699012
v 176.59820318222046 6.390497724960977 17.626385839730634
v 172.09419012069702 -155.8882247761359 66.24614155876284
v 183.1912636756897 -157.82958027394713 14.83695992257261
v 176.59820318222046 6.390497724960977 17.626385839730634
v 162.7509355545044 15.462159909949216 71.93932877400142
v 172.09419012069702 -155.8882247761359 66.24614155876284
v 162.7509355545044 15.462159909949216 71.93932877400142
v 149.3450164794922 -145.37674617717073 120.00212653674754
v 172.09419012069702 -155.8882247761359 66.24614155876284
v 150.7191777229309 14.924051135681532 -71.52440791086865
v 175.65104961395264 -148.81293087757433 -31.07027371176325
v 168.79408359527588 -140.57197633712352 -77.03161333601724
v 150.7191777229309 14.924051135681532 -71.52440791086865
v 163.80071640014648 7.028909944204537 -26.385713768751327
v 175.65104961395264 -148.81293087757433 -31.07027371176325
v 163.80071640014648 7.028909944204537 -26.385713768751327
v 183.1912636756897 -157.82958027394713 14.83695992257261
v 175.65104961395264 -148.81293087757433 -31.07027371176325
v 77.41113305091858 6.655243531903078 -134.16940082259035
v 130.33870458602905 -157.62240413749186 -117.31147582304307
v 79.47567105293274 -159.27725995801796 -144.21973017684627
v 77.41113305091858 6.655243531903078 -134.16940082259035
v 125.59597492218018 15.453722156479564 -106.23454107287758
v 130.33870458602905 -157.62240413749186 -117.31147582304307
v 125.59597492218018 15.453722156479564 -106.23454107287758
v 168.79408359527588 -140.57197633712352 -77.03161333601724
v 130.33870458602905 -157.62240413749186 -117.31147582304307
v -6.6121906042099 15.336543560840559 -181.4569617462316
v 34.213587641716 -154.31635813275778 -172.94735778561727
v -15.0294691324234 -151.61959782083457 -198.46421394168095
v -6.6121906042099 15.336543560840559 -181.4569617462316
v 42.12937355041504 8.090662041593555 -156.52746093956765
v 34.213587641716 -154.31635813275778 -172.94735778561727
v 42.12937355041504 8.090662041593555 -156.52746093956765
v 79.47567105293274 -159.27725995801796 -144.21973017684627
v 34.213587641716 -154.31635813275778 -172.94735778561727
v 0.2282379660755396 302.63748080455844 -151.77174968813873
v 39.436957240104675 171.86238657474263 -152.98415838247666
v -0.8556504733860493 172.36594851261353 -164.91051144227015
v 0.2282379660755396 302.63748080455844 -151.77174968813873
v 39.95274603366852 302.0230550473722 -134.81247577288082
v 39.436957240104675 171.86238657474263 -152.98415838247666
v 39.95274603366852 302.0230550473722 -134.81247577288082
v 80.99276423454285 170.73841343958944 -131.05750481419557
v 39.436957240104675 171.86238657474263 -152.98415838247666
v 77.20779776573181 302.0871437208408 -124.01331816384571
v 108.56729745864868 170.65100224557182 -100.50269761382738
v 80.99276423454285 170.73841343958944 -131.05750481419557
v 77.20779776573181 302.0871437208408 -124.01331816384571
v 105.5425763130188 301.9013258931386 -89.56189305804068
v 108.56729745864868 170.65100224557182 -100.50269761382738
v 105.5425763130188 301.9013258931386 -89.56189305804068
v 139.24731016159058 170.86947023869095 -69.51161426585973
v 108.56729745864868 170.65100224557182 -100.50269761382738
v 141.3403868675232 303.6876799167915 -72.25448668517981
v 163.7452483177185 171.4722345032776 -30.634836476717624
v 139.24731016159058 170.86947023869095 -69.51161426585973
v 141.3403868675232 303.6876799167915 -72.25448668517981
v 152.90439128875732 303.11536470657813 -19.536072225691868
v 163.7452483177185 171.4722345032776 -30.634836476717624
v 152.90439128875732 303.11536470657813 -19.536072225691868
v 172.21871614456177 170.52609060061323 20.356672042106887
v 163.7452483177185 171.4722345032776 -30.634836476717624
v 156.86160326004028 302.85346837073286 20.19674612246939
v 160.57991981506348 170.34374317513087 63.47423996865858
v 172.21871614456177 170.52609060061323 20.356672042106887
v 156.86160326004028 302.85346837073286 20.19674612246939
v 133.42958688735962 301.1510228605579 58.22603564543894
v 160.57991981506348 170.34374317513087 63.47423996865858
v 133.42958688735962 301.1510228605579 58.22603564543894
v 134.0680480003357 168.4556308443413 111.61802646821207
v 160.57991981506348 170.34374317513087 63.47423996865858
v 128.50849628448486 301.654451639705 107.01894613928731
v 97.27040529251099 168.6032892888417 147.33149642630315
v 134.0680480003357 168.4556308443413 111.61802646821207
v 128.50849628448486 301.654451639705 107.01894613928731
v 84.20164585113525 300.60372127845375 132.54490961690038
v 97.27040529251099 168.6032892888417 147.33149642630315
v 84.20164585113525 300.60372127845375 132.54490961690038
v 38.14053237438202 165.81214365409994 127.86768357613711
v 97.27040529251099 168.6032892888417 147.33149642630315
v 38.83574604988098 299.2207743038068 132.50459326048497
v -3.142312914133072 166.02438847964513 156.14174283721272
v 38.14053237438202 165.81214365409994 127.86768357613711
v 38.83574604988098 299.2207743038068 132.50459326048497
v -4.138440266251564 299.7796094873197 168.57095841144402
v -3.142312914133072 166.02438847964513 156.14174283721272
v -4.138440266251564 299.7796094873197 168.57095841144402
v -41.3424015045166 166.36059312898792 148.10115964874038
v -3.142312914133072 166.02438847964513 156.14174283721272
v -55.64202070236206 303.2786614767424 150.6522399802003
v -62.31899857521057 267.3894906139278 161.03276426372042
v -48.75118136405945 265.43233632611094 160.94787564749222
v -97.20012545585632 270.2864425259637 156.63152105874528
v -62.31899857521057 267.3894906139278 161.03276426372042
v -55.64202070236206 303.2786614767424 150.6522399802003
v -55.64202070236206 303.2786614767424 150.6522399802003
v -88.87730836868286 300.2094735796051 140.30054685001585
v -97.20012545585632 270.2864425259637 156.63152105874528
v -88.87730836868286 300.2094735796051 140.30054685001585
v -103.89918088912964 285.22861172471573 156.68859603219386
v -97.20012545585632 270.2864425259637 156.63152105874528
v -132.61700868606567 300.5287615168726 126.65055862355858
v -138.81207704544067 168.23485890013535 60.91306448902773
v -124.10999536514282 167.9371646836444 104.75221520471942
v -132.61700868606567 300.5287615168726 126.65055862355858
v -140.01635313034058 300.8968698766171 65.72282180439952
v -138.81207704544067 168.23485890013535 60.91306448902773
v -140.01635313034058 300.8968698766171 65.72282180439952
v -150.08546113967896 168.67758342256178 18.81873839761109
v -138.81207704544067 168.23485890013535 60.91306448902773
v -138.25321197509766 300.03054486961696 21.173678631179623
v -147.32069969177246 169.28791559341028 -27.036229534390554
v -150.08546113967896 168.67758342256178 18.81873839761109
v -138.25321197509766 300.03054486961696 21.173678631179623
v -136.9712233543396 300.6444654812703 -23.20087979842354
v -147.32069969177246 169.28791559341028 -27.036229534390554
v -136.9712233543396 300.6444654812703 -23.20087979842354
v -144.19424533843994 169.81737679306687 -69.14189244337467
v -147.32069969177246 169.28791559341028 -27.036229534390554
v -131.74151182174683 300.53635992624623 -63.534982292217386
v -109.4021201133728 170.2402789638426 -98.01996143622476
v -144.19424533843994 169.81737679306687 -69.14189244337467
v -131.74151182174683 300.53635992624623 -63.534982292217386
v -103.36867570877075 301.2485109412377 -95.94820877428504
v -109.4021201133728 170.2402789638426 -98.01996143622476
v -103.36867570877075 301.2485109412377 -95.94820877428504
v -76.91848874092102 169.93065329994195 -118.74262478833798
v -109.4021201133728 170.2402789638426 -98.01996143622476
v -74.07118082046509 301.09374974194617 -118.65617173887865
v -42.793822288513184 171.50571392492574 -143.50396804726762
v -76.91848874092102 169.93065329994195 -118.74262478833798
v -74.07118082046509 301.09374974194617 -118.65617173887865
v -37.10560202598572 301.8077866934834 -136.15557104039095
v -42.793822288513184 171.50571392492574 -143.50396804726762
v -37.10560202598572 301.8077866934834 -136.15557104039095
v -0.8556504733860493 172.36594851261353 -164.91051144227015
v -42.793822288513184 171.50571392492574 -143.50396804726762
v -69.73416805267334 828.8112470640582 -104.18590697263168
v -31.801986694335938 695.8958911923878 -117.05501688306575
v -71.98248505592346 696.6224968275474 -109.8521890709943
v -69.73416805267334 828.8112470640582 -104.18590697263168
v -29.7540545463562 828.1943113906938 -127.25284479555181
v -31.801986694335938 695.8958911923878 -117.05501688306575
v -29.7540545463562 828.1943113906938 -127.25284479555181
v -1.5748592093586922 695.6566577332238 -143.18364271384098
v -31.801986694335938 695.8958911923878 -117.05501688306575
v -103.44784259796143 828.8435855663429 -49.29441902185251
v -113.29606771469116 697.5200965991585 -100.61450639786527
v -110.98823547363281 696.4272891394256 -51.88258907695566
v -103.44784259796143 828.8435855663429 -49.29441902185251
v -98.23639988899231 829.0932506646001 -91.2644008521176
v -113.29606771469116 697.5200965991585 -100.61450639786527
v -98.23639988899231 829.0932506646001 -91.2644008521176
v -71.98248505592346 696.6224968275474 -109.8521890709943
v -113.29606771469116 697.5200965991585 -100.61450639786527
v -137.2768759727478 830.7240512863672 16.399725039953285
v -129.48602437973022 696.9581576022855 -17.174703182838574
v -144.8396921157837 697.4360968625781 15.826789656833359
v -137.2768759727478 830.7240512863672 16.399725039953285
v -113.07039260864258 829.3053599113111 -17.12560902752368
v -129.48602437973022 696.9581576022855 -17.174703182838574
v -113.07039260864258 829.3053599113111 -17.12560902752368
v -110.98823547363281 696.4272891394256 -51.88258907695566
v -129.48602437973022 696.9581576022855 -17.174703182838574
v -94.93590593338013 829.9250743114156 86.17192098616412
v -112.74346113204956 696.6080753981914 54.2555091334906
v -105.92538118362427 696.9683801983547 95.03256052361206
v -94.93590593338013 829.9250743114156 86.17192098616412
v -105.82362413406372 829.2192527201462 41.796355453077545
v -112.74346113204956 696.6080753981914 54.2555091334906
v -105.82362413406372 829.2192527201462 41.796355453077545
v -144.8396921157837 697.4360968625781 15.826789656833359
v -112.74346113204956 696.6080753981914 54.2555091334906
v 33.53724181652069 805.2903521047103 212.18484633298445
v 24.110932648181915 912.589503649598 300.75191888621976
v 21.9852015376091 801.2799614208485 215.56986628872824
v -78.94654273986816 696.3644231466526 125.06483176878383
v -55.89599609375 763.0373688741865 129.39178433106488
v -44.86272931098938 841.6755897542141 135.81609126338267
v -44.86272931098938 841.6755897542141 135.81609126338267
v -76.90006494522095 831.3217350892759 115.2749376119521
v -78.94654273986816 696.3644231466526 125.06483176878383
v -76.90006494522095 831.3217350892759 115.2749376119521
v -105.92538118362427 696.9683801983547 95.03256052361206
v -78.94654273986816 696.3644231466526 125.06483176878383
v -9.016561508178711 796.4995755546892 227.921022348619
v 9.99239757657051 908.8082810716861 305.16638254547206
v -3.1859487295150757 910.4989552403738 307.2567410041572
v 32.815322279930115 910.178503673997 202.9356427287273
v 58.57599377632141 964.2330623647142 278.64435699036017
v 46.107202768325806 864.5759906072553 198.59535913506528
v 1.4874661341309547 917.507013596809 200.71608377261546
v 24.41185712814331 1002.8063271394586 276.79720276438826
v 18.330779671669006 913.5078759669456 202.24170106997067
v 97.81506061553955 829.3635507468485 85.39198834029744
v 67.48027205467224 697.5279981560467 106.50332530785086
v 97.13983535766602 697.0430032271702 82.83985821805827
v 97.81506061553955 829.3635507468485 85.39198834029744
v 66.56503677368164 829.5263460560255 104.44031552134028
v 67.48027205467224 697.5279981560467 106.50332530785086
v 66.56503677368164 829.5263460560255 104.44031552134028
v 37.33046054840088 697.2190584606969 125.52761401251117
v 67.48027205467224 697.5279981560467 106.50332530785086
v 103.80963087081909 828.3515955045455 15.264829148094032
v 116.31498336791992 697.3374452110639 52.38763653808339
v 135.93546152114868 697.6690327653929 21.66418540612244
v 103.80963087081909 828.3515955045455 15.264829148094032
v 100.71691274642944 828.7607273674818 49.52197877778854
v 116.31498336791992 697.3374452110639 52.38763653808339
v 100.71691274642944 828.7607273674818 49.52197877778854
v 97.13983535766602 697.0430032271702 82.83985821805827
v 116.31498336791992 697.3374452110639 52.38763653808339
v 127.38261222839355 697.5896775824483 -36.522531912359185
v 120.42897939682007 697.1943291826592 -53.16819582461829
v 121.46139144897461 829.8094665087646 -51.7817299463883
v 121.46139144897461 829.8094665087646 -51.7817299463883
v 134.3362331390381 697.9850259822372 -19.876869490216205
v 127.38261222839355 697.5896775824483 -36.522531912359185
v 121.46139144897461 829.8094665087646 -51.7817299463883
v 117.05143451690674 829.4396371790642 -17.592074999412436
v 134.3362331390381 697.9850259822372 -19.876869490216205
v 117.05143451690674 829.4396371790642 -17.592074999412436
v 135.93546152114868 697.6690327653929 21.66418540612244
v 134.3362331390381 697.9850259822372 -19.876869490216205
v 71.07691168785095 830.558854088003 -111.31127299145345
v 95.11473178863525 696.5355731383868 -86.98965334172917
v 86.09501719474792 697.2860123016537 -130.91478979173533
v 71.07691168785095 830.558854088003 -111.31127299145345
v 84.06708836555481 828.6950953645089 -68.38818580617047
v 95.11473178863525 696.5355731383868 -86.98965334172917
v 107.77184963226318 696.8649750023804 -70.07892756340985
v 95.11473178863525 696.5355731383868 -86.98965334172917
v 84.06708836555481 828.6950953645089 -68.38818580617047
v 84.06708836555481 828.6950953645089 -68.38818580617047
v 120.42897939682007 697.1943291826592 -53.16819582461829
v 107.77184963226318 696.8649750023804 -70.07892756340985
v -0.6458082236349583 830.507637659865 -136.58336818650923
v 38.026225566864014 696.4134970076735 -122.70159146461741
v -1.5748592093586922 695.6566577332238 -143.18364271384098
v -0.6458082236349583 830.507637659865 -136.58336818650923
v 43.48874390125275 830.7047642787655 -123.46226397820757
v 38.026225566864014 696.4134970076735 -122.70159146461741
v 43.48874390125275 830.7047642787655 -123.46226397820757
v 86.09501719474792 697.2860123016537 -130.91478979173533
v 38.026225566864014 696.4134970076735 -122.70159146461741
v -8.142761141061783 1181.1773909871565 374.2315036906269
v 34.0537428855896 1348.5799626176095 485.1572700650537
v 3.0038291588425636 1179.2846335828049 374.30159906125203
v -8.303362131118774 1096.3907901871878 405.13607282485765
v -9.197638183832169 1279.1842337602359 509.8457636555992
v -17.337098717689514 1101.8015547547702 392.6515929928316
v -21.853159368038177 1140.1179941134574 385.1412584574444
v -18.137699365615845 1282.2872021015044 498.90778631290317
v -9.055502712726593 1313.7803882619203 494.05715519019054
v 18.427419662475586 1175.5629200353796 377.2008649569028
v 52.68104076385498 1346.2227659717792 486.1518097099541
v 33.25439691543579 1176.8609654348209 372.82683749322706
v 56.781429052352905 1230.2042740485626 449.93623718110103
v 55.51764965057373 1135.2937378235088 388.8671455883253
v 42.567649483680725 1177.8294211006753 369.1289890154382
v 42.567649483680725 1177.8294211006753 369.1289890154382
v 49.95231330394745 1242.4697628495644 433.45831655792114
v 56.781429052352905 1230.2042740485626 449.93623718110103
v -27.55386233329773 918.2304722052602 208.5237199157355
v -5.848245322704315 1006.404254377819 277.6863127433971
v -13.181167840957642 917.815909354238 204.68332119482417
v -22.2617506980896 802.2005446684184 224.34679313307004
v -22.695475816726685 925.6921274429008 282.2936457249199
v -31.71710968017578 811.7965077085395 204.09773475358787
v 21.030621230602264 1444.752301645938 523.6094505178071
v 12.682580947875977 1549.3175448978136 549.9979832866545
v 26.135244965553284 1444.7362796136597 521.7449695481275
v 30.658376216888428 1444.7611700537393 518.9240962835742
v 16.720759868621826 1540.4456088988727 554.9031608947962
v 30.693349242210388 1423.0096736453859 535.9119481092033
v 15.997421741485596 1403.1062052519896 540.1612380035014
v 11.877631396055222 1531.2955813113851 558.8392623916284
v 8.722935616970062 1530.963607348709 559.2496761877793
v 26.218095421791077 1403.2462999944414 540.0714495437874
v 17.812082171440125 1531.423850669004 559.8339923664582
v 14.868582785129547 1531.399531914109 559.4667800748881
v 11.937256902456284 1443.3051023364662 532.6056989988252
v 6.90234899520874 1549.2490711986122 550.7143834442946
v 16.136974096298218 1444.4466495584013 526.8679172881854
v 42.87247657775879 1091.881627922062 409.05028674003546
v 45.34864127635956 1281.311308046343 504.2650996280245
v 32.75470733642578 1088.0111415120207 413.97963917725843
v 2.021407149732113 1089.800711188404 412.8849161378978
v 32.613494992256165 1279.509626895013 506.5191091683818
v 12.751516699790955 1277.6539685042417 513.234597904545
v 9.819912165403366 1549.2888393627984 550.3779748227033
v 6.90234899520874 1549.2490711986122 550.7143834442946
v 7.782164961099625 1540.0866459749034 555.4477566716625
v 3.9582509547472 1549.155134306957 550.8893826966595
v 1.6008200123906136 1539.7032686151576 553.7011975910561
v 4.79428805410862 1539.9341534459613 555.4124707467996
v 15.51271378993988 1549.293893684658 549.444899870708
v 13.774596154689789 1540.3860041830997 554.4673794256252
v 16.720759868621826 1540.4456088988727 554.9031608947962
v 15.51271378993988 1549.293893684658 549.444899870708
v 12.682580947875977 1549.3175448978136 549.9979832866545
v 13.774596154689789 1540.3860041830997 554.4673794256252
v 9.819912165403366 1549.2888393627984 550.3779748227033
v 7.782164961099625 1540.0866459749034 555.4477566716625
v 10.881553590297699 1540.3252551698913 554.717480525
v 10.702190548181534 1421.7492029564223 539.9324961813815
v -0.9823892265558243 1529.8800419496722 555.3168665346026
v 1.6008200123906136 1539.7032686151576 553.7011975910561
v 12.5668004155159 1403.1517908978392 540.2442553453177
v 2.30303518474102 1530.2844002262686 557.5660596602526
v 10.730154067277908 1403.104202104648 537.514076520063
v 10.730154067277908 1403.104202104648 537.514076520063
v -0.9823892265558243 1529.8800419496722 555.3168665346026
v 7.285080105066299 1403.3373748378158 533.6030104267765
v -9.197638183832169 1279.1842337602359 509.8457636555992
v 7.285080105066299 1403.3373748378158 533.6030104267765
v -18.137699365615845 1282.2872021015044 498.90778631290317
v 0.896255299448967 1277.89820490581 515.7458607584305
v 10.730154067277908 1403.104202104648 537.514076520063
v -9.197638183832169 1279.1842337602359 509.8457636555992
v 11.937256902456284 1443.3051023364662 532.6056989988252
v 1.6008200123906136 1539.7032686151576 553.7011975910561
v 3.9582509547472 1549.155134306957 550.8893826966595
v 18.038371205329895 1347.326358023662 486.9677732752733
v 10.702190548181534 1421.7492029564223 539.9324961813815
v 11.937256902456284 1443.3051023364662 532.6056989988252
v -9.055502712726593 1313.7803882619203 494.05715519019054
v 7.285080105066299 1403.3373748378158 533.6030104267765
v 10.702190548181534 1421.7492029564223 539.9324961813815
v 10.881553590297699 1540.3252551698913 554.717480525
v 8.722935616970062 1530.963607348709 559.2496761877793
v 11.877631396055222 1531.2955813113851 558.8392623916284
v 10.881553590297699 1540.3252551698913 554.717480525
v 7.782164961099625 1540.0866459749034 555.4477566716625
v 8.722935616970062 1530.963607348709 559.2496761877793
v 7.782164961099625 1540.0866459749034 555.4477566716625
v 5.522416532039642 1530.5376964208554 559.3838105497715
v 8.722935616970062 1530.963607348709 559.2496761877793
v 13.774596154689789 1540.3860041830997 554.4673794256252
v 10.881553590297699 1540.3252551698913 554.717480525
v 11.877631396055222 1531.2955813113851 558.8392623916284
v 13.774596154689789 1540.3860041830997 554.4673794256252
v 12.682580947875977 1549.3175448978136 549.9979832866545
v 10.881553590297699 1540.3252551698913 554.717480525
v 12.682580947875977 1549.3175448978136 549.9979832866545
v 9.819912165403366 1549.2888393627984 550.3779748227033
v 10.881553590297699 1540.3252551698913 554.717480525
v 16.720759868621826 1540.4456088988727 554.9031608947962
v 14.868582785129547 1531.399531914109 559.4667800748881
v 17.812082171440125 1531.423850669004 559.8339923664582
v 16.720759868621826 1540.4456088988727 554.9031608947962
v 13.774596154689789 1540.3860041830997 554.4673794256252
v 14.868582785129547 1531.399531914109 559.4667800748881
v 13.774596154689789 1540.3860041830997 554.4673794256252
v 11.877631396055222 1531.2955813113851 558.8392623916284
v 14.868582785129547 1531.399531914109 559.4667800748881
v 4.79428805410862 1539.9341534459613 555.4124707467996
v 2.30303518474102 1530.2844002262686 557.5660596602526
v 5.522416532039642 1530.5376964208554 559.3838105497715
v 4.79428805410862 1539.9341534459613 555.4124707467996
v 1.6008200123906136 1539.7032686151576 553.7011975910561
v 2.30303518474102 1530.2844002262686 557.5660596602526
v 1.6008200123906136 1539.7032686151576 553.7011975910561
v -0.9823892265558243 1529.8800419496722 555.3168665346026
v 2.30303518474102 1530.2844002262686 557.5660596602526
v 7.782164961099625 1540.0866459749034 555.4477566716625
v 4.79428805410862 1539.9341534459613 555.4124707467996
v 5.522416532039642 1530.5376964208554 559.3838105497715
v 7.782164961099625 1540.0866459749034 555.4477566716625
v 6.90234899520874 1549.2490711986122 550.7143834442946
v 4.79428805410862 1539.9341534459613 555.4124707467996
v 6.90234899520874 1549.2490711986122 550.7143834442946
v 3.9582509547472 1549.155134306957 550.8893826966595
v 4.79428805410862 1539.9341534459613 555.4124707467996
v -8.303362131118774 1096.3907901871878 405.13607282485765
v 12.751516699790955 1277.6539685042417 513.234597904545
v 0.896255299448967 1277.89820490581 515.7458607584305
v -11.861250549554825 916.1753192445093 301.7660555700827
v 2.021407149732113 1089.800711188404 412.8849161378978
v -8.303362131118774 1096.3907901871878 405.13607282485765
v -3.1859487295150757 910.4989552403738 307.2567410041572
v 18.57248693704605 1086.6054256533916 414.4937175465374
v 2.021407149732113 1089.800711188404 412.8849161378978
v 32.75470733642578 1088.0111415120207 413.97963917725843
v 32.613494992256165 1279.509626895013 506.5191091683818
v 18.57248693704605 1086.6054256533916 414.4937175465374
v 24.110932648181915 912.589503649598 300.75191888621976
v 18.57248693704605 1086.6054256533916 414.4937175465374
v 9.99239757657051 908.8082810716861 305.16638254547206
v 33.88574421405792 918.1272985210232 293.6989003677264
v 32.75470733642578 1088.0111415120207 413.97963917725843
v 24.110932648181915 912.589503649598 300.75191888621976
v 16.136974096298218 1444.4466495584013 526.8679172881854
v 9.819912165403366 1549.2888393627984 550.3779748227033
v 21.030621230602264 1444.752301645938 523.6094505178071
v 34.0537428855896 1348.5799626176095 485.1572700650537
v 21.030621230602264 1444.752301645938 523.6094505178071
v 45.20392119884491 1347.737677469703 485.2084825130704
v 18.038371205329895 1347.326358023662 486.9677732752733
v 16.136974096298218 1444.4466495584013 526.8679172881854
v 34.0537428855896 1348.5799626176095 485.1572700650537
v 20.809346437454224 1403.0170366338452 539.7342780265737
v 14.868582785129547 1531.399531914109 559.4667800748881
v 11.877631396055222 1531.2955813113851 558.8392623916284
v 32.613494992256165 1279.509626895013 506.5191091683818
v 26.218095421791077 1403.2462999944414 540.0714495437874
v 20.809346437454224 1403.0170366338452 539.7342780265737
v 45.34864127635956 1281.311308046343 504.2650996280245
v 31.43758475780487 1403.6649628319326 538.9211275151293
v 26.218095421791077 1403.2462999944414 540.0714495437874
v 12.5668004155159 1403.1517908978392 540.2442553453177
v 8.722935616970062 1530.963607348709 559.2496761877793
v 5.522416532039642 1530.5376964208554 559.3838105497715
v 0.896255299448967 1277.89820490581 515.7458607584305
v 15.997421741485596 1403.1062052519896 540.1612380035014
v 12.5668004155159 1403.1517908978392 540.2442553453177
v 12.751516699790955 1277.6539685042417 513.234597904545
v 20.809346437454224 1403.0170366338452 539.7342780265737
v 15.997421741485596 1403.1062052519896 540.1612380035014
v 30.693349242210388 1423.0096736453859 535.9119481092033
v 17.812082171440125 1531.423850669004 559.8339923664582
v 31.43758475780487 1403.6649628319326 538.9211275151293
v 57.867276668548584 1311.7520197187498 502.40719404909623
v 31.43758475780487 1403.6649628319326 538.9211275151293
v 53.25533747673035 1282.0614681935392 503.8348970216771
v 57.01022148132324 1345.3958346960726 484.4580365750249
v 30.693349242210388 1423.0096736453859 535.9119481092033
v 57.867276668548584 1311.7520197187498 502.40719404909623
v 26.135244965553284 1444.7362796136597 521.7449695481275
v 15.51271378993988 1549.293893684658 549.444899870708
v 30.658376216888428 1444.7611700537393 518.9240962835742
v 52.68104076385498 1346.2227659717792 486.1518097099541
v 30.658376216888428 1444.7611700537393 518.9240962835742
v 57.01022148132324 1345.3958346960726 484.4580365750249
v 45.20392119884491 1347.737677469703 485.2084825130704
v 26.135244965553284 1444.7362796136597 521.7449695481275
v 52.68104076385498 1346.2227659717792 486.1518097099541
v -31.71710968017578 811.7965077085395 204.09773475358787
v -36.89536154270172 929.6308009653834 273.674265085975
v -48.720791935920715 814.2554603170477 196.43195714655266
v -59.85947847366333 695.0319987103911 135.09981037560345
v -48.720791935920715 814.2554603170477 196.43195714655266
v -78.94654273986816 696.3644231466526 125.06483176878383
v -38.073259592056274 694.9983825133266 140.148824472572
v -31.71710968017578 811.7965077085395 204.09773475358787
v -59.85947847366333 695.0319987103911 135.09981037560345
v -13.181167840957642 917.815909354238 204.68332119482417
v 8.207143098115921 1000.5711061926066 282.4192085911986
v 1.4874661341309547 917.507013596809 200.71608377261546
v -22.20562994480133 831.8410130978598 129.65801514881113
v 1.4874661341309547 917.507013596809 200.71608377261546
v -3.561021387577057 830.7812894049121 124.79333455440263
v -44.86272931098938 841.6755897542141 135.81609126338267
v -13.181167840957642 917.815909354238 204.68332119482417
v -22.20562994480133 831.8410130978598 129.65801514881113
v 49.47790503501892 1212.8713418783611 469.35090331981377
v 42.87247657775879 1091.881627922062 409.05028674003546
v 55.51764965057373 1135.2937378235088 388.8671455883253
v 55.51764965057373 1135.2937378235088 388.8671455883253
v 54.16163206100464 1223.2655317348651 457.7781591642269
v 49.47790503501892 1212.8713418783611 469.35090331981377
v 58.57599377632141 964.2330623647142 278.64435699036017
v 42.87247657775879 1091.881627922062 409.05028674003546
v 33.88574421405792 918.1272985210232 293.6989003677264
v 36.04394495487213 1005.7669125959644 270.09857004175217
v 55.51764965057373 1135.2937378235088 388.8671455883253
v 58.57599377632141 964.2330623647142 278.64435699036017
v 49.02731478214264 1252.7761191102786 420.71169470057976
v 42.567649483680725 1177.8294211006753 369.1289890154382
v 33.25439691543579 1176.8609654348209 372.82683749322706
v 33.25439691543579 1176.8609654348209 372.82683749322706
v 57.01022148132324 1345.3958346960726 484.4580365750249
v 49.02731478214264 1252.7761191102786 420.71169470057976
v 24.41185712814331 1002.8063271394586 276.79720276438826
v 42.567649483680725 1177.8294211006753 369.1289890154382
v 36.04394495487213 1005.7669125959644 270.09857004175217
v 8.207143098115921 1000.5711061926066 282.4192085911986
v 33.25439691543579 1176.8609654348209 372.82683749322706
v 24.41185712814331 1002.8063271394586 276.79720276438826
v -8.142761141061783 1181.1773909871565 374.2315036906269
v -9.055502712726593 1313.7803882619203 494.05715519019054
v 18.038371205329895 1347.326358023662 486.9677732752733
v -18.954606354236603 1009.9359962384067 276.2416863135111
v -21.853159368038177 1140.1179941134574 385.1412584574444
v -8.142761141061783 1181.1773909871565 374.2315036906269
v -33.66425037384033 969.1009972968897 277.11914486304437
v -26.370137929916382 1104.2619379757496 385.6057275330852
v -21.853159368038177 1140.1179941134574 385.1412584574444
v -17.337098717689514 1101.8015547547702 392.6515929928316
v -18.137699365615845 1282.2872021015044 498.90778631290317
v -26.370137929916382 1104.2619379757496 385.6057275330852
v -22.695475816726685 925.6921274429008 282.2936457249199
v -26.370137929916382 1104.2619379757496 385.6057275330852
v -36.89536154270172 929.6308009653834 273.674265085975
v -11.861250549554825 916.1753192445093 301.7660555700827
v -17.337098717689514 1101.8015547547702 392.6515929928316
v -22.695475816726685 925.6921274429008 282.2936457249199
v 3.0038291588425636 1179.2846335828049 374.30159906125203
v 45.20392119884491 1347.737677469703 485.2084825130704
v 18.427419662475586 1175.5629200353796 377.2008649569028
v -5.848245322704315 1006.404254377819 277.6863127433971
v 18.427419662475586 1175.5629200353796 377.2008649569028
v 8.207143098115921 1000.5711061926066 282.4192085911986
v -18.954606354236603 1009.9359962384067 276.2416863135111
v 3.0038291588425636 1179.2846335828049 374.30159906125203
v -5.848245322704315 1006.404254377819 277.6863127433971
v 18.330779671669006 913.5078759669456 202.24170106997067
v 36.04394495487213 1005.7669125959644 270.09857004175217
v 32.815322279930115 910.178503673997 202.9356427287273
v 14.563395082950592 829.9717146576454 120.98737546159812
v 32.815322279930115 910.178503673997 202.9356427287273
v 32.70634114742279 829.5865249817001 117.18461110861247
v -3.561021387577057 830.7812894049121 124.79333455440263
v 18.330779671669006 913.5078759669456 202.24170106997067
v 14.563395082950592 829.9717146576454 120.98737546159812
v 46.107202768325806 864.5759906072553 198.59535913506528
v 33.88574421405792 918.1272985210232 293.6989003677264
v 33.53724181652069 805.2903521047103 212.18484633298445
v 34.543293714523315 763.4139257897749 120.87079962005765
v 33.53724181652069 805.2903521047103 212.18484633298445
v 37.33046054840088 697.2190584606969 125.52761401251117
v 32.70634114742279 829.5865249817001 117.18461110861247
v 46.107202768325806 864.5759906072553 198.59535913506528
v 34.543293714523315 763.4139257897749 120.87079962005765
v -22.2617506980896 802.2005446684184 224.34679313307004
v -3.1859487295150757 910.4989552403738 307.2567410041572
v -11.861250549554825 916.1753192445093 301.7660555700827
v -38.073259592056274 694.9983825133266 140.148824472572
v -9.016561508178711 796.4995755546892 227.921022348619
v -22.2617506980896 802.2005446684184 224.34679313307004
v -19.445785880088806 695.9274983393929 131.6987453569663
v 6.406034529209137 801.5702593787472 212.47624212644243
v -9.016561508178711 796.4995755546892 227.921022348619
v 21.9852015376091 801.2799614208485 215.56986628872824
v 9.99239757657051 908.8082810716861 305.16638254547206
v 6.406034529209137 801.5702593787472 212.47624212644243
v 16.520483791828156 698.4264089789714 118.36894100620788
v 6.406034529209137 801.5702593787472 212.47624212644243
v -2.8714269399642944 698.8919921011878 114.20094309328806
v 37.33046054840088 697.2190584606969 125.52761401251117
v 21.9852015376091 801.2799614208485 215.56986628872824
v 16.520483791828156 698.4264089789714 118.36894100620788
v -27.55386233329773 918.2304722052602 208.5237199157355
v -33.66425037384033 969.1009972968897 277.11914486304437
v -18.954606354236603 1009.9359962384067 276.2416863135111
v -44.86272931098938 841.6755897542141 135.81609126338267
v -41.73310995101929 864.8220396447057 205.125024088265
v -27.55386233329773 918.2304722052602 208.5237199157355
v -55.89599609375 763.0373688741865 129.39178433106488
v -48.720791935920715 814.2554603170477 196.43195714655266
v -41.73310995101929 864.8220396447057 205.125024088265
v -41.73310995101929 864.8220396447057 205.125024088265
v -48.720791935920715 814.2554603170477 196.43195714655266
v -36.89536154270172 929.6308009653834 273.674265085975
v 33.53724181652069 805.2903521047103 212.18484633298445
v 33.88574421405792 918.1272985210232 293.6989003677264
v 24.110932648181915 912.589503649598 300.75191888621976
v -9.016561508178711 796.4995755546892 227.921022348619
v 6.406034529209137 801.5702593787472 212.47624212644243
v 9.99239757657051 908.8082810716861 305.16638254547206
v 32.815322279930115 910.178503673997 202.9356427287273
v 36.04394495487213 1005.7669125959644 270.09857004175217
v 58.57599377632141 964.2330623647142 278.64435699036017
v 1.4874661341309547 917.507013596809 200.71608377261546
v 8.207143098115921 1000.5711061926066 282.4192085911986
v 24.41185712814331 1002.8063271394586 276.79720276438826
v -8.142761141061783 1181.1773909871565 374.2315036906269
v 18.038371205329895 1347.326358023662 486.9677732752733
v 34.0537428855896 1348.5799626176095 485.1572700650537
v -8.303362131118774 1096.3907901871878 405.13607282485765
v 0.896255299448967 1277.89820490581 515.7458607584305
v -9.197638183832169 1279.1842337602359 509.8457636555992
v -21.853159368038177 1140.1179941134574 385.1412584574444
v -26.370137929916382 1104.2619379757496 385.6057275330852
v -18.137699365615845 1282.2872021015044 498.90778631290317
v 18.427419662475586 1175.5629200353796 377.2008649569028
v 45.20392119884491 1347.737677469703 485.2084825130704
v 52.68104076385498 1346.2227659717792 486.1518097099541
v 42.567649483680725 1177.8294211006753 369.1289890154382
v 49.02731478214264 1252.7761191102786 420.71169470057976
v 49.95231330394745 1242.4697628495644 433.45831655792114
v -27.55386233329773 918.2304722052602 208.5237199157355
v -18.954606354236603 1009.9359962384067 276.2416863135111
v -5.848245322704315 1006.404254377819 277.6863127433971
v -22.2617506980896 802.2005446684184 224.34679313307004
v -11.861250549554825 916.1753192445093 301.7660555700827
v -22.695475816726685 925.6921274429008 282.2936457249199
v 21.030621230602264 1444.752301645938 523.6094505178071
v 9.819912165403366 1549.2888393627984 550.3779748227033
v 12.682580947875977 1549.3175448978136 549.9979832866545
v 30.658376216888428 1444.7611700537393 518.9240962835742
v 15.51271378993988 1549.293893684658 549.444899870708
v 16.720759868621826 1540.4456088988727 554.9031608947962
v 15.997421741485596 1403.1062052519896 540.1612380035014
v 20.809346437454224 1403.0170366338452 539.7342780265737
v 11.877631396055222 1531.2955813113851 558.8392623916284
v 26.218095421791077 1403.2462999944414 540.0714495437874
v 31.43758475780487 1403.6649628319326 538.9211275151293
v 17.812082171440125 1531.423850669004 559.8339923664582
v 11.937256902456284 1443.3051023364662 532.6056989988252
v 3.9582509547472 1549.155134306957 550.8893826966595
v 6.90234899520874 1549.2490711986122 550.7143834442946
v 53.25533747673035 1282.0614681935392 503.8348970216771
v 45.34864127635956 1281.311308046343 504.2650996280245
v 42.87247657775879 1091.881627922062 409.05028674003546
v 42.87247657775879 1091.881627922062 409.05028674003546
v 49.47790503501892 1212.8713418783611 469.35090331981377
v 53.25533747673035 1282.0614681935392 503.8348970216771
v 2.021407149732113 1089.800711188404 412.8849161378978
v 18.57248693704605 1086.6054256533916 414.4937175465374
v 32.613494992256165 1279.509626895013 506.5191091683818
v 10.702190548181534 1421.7492029564223 539.9324961813815
v 7.285080105066299 1403.3373748378158 533.6030104267765
v -0.9823892265558243 1529.8800419496722 555.3168665346026
v 12.5668004155159 1403.1517908978392 540.2442553453177
v 5.522416532039642 1530.5376964208554 559.3838105497715
v 2.30303518474102 1530.2844002262686 557.5660596602526
v 10.730154067277908 1403.104202104648 537.514076520063
v 2.30303518474102 1530.2844002262686 557.5660596602526
v -0.9823892265558243 1529.8800419496722 555.3168665346026
v -9.197638183832169 1279.1842337602359 509.8457636555992
v 10.730154067277908 1403.104202104648 537.514076520063
v 7.285080105066299 1403.3373748378158 533.6030104267765
v 0.896255299448967 1277.89820490581 515.7458607584305
v 12.5668004155159 1403.1517908978392 540.2442553453177
v 10.730154067277908 1403.104202104648 537.514076520063
v 11.937256902456284 1443.3051023364662 532.6056989988252
v 10.702190548181534 1421.7492029564223 539.9324961813815
v 1.6008200123906136 1539.7032686151576 553.7011975910561
v 18.038371205329895 1347.326358023662 486.9677732752733
v -9.055502712726593 1313.7803882619203 494.05715519019054
v 10.702190548181534 1421.7492029564223 539.9324961813815
v -9.055502712726593 1313.7803882619203 494.05715519019054
v -18.137699365615845 1282.2872021015044 498.90778631290317
v 7.285080105066299 1403.3373748378158 533.6030104267765
v -8.303362131118774 1096.3907901871878 405.13607282485765
v 2.021407149732113 1089.800711188404 412.8849161378978
v 12.751516699790955 1277.6539685042417 513.234597904545
v -11.861250549554825 916.1753192445093 301.7660555700827
v -3.1859487295150757 910.4989552403738 307.2567410041572
v 2.021407149732113 1089.800711188404 412.8849161378978
v -3.1859487295150757 910.4989552403738 307.2567410041572
v 9.99239757657051 908.8082810716861 305.16638254547206
v 18.57248693704605 1086.6054256533916 414.4937175465374
v 32.75470733642578 1088.0111415120207 413.97963917725843
v 45.34864127635956 1281.311308046343 504.2650996280245
v 32.613494992256165 1279.509626895013 506.5191091683818
v 24.110932648181915 912.589503649598 300.75191888621976
v 32.75470733642578 1088.0111415120207 413.97963917725843
v 18.57248693704605 1086.6054256533916 414.4937175465374
v 33.88574421405792 918.1272985210232 293.6989003677264
v 42.87247657775879 1091.881627922062 409.05028674003546
v 32.75470733642578 1088.0111415120207 413.97963917725843
v 16.136974096298218 1444.4466495584013 526.8679172881854
v 6.90234899520874 1549.2490711986122 550.7143834442946
v 9.819912165403366 1549.2888393627984 550.3779748227033
v 34.0537428855896 1348.5799626176095 485.1572700650537
v 16.136974096298218 1444.4466495584013 526.8679172881854
v 21.030621230602264 1444.752301645938 523.6094505178071
v 18.038371205329895 1347.326358023662 486.9677732752733
v 11.937256902456284 1443.3051023364662 532.6056989988252
v 16.136974096298218 1444.4466495584013 526.8679172881854
v 20.809346437454224 1403.0170366338452 539.7342780265737
v 26.218095421791077 1403.2462999944414 540.0714495437874
v 14.868582785129547 1531.399531914109 559.4667800748881
v 32.613494992256165 1279.509626895013 506.5191091683818
v 45.34864127635956 1281.311308046343 504.2650996280245
v 26.218095421791077 1403.2462999944414 540.0714495437874
v 45.34864127635956 1281.311308046343 504.2650996280245
v 53.25533747673035 1282.0614681935392 503.8348970216771
v 31.43758475780487 1403.6649628319326 538.9211275151293
v 12.5668004155159 1403.1517908978392 540.2442553453177
v 15.997421741485596 1403.1062052519896 540.1612380035014
v 8.722935616970062 1530.963607348709 559.2496761877793
v 0.896255299448967 1277.89820490581 515.7458607584305
v 12.751516699790955 1277.6539685042417 513.234597904545
v 15.997421741485596 1403.1062052519896 540.1612380035014
v 12.751516699790955 1277.6539685042417 513.234597904545
v 32.613494992256165 1279.509626895013 506.5191091683818
v 20.809346437454224 1403.0170366338452 539.7342780265737
v 30.693349242210388 1423.0096736453859 535.9119481092033
v 16.720759868621826 1540.4456088988727 554.9031608947962
v 17.812082171440125 1531.423850669004 559.8339923664582
v 57.867276668548584 1311.7520197187498 502.40719404909623
v 30.693349242210388 1423.0096736453859 535.9119481092033
v 31.43758475780487 1403.6649628319326 538.9211275151293
v 57.01022148132324 1345.3958346960726 484.4580365750249
v 30.658376216888428 1444.7611700537393 518.9240962835742
v 30.693349242210388 1423.0096736453859 535.9119481092033
v 26.135244965553284 1444.7362796136597 521.7449695481275
v 12.682580947875977 1549.3175448978136 549.9979832866545
v 15.51271378993988 1549.293893684658 549.444899870708
v 52.68104076385498 1346.2227659717792 486.1518097099541
v 26.135244965553284 1444.7362796136597 521.7449695481275
v 30.658376216888428 1444.7611700537393 518.9240962835742
v 45.20392119884491 1347.737677469703 485.2084825130704
v 21.030621230602264 1444.752301645938 523.6094505178071
v 26.135244965553284 1444.7362796136597 521.7449695481275
v -31.71710968017578 811.7965077085395 204.09773475358787
v -22.695475816726685 925.6921274429008 282.2936457249199
v -36.89536154270172 929.6308009653834 273.674265085975
v -59.85947847366333 695.0319987103911 135.09981037560345
v -31.71710968017578 811.7965077085395 204.09773475358787
v -48.720791935920715 814.2554603170477 196.43195714655266
v -38.073259592056274 694.9983825133266 140.148824472572
v -22.2617506980896 802.2005446684184 224.34679313307004
v -31.71710968017578 811.7965077085395 204.09773475358787
v -13.181167840957642 917.815909354238 204.68332119482417
v -5.848245322704315 1006.404254377819 277.6863127433971
v 8.207143098115921 1000.5711061926066 282.4192085911986
v -22.20562994480133 831.8410130978598 129.65801514881113
v -13.181167840957642 917.815909354238 204.68332119482417
v 1.4874661341309547 917.507013596809 200.71608377261546
v -44.86272931098938 841.6755897542141 135.81609126338267
v -27.55386233329773 918.2304722052602 208.5237199157355
v -13.181167840957642 917.815909354238 204.68332119482417
v 55.51764965057373 1135.2937378235088 388.8671455883253
v 56.781429052352905 1230.2042740485626 449.93623718110103
v 54.16163206100464 1223.2655317348651 457.7781591642269
v 58.57599377632141 964.2330623647142 278.64435699036017
v 55.51764965057373 1135.2937378235088 388.8671455883253
v 42.87247657775879 1091.881627922062 409.05028674003546
v 36.04394495487213 1005.7669125959644 270.09857004175217
v 42.567649483680725 1177.8294211006753 369.1289890154382
v 55.51764965057373 1135.2937378235088 388.8671455883253
v 33.25439691543579 1176.8609654348209 372.82683749322706
v 52.68104076385498 1346.2227659717792 486.1518097099541
v 57.01022148132324 1345.3958346960726 484.4580365750249
v 24.41185712814331 1002.8063271394586 276.79720276438826
v 33.25439691543579 1176.8609654348209 372.82683749322706
v 42.567649483680725 1177.8294211006753 369.1289890154382
v 8.207143098115921 1000.5711061926066 282.4192085911986
v 18.427419662475586 1175.5629200353796 377.2008649569028
v 33.25439691543579 1176.8609654348209 372.82683749322706
v -8.142761141061783 1181.1773909871565 374.2315036906269
v -21.853159368038177 1140.1179941134574 385.1412584574444
v -9.055502712726593 1313.7803882619203 494.05715519019054
v -18.954606354236603 1009.9359962384067 276.2416863135111
v -33.66425037384033 969.1009972968897 277.11914486304437
v -21.853159368038177 1140.1179941134574 385.1412584574444
v -33.66425037384033 969.1009972968897 277.11914486304437
v -36.89536154270172 929.6308009653834 273.674265085975
v -26.370137929916382 1104.2619379757496 385.6057275330852
v -17.337098717689514 1101.8015547547702 392.6515929928316
v -9.197638183832169 1279.1842337602359 509.8457636555992
v -18.137699365615845 1282.2872021015044 498.90778631290317
v -22.695475816726685 925.6921274429008 282.2936457249199
v -17.337098717689514 1101.8015547547702 392.6515929928316
v -26.370137929916382 1104.2619379757496 385.6057275330852
v -11.861250549554825 916.1753192445093 301.7660555700827
v -8.303362131118774 1096.3907901871878 405.13607282485765
v -17.337098717689514 1101.8015547547702 392.6515929928316
v 3.0038291588425636 1179.2846335828049 374.30159906125203
v 34.0537428855896 1348.5799626176095 485.1572700650537
v 45.20392119884491 1347.737677469703 485.2084825130704
v -5.848245322704315 1006.404254377819 277.6863127433971
v 3.0038291588425636 1179.2846335828049 374.30159906125203
v 18.427419662475586 1175.5629200353796 377.2008649569028
v -18.954606354236603 1009.9359962384067 276.2416863135111
v -8.142761141061783 1181.1773909871565 374.2315036906269
v 3.0038291588425636 1179.2846335828049 374.30159906125203
v 18.330779671669006 913.5078759669456 202.24170106997067
v 24.41185712814331 1002.8063271394586 276.79720276438826
v 36.04394495487213 1005.7669125959644 270.09857004175217
v 14.563395082950592 829.9717146576454 120.98737546159812
v 18.330779671669006 913.5078759669456 202.24170106997067
v 32.815322279930115 910.178503673997 202.9356427287273
v -3.561021387577057 830.7812894049121 124.79333455440263
v 1.4874661341309547 917.507013596809 200.71608377261546
v 18.330779671669006 913.5078759669456 202.24170106997067
v 46.107202768325806 864.5759906072553 198.59535913506528
v 58.57599377632141 964.2330623647142 278.64435699036017
v 33.88574421405792 918.1272985210232 293.6989003677264
v 34.543293714523315 763.4139257897749 120.87079962005765
v 46.107202768325806 864.5759906072553 198.59535913506528
v 33.53724181652069 805.2903521047103 212.18484633298445
v 32.70634114742279 829.5865249817001 117.18461110861247
v 32.815322279930115 910.178503673997 202.9356427287273
v 46.107202768325806 864.5759906072553 198.59535913506528
v -22.2617506980896 802.2005446684184 224.34679313307004
v -9.016561508178711 796.4995755546892 227.921022348619
v -3.1859487295150757 910.4989552403738 307.2567410041572
v -38.073259592056274 694.9983825133266 140.148824472572
v -19.445785880088806 695.9274983393929 131.6987453569663
v -9.016561508178711 796.4995755546892 227.921022348619
v -19.445785880088806 695.9274983393929 131.6987453569663
v -2.8714269399642944 698.8919921011878 114.20094309328806
v 6.406034529209137 801.5702593787472 212.47624212644243
v 21.9852015376091 801.2799614208485 215.56986628872824
v 24.110932648181915 912.589503649598 300.75191888621976
v 9.99239757657051 908.8082810716861 305.16638254547206
v 16.520483791828156 698.4264089789714 118.36894100620788
v 21.9852015376091 801.2799614208485 215.56986628872824
v 6.406034529209137 801.5702593787472 212.47624212644243
v 37.33046054840088 697.2190584606969 125.52761401251117
v 33.53724181652069 805.2903521047103 212.18484633298445
v 21.9852015376091 801.2799614208485 215.56986628872824
v -27.55386233329773 918.2304722052602 208.5237199157355
v -41.73310995101929 864.8220396447057 205.125024088265
v -33.66425037384033 969.1009972968897 277.11914486304437
v -44.86272931098938 841.6755897542141 135.81609126338267
v -55.89599609375 763.0373688741865 129.39178433106488
v -41.73310995101929 864.8220396447057 205.125024088265
v -55.89599609375 763.0373688741865 129.39178433106488
v -78.94654273986816 696.3644231466526 125.06483176878383
v -48.720791935920715 814.2554603170477 196.43195714655266
v 57.01022148132324 1345.3958346960726 484.4580365750249
v 57.867276668548584 1311.7520197187498 502.40719404909623
v 49.95231330394745 1242.4697628495644 433.45831655792114
v 49.95231330394745 1242.4697628495644 433.45831655792114
v 49.02731478214264 1252.7761191102786 420.71169470057976
v 57.01022148132324 1345.3958346960726 484.4580365750249
v 57.867276668548584 1311.7520197187498 502.40719404909623
v 53.25533747673035 1282.0614681935392 503.8348970216771
v 54.16163206100464 1223.2655317348651 457.7781591642269
v 54.16163206100464 1223.2655317348651 457.7781591642269
v 56.781429052352905 1230.2042740485626 449.93623718110103
v 57.867276668548584 1311.7520197187498 502.40719404909623
v 56.781429052352905 1230.2042740485626 449.93623718110103
v 49.95231330394745 1242.4697628495644 433.45831655792114
v 57.867276668548584 1311.7520197187498 502.40719404909623
v 49.47790503501892 1212.8713418783611 469.35090331981377
v 54.16163206100464 1223.2655317348651 457.7781591642269
v 53.25533747673035 1282.0614681935392 503.8348970216771
v 489.8323059082031 1271.3267043862631 -173.3926698558207
v 594.8500156402588 1509.5243017875737 -267.6786974708146
v 591.6188716888428 1529.9115698573785 -267.6578391666508
v 507.8456401824951 1386.4157308506774 -225.993525360049
v 581.2450408935547 1549.8781696184246 -283.3979747514711
v 466.3883686065674 1304.2322769415287 -210.57650833907283
v 497.17655181884766 1217.5027473208922 -229.60944937871693
v 580.2753925323486 1509.1174604684752 -291.34493618932214
v 584.1132640838623 1509.1826927251689 -285.61545164184423
v 536.3037586212158 1316.7802418629892 -240.63196177652367
v 591.5286540985107 1509.3743831804184 -273.84498868326733
v 516.1676406860352 1226.5043877465723 -205.54526761010152
v 249.07078742980957 876.8111130944416 -60.1510939977427
v 357.6908349990845 1060.8850318334382 -98.69326351737303
v 243.86451244354248 875.9105560027668 -75.09512866585811
v 218.2321310043335 874.3633077274302 -118.45610081825994
v 343.3306932449341 1007.1375548559424 -183.0973835507004
v 221.93548679351807 820.7855023609104 -123.37315341821547
v 585.1027965545654 1549.9785923636687 -278.24377039924076
v 589.4991874694824 1529.7911199646694 -272.7311480917292
v 586.1734867095947 1529.641201357817 -278.8955796392649
v 585.1027965545654 1549.9785923636687 -278.24377039924076
v 587.2221946716309 1550.0990422563973 -273.1703422648727
v 589.4991874694824 1529.7911199646694 -272.7311480917292
v 580.2753925323486 1509.1174604684752 -291.34493618932214
v 578.7282943725586 1529.4550423384335 -289.89983681108436
v 584.1132640838623 1509.1826927251689 -285.61545164184423
v 577.387285232544 1549.7777468731767 -288.5522029455595
v 581.2450408935547 1549.8781696184246 -283.3979747514711
v 582.3148250579834 1529.5409693475062 -284.049354838084
v 459.9586009979248 1298.4920145369545 -218.71969397307936
v 578.7282943725586 1529.4550423384335 -289.89983681108436
v 462.40954399108887 1257.5287444643375 -229.72251398998955
v 477.9491424560547 1307.8234363401457 -189.75190965809446
v 589.3415927886963 1550.2194921491218 -268.09693797236264
v 587.2221946716309 1550.0990422563973 -273.1703422648727
v 507.8456401824951 1386.4157308506774 -225.993525360049
v 587.2221946716309 1550.0990422563973 -273.1703422648727
v 585.1027965545654 1549.9785923636687 -278.24377039924076
v 353.32515239715576 1057.667236069657 -118.65877455356788
v 477.9491424560547 1307.8234363401457 -189.75190965809446
v 507.8456401824951 1386.4157308506774 -225.993525360049
v 357.6908349990845 1060.8850318334382 -98.69326351737303
v 480.411434173584 1297.3191926252575 -177.2110310813488
v 477.9491424560547 1307.8234363401457 -189.75190965809446
v 462.40954399108887 1257.5287444643375 -229.72251398998955
v 580.2753925323486 1509.1174604684752 -291.34493618932214
v 433.66565704345703 1155.0233472976922 -225.85568172272392
v 343.3306932449341 1007.1375548559424 -183.0973835507004
v 433.66565704345703 1155.0233472976922 -225.85568172272392
v 352.95186042785645 965.7292080512369 -175.24821994788743
v 337.07735538482666 1056.045602562461 -153.6425403683197
v 462.40954399108887 1257.5287444643375 -229.72251398998955
v 343.3306932449341 1007.1375548559424 -183.0973835507004
v 582.3148250579834 1529.5409693475062 -284.049354838084
v 586.1734867095947 1529.641201357817 -278.8955796392649
v 587.992525100708 1509.2431566068663 -279.9069240866925
v 582.3148250579834 1529.5409693475062 -284.049354838084
v 581.2450408935547 1549.8781696184246 -283.3979747514711
v 586.1734867095947 1529.641201357817 -278.8955796392649
v 581.2450408935547 1549.8781696184246 -283.3979747514711
v 585.1027965545654 1549.9785923636687 -278.24377039924076
v 586.1734867095947 1529.641201357817 -278.8955796392649
v 584.1132640838623 1509.1826927251689 -285.61545164184423
v 582.3148250579834 1529.5409693475062 -284.049354838084
v 587.992525100708 1509.2431566068663 -279.9069240866925
v 584.1132640838623 1509.1826927251689 -285.61545164184423
v 578.7282943725586 1529.4550423384335 -289.89983681108436
v 582.3148250579834 1529.5409693475062 -284.049354838084
v 578.7282943725586 1529.4550423384335 -289.89983681108436
v 577.387285232544 1549.7777468731767 -288.5522029455595
v 582.3148250579834 1529.5409693475062 -284.049354838084
v 589.4991874694824 1529.7911199646694 -272.7311480917292
v 591.6188716888428 1529.9115698573785 -267.6578391666508
v 594.8500156402588 1509.5243017875737 -267.6786974708146
v 589.4991874694824 1529.7911199646694 -272.7311480917292
v 587.2221946716309 1550.0990422563973 -273.1703422648727
v 591.6188716888428 1529.9115698573785 -267.6578391666508
v 587.2221946716309 1550.0990422563973 -273.1703422648727
v 589.3415927886963 1550.2194921491218 -268.09693797236264
v 591.6188716888428 1529.9115698573785 -267.6578391666508
v 586.1734867095947 1529.641201357817 -278.8955796392649
v 591.5286540985107 1509.3743831804184 -273.84498868326733
v 587.992525100708 1509.2431566068663 -279.9069240866925
v 586.1734867095947 1529.641201357817 -278.8955796392649
v 589.4991874694824 1529.7911199646694 -272.7311480917292
v 591.5286540985107 1509.3743831804184 -273.84498868326733
v 589.4991874694824 1529.7911199646694 -272.7311480917292
v 594.8500156402588 1509.5243017875737 -267.6786974708146
v 591.5286540985107 1509.3743831804184 -273.84498868326733
v 221.93548679351807 820.7855023609104 -123.37315341821547
v 352.95186042785645 965.7292080512369 -175.24821994788743
v 230.25224208831787 762.7527966881613 -137.32528000322168
v 99.5146095752716 629.8577159727249 -91.41112098843038
v 230.25224208831787 762.7527966881613 -137.32528000322168
v 103.91448736190796 563.179858807062 -95.83259459559606
v 95.11473178863525 696.5355731383868 -86.98965334172917
v 221.93548679351807 820.7855023609104 -123.37315341821547
v 99.5146095752716 629.8577159727249 -91.41112098843038
v 243.86451244354248 875.9105560027668 -75.09512866585811
v 353.32515239715576 1057.667236069657 -118.65877455356788
v 238.4824514389038 875.0101895389682 -90.69584558688851
v 127.38261222839355 697.5896775824483 -36.522531912359185
v 238.4824514389038 875.0101895389682 -90.69584558688851
v 120.42897939682007 697.1943291826592 -53.16819582461829
v 134.3362331390381 697.9850259822372 -19.876869490216205
v 243.86451244354248 875.9105560027668 -75.09512866585811
v 127.38261222839355 697.5896775824483 -36.522531912359185
v 516.1676406860352 1226.5043877465723 -205.54526761010152
v 594.8500156402588 1509.5243017875737 -267.6786974708146
v 499.43389892578125 1199.9767010504067 -179.81933831947293
v 396.5548276901245 962.3660862341978 -109.8190325789806
v 499.43389892578125 1199.9767010504067 -179.81933831947293
v 400.51445960998535 964.6422231576818 -94.88834957540526
v 380.8795928955078 963.9196182759687 -130.8087250432345
v 516.1676406860352 1226.5043877465723 -205.54526761010152
v 396.5548276901245 962.3660862341978 -109.8190325789806
v 536.3037586212158 1316.7802418629892 -240.63196177652367
v 584.1132640838623 1509.1826927251689 -285.61545164184423
v 587.992525100708 1509.2431566068663 -279.9069240866925
v 380.8795928955078 963.9196182759687 -130.8087250432345
v 497.17655181884766 1217.5027473208922 -229.60944937871693
v 536.3037586212158 1316.7802418629892 -240.63196177652367
v 365.73052406311035 964.6332486568679 -156.036140721176
v 433.66565704345703 1155.0233472976922 -225.85568172272392
v 497.17655181884766 1217.5027473208922 -229.60944937871693
v 466.3883686065674 1304.2322769415287 -210.57650833907283
v 577.387285232544 1549.7777468731767 -288.5522029455595
v 459.9586009979248 1298.4920145369545 -218.71969397307936
v 345.88611125946045 1054.9358141498533 -138.9765431591612
v 459.9586009979248 1298.4920145369545 -218.71969397307936
v 337.07735538482666 1056.045602562461 -153.6425403683197
v 353.32515239715576 1057.667236069657 -118.65877455356788
v 466.3883686065674 1304.2322769415287 -210.57650833907283
v 345.88611125946045 1054.9358141498533 -138.9765431591612
v 480.411434173584 1297.3191926252575 -177.2110310813488
v 591.6188716888428 1529.9115698573785 -267.6578391666508
v 589.3415927886963 1550.2194921491218 -268.09693797236264
v 362.9714012145996 1062.0350701008083 -83.90560167547149
v 489.8323059082031 1271.3267043862631 -173.3926698558207
v 480.411434173584 1297.3191926252575 -177.2110310813488
v 381.18865489959717 1018.8587070446075 -72.59653120654811
v 499.43389892578125 1199.9767010504067 -179.81933831947293
v 489.8323059082031 1271.3267043862631 -173.3926698558207
v 228.34112644195557 874.6273823489234 -104.93246261283936
v 337.07735538482666 1056.045602562461 -153.6425403683197
v 218.2321310043335 874.3633077274302 -118.45610081825994
v 107.77184963226318 696.8649750023804 -70.07892756340985
v 218.2321310043335 874.3633077274302 -118.45610081825994
v 95.11473178863525 696.5355731383868 -86.98965334172917
v 120.42897939682007 697.1943291826592 -53.16819582461829
v 228.34112644195557 874.6273823489234 -104.93246261283936
v 107.77184963226318 696.8649750023804 -70.07892756340985
v 291.30024909973145 753.6783602286433 -57.04285860483963
v 396.5548276901245 962.3660862341978 -109.8190325789806
v 400.51445960998535 964.6422231576818 -94.88834957540526
v 149.2614984512329 564.7276850681206 -16.987286126702415
v 282.4986457824707 752.7680272469978 -76.45672306910716
v 291.30024909973145 753.6783602286433 -57.04285860483963
v 138.35511207580566 564.2354904579367 -37.21483899689623
v 265.40300846099854 753.2001791576417 -110.86509578012384
v 282.4986457824707 752.7680272469978 -76.45672306910716
v 249.07078742980957 876.8111130944416 -60.1510939977427
v 381.18865489959717 1018.8587070446075 -72.59653120654811
v 362.9714012145996 1062.0350701008083 -83.90560167547149
v 134.3362331390381 697.9850259822372 -19.876869490216205
v 268.08998584747314 820.067303680334 -40.835386010135934
v 249.07078742980957 876.8111130944416 -60.1510939977427
v 141.7988657951355 631.356331683321 -18.432077808455425
v 291.30024909973145 753.6783602286433 -57.04285860483963
v 268.08998584747314 820.067303680334 -40.835386010135934
v 265.40300846099854 753.2001791576417 -110.86509578012384
v 365.73052406311035 964.6332486568679 -156.036140721176
v 380.8795928955078 963.9196182759687 -130.8087250432345
v 127.44871377944946 563.7432481640367 -57.442393357198405
v 247.56605625152588 756.7421223589901 -130.5666129854453
v 265.40300846099854 753.2001791576417 -110.86509578012384
v 115.68160057067871 563.4615773274078 -76.63749099616888
v 230.25224208831787 762.7527966881613 -137.32528000322168
v 247.56605625152588 756.7421223589901 -130.5666129854453
v 247.56605625152588 756.7421223589901 -130.5666129854453
v 230.25224208831787 762.7527966881613 -137.32528000322168
v 352.95186042785645 965.7292080512369 -175.24821994788743
v 268.08998584747314 820.067303680334 -40.835386010135934
v 291.30024909973145 753.6783602286433 -57.04285860483963
v 400.51445960998535 964.6422231576818 -94.88834957540526
v 282.4986457824707 752.7680272469978 -76.45672306910716
v 265.40300846099854 753.2001791576417 -110.86509578012384
v 380.8795928955078 963.9196182759687 -130.8087250432345
v 238.4824514389038 875.0101895389682 -90.69584558688851
v 353.32515239715576 1057.667236069657 -118.65877455356788
v 345.88611125946045 1054.9358141498533 -138.9765431591612
v 489.8323059082031 1271.3267043862631 -173.3926698558207
v 499.43389892578125 1199.9767010504067 -179.81933831947293
v 594.8500156402588 1509.5243017875737 -267.6786974708146
v 507.8456401824951 1386.4157308506774 -225.993525360049
v 585.1027965545654 1549.9785923636687 -278.24377039924076
v 581.2450408935547 1549.8781696184246 -283.3979747514711
v 497.17655181884766 1217.5027473208922 -229.60944937871693
v 433.66565704345703 1155.0233472976922 -225.85568172272392
v 580.2753925323486 1509.1174604684752 -291.34493618932214
v 536.3037586212158 1316.7802418629892 -240.63196177652367
v 587.992525100708 1509.2431566068663 -279.9069240866925
v 591.5286540985107 1509.3743831804184 -273.84498868326733
v 249.07078742980957 876.8111130944416 -60.1510939977427
v 362.9714012145996 1062.0350701008083 -83.90560167547149
v 357.6908349990845 1060.8850318334382 -98.69326351737303
v 218.2321310043335 874.3633077274302 -118.45610081825994
v 337.07735538482666 1056.045602562461 -153.6425403683197
v 343.3306932449341 1007.1375548559424 -183.0973835507004
v 459.9586009979248 1298.4920145369545 -218.71969397307936
v 577.387285232544 1549.7777468731767 -288.5522029455595
v 578.7282943725586 1529.4550423384335 -289.89983681108436
v 477.9491424560547 1307.8234363401457 -189.75190965809446
v 480.411434173584 1297.3191926252575 -177.2110310813488
v 589.3415927886963 1550.2194921491218 -268.09693797236264
v 507.8456401824951 1386.4157308506774 -225.993525360049
v 477.9491424560547 1307.8234363401457 -189.75190965809446
v 587.2221946716309 1550.0990422563973 -273.1703422648727
v 353.32515239715576 1057.667236069657 -118.65877455356788
v 357.6908349990845 1060.8850318334382 -98.69326351737303
v 477.9491424560547 1307.8234363401457 -189.75190965809446
v 357.6908349990845 1060.8850318334382 -98.69326351737303
v 362.9714012145996 1062.0350701008083 -83.90560167547149
v 480.411434173584 1297.3191926252575 -177.2110310813488
v 462.40954399108887 1257.5287444643375 -229.72251398998955
v 578.7282943725586 1529.4550423384335 -289.89983681108436
v 580.2753925323486 1509.1174604684752 -291.34493618932214
v 343.3306932449341 1007.1375548559424 -183.0973835507004
v 462.40954399108887 1257.5287444643375 -229.72251398998955
v 433.66565704345703 1155.0233472976922 -225.85568172272392
v 337.07735538482666 1056.045602562461 -153.6425403683197
v 459.9586009979248 1298.4920145369545 -218.71969397307936
v 462.40954399108887 1257.5287444643375 -229.72251398998955
v 221.93548679351807 820.7855023609104 -123.37315341821547
v 343.3306932449341 1007.1375548559424 -183.0973835507004
v 352.95186042785645 965.7292080512369 -175.24821994788743
v 99.5146095752716 629.8577159727249 -91.41112098843038
v 221.93548679351807 820.7855023609104 -123.37315341821547
v 230.25224208831787 762.7527966881613 -137.32528000322168
v 95.11473178863525 696.5355731383868 -86.98965334172917
v 218.2321310043335 874.3633077274302 -118.45610081825994
v 221.93548679351807 820.7855023609104 -123.37315341821547
v 243.86451244354248 875.9105560027668 -75.09512866585811
v 357.6908349990845 1060.8850318334382 -98.69326351737303
v 353.32515239715576 1057.667236069657 -118.65877455356788
v 127.38261222839355 697.5896775824483 -36.522531912359185
v 243.86451244354248 875.9105560027668 -75.09512866585811
v 238.4824514389038 875.0101895389682 -90.69584558688851
v 134.3362331390381 697.9850259822372 -19.876869490216205
v 249.07078742980957 876.8111130944416 -60.1510939977427
v 243.86451244354248 875.9105560027668 -75.09512866585811
v 516.1676406860352 1226.5043877465723 -205.54526761010152
v 591.5286540985107 1509.3743831804184 -273.84498868326733
v 594.8500156402588 1509.5243017875737 -267.6786974708146
v 396.5548276901245 962.3660862341978 -109.8190325789806
v 516.1676406860352 1226.5043877465723 -205.54526761010152
v 499.43389892578125 1199.9767010504067 -179.81933831947293
v 380.8795928955078 963.9196182759687 -130.8087250432345
v 536.3037586212158 1316.7802418629892 -240.63196177652367
v 516.1676406860352 1226.5043877465723 -205.54526761010152
v 536.3037586212158 1316.7802418629892 -240.63196177652367
v 497.17655181884766 1217.5027473208922 -229.60944937871693
v 584.1132640838623 1509.1826927251689 -285.61545164184423
v 380.8795928955078 963.9196182759687 -130.8087250432345
v 365.73052406311035 964.6332486568679 -156.036140721176
v 497.17655181884766 1217.5027473208922 -229.60944937871693
v 365.73052406311035 964.6332486568679 -156.036140721176
v 352.95186042785645 965.7292080512369 -175.24821994788743
v 433.66565704345703 1155.0233472976922 -225.85568172272392
v 466.3883686065674 1304.2322769415287 -210.57650833907283
v 581.2450408935547 1549.8781696184246 -283.3979747514711
v 577.387285232544 1549.7777468731767 -288.5522029455595
v 345.88611125946045 1054.9358141498533 -138.9765431591612
v 466.3883686065674 1304.2322769415287 -210.57650833907283
v 459.9586009979248 1298.4920145369545 -218.71969397307936
v 353.32515239715576 1057.667236069657 -118.65877455356788
v 507.8456401824951 1386.4157308506774 -225.993525360049
v 466.3883686065674 1304.2322769415287 -210.57650833907283
v 480.411434173584 1297.3191926252575 -177.2110310813488
v 489.8323059082031 1271.3267043862631 -173.3926698558207
v 591.6188716888428 1529.9115698573785 -267.6578391666508
v 362.9714012145996 1062.0350701008083 -83.90560167547149
v 381.18865489959717 1018.8587070446075 -72.59653120654811
v 489.8323059082031 1271.3267043862631 -173.3926698558207
v 381.18865489959717 1018.8587070446075 -72.59653120654811
v 400.51445960998535 964.6422231576818 -94.88834957540526
v 499.43389892578125 1199.9767010504067 -179.81933831947293
v 228.34112644195557 874.6273823489234 -104.93246261283936
v 345.88611125946045 1054.9358141498533 -138.9765431591612
v 337.07735538482666 1056.045602562461 -153.6425403683197
v 107.77184963226318 696.8649750023804 -70.07892756340985
v 228.34112644195557 874.6273823489234 -104.93246261283936
v 218.2321310043335 874.3633077274302 -118.45610081825994
v 120.42897939682007 697.1943291826592 -53.16819582461829
v 238.4824514389038 875.0101895389682 -90.69584558688851
v 228.34112644195557 874.6273823489234 -104.93246261283936
v 291.30024909973145 753.6783602286433 -57.04285860483963
v 282.4986457824707 752.7680272469978 -76.45672306910716
v 396.5548276901245 962.3660862341978 -109.8190325789806
v 149.2614984512329 564.7276850681206 -16.987286126702415
v 138.35511207580566 564.2354904579367 -37.21483899689623
v 282.4986457824707 752.7680272469978 -76.45672306910716
v 138.35511207580566 564.2354904579367 -37.21483899689623
v 127.44871377944946 563.7432481640367 -57.442393357198405
v 265.40300846099854 753.2001791576417 -110.86509578012384
v 249.07078742980957 876.8111130944416 -60.1510939977427
v 268.08998584747314 820.067303680334 -40.835386010135934
v 381.18865489959717 1018.8587070446075 -72.59653120654811
v 134.3362331390381 697.9850259822372 -19.876869490216205
v 141.7988657951355 631.356331683321 -18.432077808455425
v 268.08998584747314 820.067303680334 -40.835386010135934
v 141.7988657951355 631.356331683321 -18.432077808455425
v 149.2614984512329 564.7276850681206 -16.987286126702415
v 291.30024909973145 753.6783602286433 -57.04285860483963
v 265.40300846099854 753.2001791576417 -110.86509578012384
v 247.56605625152588 756.7421223589901 -130.5666129854453
v 365.73052406311035 964.6332486568679 -156.036140721176
v 127.44871377944946 563.7432481640367 -57.442393357198405
v 115.68160057067871 563.4615773274078 -76.63749099616888
v 247.56605625152588 756.7421223589901 -130.5666129854453
v 115.68160057067871 563.4615773274078 -76.63749099616888
v 103.91448736190796 563.179858807062 -95.83259459559606
v 230.25224208831787 762.7527966881613 -137.32528000322168
v -299.9151945114136 690.6082745206485 -222.06403539645245
v -322.4164009094238 693.4675329594971 -223.3707127269088
v -299.5709419250488 684.1595302813835 -212.92907417125798
v -219.78580951690674 705.8973452783082 -206.50054988076624
v -263.26096057891846 694.6311592334403 -219.95322100364575
v -254.63414192199707 732.4929371911978 -210.0967170097587
v -235.77098846435547 736.600368104383 -189.74239906016945
v -281.5227270126343 751.7719457239854 -177.01634495615787
v -249.06795024871826 732.3694905365417 -170.28837214864274
v -196.62448167800903 506.8358722277108 -107.95793446079546
v -261.83271408081055 575.8924695513242 -163.00995195620337
v -199.28667545318604 492.4625185326902 -129.7574249550777
v -131.42387866973877 579.8090675290277 -159.25738721038698
v -207.50157833099365 589.987148393883 -210.06119326619051
v -198.0019211769104 654.1462112524216 -189.59723639572516
v -307.9643487930298 784.5179211286882 -212.6884784916859
v -338.43822479248047 819.9377630787391 -234.97542388328262
v -311.73086166381836 785.2752830789252 -203.5314885638062
v -313.3124828338623 784.9121724564077 -198.1702652838227
v -341.18010997772217 805.3272823800205 -231.5167547014805
v -319.41614151000977 760.3792819977947 -199.02214279096634
v -312.2120141983032 738.7641566675546 -208.72907753616974
v -342.0289993286133 790.374955734831 -236.57606603954622
v -308.07769298553467 738.9441142237531 -213.56153606158236
v -269.03162002563477 584.653726874739 -197.19997632899785
v -298.78456592559814 604.6397317880889 -225.95279530855095
v -261.3908290863037 579.316629640527 -209.31379696597477
v -252.4245262145996 728.8828587861157 -160.77235891198856
v -282.2918891906738 733.8488792613346 -161.4407066029225
v -264.37981128692627 690.2493239618042 -145.62284271101785
v -339.9146318435669 819.9054342165766 -230.69626337844278
v -338.4726047515869 805.3839301090864 -234.74119910005288
v -341.18010997772217 805.3272823800205 -231.5167547014805
v -339.9146318435669 819.9054342165766 -230.69626337844278
v -338.43822479248047 819.9377630787391 -234.97542388328262
v -338.4726047515869 805.3839301090864 -234.74119910005288
v -336.96181774139404 819.9700919409015 -239.25458438812248
v -333.94012451171875 805.4814898172348 -241.9497371713674
v -336.76371574401855 805.4524986107202 -238.92554054188824
v -301.1158227920532 761.0047931730451 -222.40088463405579
v -331.40108585357666 790.9109193526873 -244.84981070999578
v -333.94012451171875 805.4814898172348 -241.9497371713674
v -303.67653369903564 739.2804743681529 -218.39208726384337
v -334.99596118927 790.7443128880434 -242.15873249681692
v -299.45662021636963 739.4265765383321 -222.90406352971192
v -349.15897846221924 687.3514689995552 -269.5139097437818
v -391.9931888580322 736.5215290114825 -299.67718202919895
v -398.87890815734863 749.2563707518544 -303.1147031774544
v -361.190128326416 715.3874934680578 -255.5057260637491
v -406.04100227355957 749.1800781847844 -294.6551112994851
v -355.2865266799927 692.1452581713937 -256.1989958214199
v -299.8481512069702 682.9492233444598 -205.94391028541418
v -321.6444969177246 676.6295094448975 -207.8284650724525
v -293.89681816101074 643.0724796017182 -185.14479146872142
v -286.35568618774414 601.6969765170612 -240.88578490327316
v -296.3568449020386 600.9249307975908 -232.76295915493225
v -303.34184169769287 634.3104430804574 -250.7480701086492
v -276.1610269546509 596.0233394401552 -180.42707616947132
v -304.0348768234253 614.4412180071932 -207.14114186085982
v -302.92935371398926 611.6351258722701 -212.2131152043486
v -298.4652519226074 694.2919833725882 -229.71393452565763
v -316.02797508239746 692.1194167016876 -237.14513133814458
v -318.83838176727295 694.4191078019563 -231.9052397068913
v -402.50773429870605 749.2417802041732 -299.0062026944254
v -408.1799507141113 760.8972051820682 -305.43568609968287
v -400.69332122802734 749.2490754780118 -301.0604648568688
v -406.04100227355957 749.1800781847844 -294.6551112994851
v -411.35125160217285 760.8634457215386 -301.68986795606014
v -404.2743682861328 749.2109291944788 -296.8306569969552
v -356.3793182373047 715.9170203587631 -260.25330763195365
v -406.57315254211426 760.9036421873178 -307.2548913848503
v -408.1799507141113 760.8972051820682 -305.43568609968287
v -353.4579277038574 664.4471221654876 -260.06547308982664
v -393.9811706542969 736.5591995247706 -297.3583229349944
v -351.26609802246094 663.5673570205345 -263.6750110248028
v -359.7445487976074 715.6041203619475 -256.8995449543278
v -409.7867488861084 760.8907681768186 -303.6164808145155
v -411.35125160217285 760.8634457215386 -301.68986795606014
v -355.6363582611084 668.8388414977136 -251.34061742868047
v -397.5675106048584 737.0606423055712 -292.2930726199612
v -354.96506690979004 666.1391318182137 -255.8882368084831
v -354.96506690979004 666.1391318182137 -255.8882368084831
v -395.8406686782837 736.7696758423897 -294.92776476463445
v -353.4579277038574 664.4471221654876 -260.06547308982664
v -302.92935371398926 611.6351258722701 -212.2131152043486
v -353.4579277038574 664.4471221654876 -260.06547308982664
v -301.3375520706177 608.1044317782159 -218.595699200964
v -304.0348768234253 614.4412180071932 -207.14114186085982
v -354.96506690979004 666.1391318182137 -255.8882368084831
v -302.92935371398926 611.6351258722701 -212.2131152043486
v -361.190128326416 715.3874934680578 -255.5057260637491
v -411.35125160217285 760.8634457215386 -301.68986795606014
v -412.9157543182373 760.8361232662587 -299.7632550976048
v -322.94762134552 691.5060638431106 -220.09376824688346
v -359.7445487976074 715.6041203619475 -256.8995449543278
v -361.190128326416 715.3874934680578 -255.5057260637491
v -322.4164009094238 693.4675329594971 -223.3707127269088
v -358.1543207168579 715.8503588177679 -258.45045785150074
v -359.7445487976074 715.6041203619475 -256.8995449543278
v -351.26609802246094 663.5673570205345 -263.6750110248028
v -391.9931888580322 736.5215290114825 -299.67718202919895
v -348.25775623321533 663.6899513307278 -266.88627088669494
v -298.78456592559814 604.6397317880889 -225.95279530855095
v -348.25775623321533 663.6899513307278 -266.88627088669494
v -296.3568449020386 600.9249307975908 -232.76295915493225
v -301.3375520706177 608.1044317782159 -218.595699200964
v -351.26609802246094 663.5673570205345 -263.6750110248028
v -298.78456592559814 604.6397317880889 -225.95279530855095
v -358.1543207168579 715.8503588177679 -258.45045785150074
v -408.1799507141113 760.8972051820682 -305.43568609968287
v -409.7867488861084 760.8907681768186 -303.6164808145155
v -321.0700035095215 694.6518050888751 -227.27896563591574
v -356.3793182373047 715.9170203587631 -260.25330763195365
v -358.1543207168579 715.8503588177679 -258.45045785150074
v -318.83838176727295 694.4191078019563 -231.9052397068913
v -354.4182538986206 715.7343436541368 -262.642929336811
v -356.3793182373047 715.9170203587631 -260.25330763195365
v -404.2743682861328 749.2109291944788 -296.8306569969552
v -409.7867488861084 760.8907681768186 -303.6164808145155
v -402.50773429870605 749.2417802041732 -299.0062026944254
v -397.5675106048584 737.0606423055712 -292.2930726199612
v -402.50773429870605 749.2417802041732 -299.0062026944254
v -395.8406686782837 736.7696758423897 -294.92776476463445
v -399.3215799331665 737.3151784060242 -289.6819600668259
v -404.2743682861328 749.2109291944788 -296.8306569969552
v -397.5675106048584 737.0606423055712 -292.2930726199612
v -400.69332122802734 749.2490754780118 -301.0604648568688
v -406.57315254211426 760.9036421873178 -307.2548913848503
v -398.87890815734863 749.2563707518544 -303.1147031774544
v -393.9811706542969 736.5591995247706 -297.3583229349944
v -398.87890815734863 749.2563707518544 -303.1147031774544
v -391.9931888580322 736.5215290114825 -299.67718202919895
v -395.8406686782837 736.7696758423897 -294.92776476463445
v -400.69332122802734 749.2490754780118 -301.0604648568688
v -393.9811706542969 736.5591995247706 -297.3583229349944
v -299.9151945114136 690.6082745206485 -222.06403539645245
v -318.83838176727295 694.4191078019563 -231.9052397068913
v -321.0700035095215 694.6518050888751 -227.27896563591574
v -273.262619972229 692.4903066217556 -200.4498656286112
v -298.4652519226074 694.2919833725882 -229.71393452565763
v -299.9151945114136 690.6082745206485 -222.06403539645245
v -268.4929370880127 694.5579659946003 -212.18904843770483
v -294.2676067352295 693.893394324842 -235.03679613216707
v -298.4652519226074 694.2919833725882 -229.71393452565763
v -269.03162002563477 584.653726874739 -197.19997632899785
v -302.92935371398926 611.6351258722701 -212.2131152043486
v -301.3375520706177 608.1044317782159 -218.595699200964
v -246.5115785598755 559.5321328873708 -200.34277018310067
v -276.1610269546509 596.0233394401552 -180.42707616947132
v -269.03162002563477 584.653726874739 -197.19997632899785
v -261.83271408081055 575.8924695513242 -163.00995195620337
v -277.30183601379395 606.0312944661817 -171.94302418821866
v -276.1610269546509 596.0233394401552 -180.42707616947132
v -294.2676067352295 693.893394324842 -235.03679613216707
v -303.34184169769287 634.3104430804574 -250.7480701086492
v -316.02797508239746 692.1194167016876 -237.14513133814458
v -263.26096057891846 694.6311592334403 -219.95322100364575
v -286.35568618774414 601.6969765170612 -240.88578490327316
v -294.2676067352295 693.893394324842 -235.03679613216707
v -220.16451358795166 640.7339687592912 -222.28659101448798
v -251.14893913269043 579.7025322679291 -219.65460685092893
v -286.35568618774414 601.6969765170612 -240.88578490327316
v -293.89681816101074 643.0724796017182 -185.14479146872142
v -304.0348768234253 614.4412180071932 -207.14114186085982
v -277.30183601379395 606.0312944661817 -171.94302418821866
v -276.5606164932251 640.8526163725759 -157.66420076358412
v -277.30183601379395 606.0312944661817 -171.94302418821866
v -254.73790168762207 591.4863341161872 -150.54196219101058
v -286.1138582229614 692.0822315599762 -187.08010266463572
v -293.89681816101074 643.0724796017182 -185.14479146872142
v -276.5606164932251 640.8526163725759 -157.66420076358412
v -355.2865266799927 692.1452581713937 -256.1989958214199
v -399.3215799331665 737.3151784060242 -289.6819600668259
v -355.6363582611084 668.8388414977136 -251.34061742868047
v -321.6444969177246 676.6295094448975 -207.8284650724525
v -355.6363582611084 668.8388414977136 -251.34061742868047
v -304.0348768234253 614.4412180071932 -207.14114186085982
v -322.94762134552 691.5060638431106 -220.09376824688346
v -355.2865266799927 692.1452581713937 -256.1989958214199
v -321.6444969177246 676.6295094448975 -207.8284650724525
v -354.4182538986206 715.7343436541368 -262.642929336811
v -398.87890815734863 749.2563707518544 -303.1147031774544
v -406.57315254211426 760.9036421873178 -307.2548913848503
v -316.02797508239746 692.1194167016876 -237.14513133814458
v -349.15897846221924 687.3514689995552 -269.5139097437818
v -354.4182538986206 715.7343436541368 -262.642929336811
v -303.34184169769287 634.3104430804574 -250.7480701086492
v -348.25775623321533 663.6899513307278 -266.88627088669494
v -349.15897846221924 687.3514689995552 -269.5139097437818
v -299.45662021636963 739.4265765383321 -222.90406352971192
v -331.40108585357666 790.9109193526873 -244.84981070999578
v -295.4746723175049 739.4341098418429 -227.34542018987486
v -268.4929370880127 694.5579659946003 -212.18904843770483
v -295.4746723175049 739.4341098418429 -227.34542018987486
v -263.26096057891846 694.6311592334403 -219.95322100364575
v -273.262619972229 692.4903066217556 -200.4498656286112
v -299.45662021636963 739.4265765383321 -222.90406352971192
v -268.4929370880127 694.5579659946003 -212.18904843770483
v -307.9643487930298 784.5179211286882 -212.6884784916859
v -333.94012451171875 805.4814898172348 -241.9497371713674
v -336.96181774139404 819.9700919409015 -239.25458438812248
v -270.5679655075073 751.0726605889935 -198.14617949417718
v -301.1158227920532 761.0047931730451 -222.40088463405579
v -307.9643487930298 784.5179211286882 -212.6884784916859
v -254.63414192199707 732.4929371911978 -210.0967170097587
v -295.4746723175049 739.4341098418429 -227.34542018987486
v -301.1158227920532 761.0047931730451 -222.40088463405579
v -336.76371574401855 805.4524986107202 -238.92554054188824
v -334.99596118927 790.7443128880434 -242.15873249681692
v -338.68534564971924 790.554436762194 -239.5160532514046
v -336.76371574401855 805.4524986107202 -238.92554054188824
v -333.94012451171875 805.4814898172348 -241.9497371713674
v -334.99596118927 790.7443128880434 -242.15873249681692
v -333.94012451171875 805.4814898172348 -241.9497371713674
v -331.40108585357666 790.9109193526873 -244.84981070999578
v -334.99596118927 790.7443128880434 -242.15873249681692
v -338.4726047515869 805.3839301090864 -234.74119910005288
v -336.76371574401855 805.4524986107202 -238.92554054188824
v -338.68534564971924 790.554436762194 -239.5160532514046
v -338.4726047515869 805.3839301090864 -234.74119910005288
v -338.43822479248047 819.9377630787391 -234.97542388328262
v -336.76371574401855 805.4524986107202 -238.92554054188824
v -338.43822479248047 819.9377630787391 -234.97542388328262
v -336.96181774139404 819.9700919409015 -239.25458438812248
v -336.76371574401855 805.4524986107202 -238.92554054188824
v -341.18010997772217 805.3272823800205 -231.5167547014805
v -342.0289993286133 790.374955734831 -236.57606603954622
v -344.8610305786133 790.2893162966336 -233.4124660576372
v -341.18010997772217 805.3272823800205 -231.5167547014805
v -338.4726047515869 805.3839301090864 -234.74119910005288
v -342.0289993286133 790.374955734831 -236.57606603954622
v -338.4726047515869 805.3839301090864 -234.74119910005288
v -338.68534564971924 790.554436762194 -239.5160532514046
v -342.0289993286133 790.374955734831 -236.57606603954622
v -264.37981128692627 690.2493239618042 -145.62284271101785
v -286.1138582229614 692.0822315599762 -187.08010266463572
v -276.5606164932251 640.8526163725759 -157.66420076358412
v -252.73668766021729 647.6895131526607 -123.25624050889472
v -276.5606164932251 640.8526163725759 -157.66420076358412
v -254.73790168762207 591.4863341161872 -150.54196219101058
v -231.6143274307251 685.2712398151667 -143.0598064118563
v -264.37981128692627 690.2493239618042 -145.62284271101785
v -252.73668766021729 647.6895131526607 -123.25624050889472
v -261.3908290863037 579.316629640527 -209.31379696597477
v -296.3568449020386 600.9249307975908 -232.76295915493225
v -251.14893913269043 579.7025322679291 -219.65460685092893
v -216.70918464660645 581.4328805476932 -209.83340676204975
v -251.14893913269043 579.7025322679291 -219.65460685092893
v -207.50157833099365 589.987148393883 -210.06119326619051
v -246.5115785598755 559.5321328873708 -200.34277018310067
v -261.3908290863037 579.316629640527 -209.31379696597477
v -216.70918464660645 581.4328805476932 -209.83340676204975
v -308.07769298553467 738.9441142237531 -213.56153606158236
v -338.68534564971924 790.554436762194 -239.5160532514046
v -303.67653369903564 739.2804743681529 -218.39208726384337
v -280.80222606658936 692.8997677744335 -193.790620204293
v -303.67653369903564 739.2804743681529 -218.39208726384337
v -273.262619972229 692.4903066217556 -200.4498656286112
v -286.1138582229614 692.0822315599762 -187.08010266463572
v -308.07769298553467 738.9441142237531 -213.56153606158236
v -280.80222606658936 692.8997677744335 -193.790620204293
v -319.41614151000977 760.3792819977947 -199.02214279096634
v -344.8610305786133 790.2893162966336 -233.4124660576372
v -312.2120141983032 738.7641566675546 -208.72907753616974
v -282.2918891906738 733.8488792613346 -161.4407066029225
v -312.2120141983032 738.7641566675546 -208.72907753616974
v -286.1138582229614 692.0822315599762 -187.08010266463572
v -281.47218227386475 752.0700653009256 -170.9665808483861
v -319.41614151000977 760.3792819977947 -199.02214279096634
v -282.2918891906738 733.8488792613346 -161.4407066029225
v -311.73086166381836 785.2752830789252 -203.5314885638062
v -339.9146318435669 819.9054342165766 -230.69626337844278
v -313.3124828338623 784.9121724564077 -198.1702652838227
v -281.5227270126343 751.7719457239854 -177.01634495615787
v -313.3124828338623 784.9121724564077 -198.1702652838227
v -281.47218227386475 752.0700653009256 -170.9665808483861
v -270.5679655075073 751.0726605889935 -198.14617949417718
v -311.73086166381836 785.2752830789252 -203.5314885638062
v -281.5227270126343 751.7719457239854 -177.01634495615787
v -148.52443933486938 635.6541894609265 -132.47792348080048
v -198.0019211769104 654.1462112524216 -189.59723639572516
v -206.9065809249878 699.9002169863102 -176.03783089376088
v -105.83044290542603 607.6718599206822 -127.67790919442224
v -131.42387866973877 579.8090675290277 -159.25738721038698
v -148.52443933486938 635.6541894609265 -132.47792348080048
v -73.2866883277893 503.4916667855409 -128.83032418618865
v -147.07815647125244 503.91294434931126 -178.3360229357018
v -131.42387866973877 579.8090675290277 -159.25738721038698
v -199.28667545318604 492.4625185326902 -129.7574249550777
v -246.5115785598755 559.5321328873708 -200.34277018310067
v -182.34620094299316 493.1240308250552 -153.67833065290944
v -132.99686908721924 420.7748738587952 -92.88888276382137
v -182.34620094299316 493.1240308250552 -153.67833065290944
v -118.82460117340088 417.6742370698613 -112.33219752622662
v -138.24666738510132 423.88457133360197 -68.65877858562536
v -199.28667545318604 492.4625185326902 -129.7574249550777
v -132.99686908721924 420.7748738587952 -92.88888276382137
v -249.06795024871826 732.3694905365417 -170.28837214864274
v -281.47218227386475 752.0700653009256 -170.9665808483861
v -252.4245262145996 728.8828587861157 -160.77235891198856
v -222.52075672149658 691.8062435579265 -154.27200144245555
v -252.4245262145996 728.8828587861157 -160.77235891198856
v -231.6143274307251 685.2712398151667 -143.0598064118563
v -206.9065809249878 699.9002169863102 -176.03783089376088
v -249.06795024871826 732.3694905365417 -170.28837214864274
v -222.52075672149658 691.8062435579265 -154.27200144245555
v -235.77098846435547 736.600368104383 -189.74239906016945
v -254.63414192199707 732.4929371911978 -210.0967170097587
v -270.5679655075073 751.0726605889935 -198.14617949417718
v -206.9065809249878 699.9002169863102 -176.03783089376088
v -219.78580951690674 705.8973452783082 -206.50054988076624
v -235.77098846435547 736.600368104383 -189.74239906016945
v -198.0019211769104 654.1462112524216 -189.59723639572516
v -220.16451358795166 640.7339687592912 -222.28659101448798
v -219.78580951690674 705.8973452783082 -206.50054988076624
v -299.5709419250488 684.1595302813835 -212.92907417125798
v -322.94762134552 691.5060638431106 -220.09376824688346
v -299.8481512069702 682.9492233444598 -205.94391028541418
v -280.80222606658936 692.8997677744335 -193.790620204293
v -299.8481512069702 682.9492233444598 -205.94391028541418
v -286.1138582229614 692.0822315599762 -187.08010266463572
v -273.262619972229 692.4903066217556 -200.4498656286112
v -299.5709419250488 684.1595302813835 -212.92907417125798
v -280.80222606658936 692.8997677744335 -193.790620204293
v -159.69585180282593 633.2208927246977 -112.33264987574768
v -231.6143274307251 685.2712398151667 -143.0598064118563
v -167.50832796096802 639.8268083952858 -85.22924476111541
v -116.82119369506836 625.2463176474785 -100.83715373399504
v -167.50832796096802 639.8268083952858 -85.22924476111541
v -119.9182391166687 570.3643232201223 -55.11259788325034
v -105.83044290542603 607.6718599206822 -127.67790919442224
v -159.69585180282593 633.2208927246977 -112.33264987574768
v -116.82119369506836 625.2463176474785 -100.83715373399504
v -189.44439888000488 570.513854402657 -85.49718614918962
v -254.73790168762207 591.4863341161872 -150.54196219101058
v -196.62448167800903 506.8358722277108 -107.95793446079546
v -128.030264377594 497.71484452363273 -53.78762843797124
v -196.62448167800903 506.8358722277108 -107.95793446079546
v -138.24666738510132 423.88457133360197 -68.65877858562536
v -119.9182391166687 570.3643232201223 -55.11259788325034
v -189.44439888000488 570.513854402657 -85.49718614918962
v -128.030264377594 497.71484452363273 -53.78762843797124
v -161.93013191223145 499.05559635169544 -169.75432420351285
v -207.50157833099365 589.987148393883 -210.06119326619051
v -147.07815647125244 503.91294434931126 -178.3360229357018
v -93.86547207832336 427.21727410483896 -114.6620015941073
v -147.07815647125244 503.91294434931126 -178.3360229357018
v -73.3183205127716 430.0655165094272 -122.69530150425095
v -118.82460117340088 417.6742370698613 -112.33219752622662
v -161.93013191223145 499.05559635169544 -169.75432420351285
v -93.86547207832336 427.21727410483896 -114.6620015941073
v -182.34620094299316 493.1240308250552 -153.67833065290944
v -246.5115785598755 559.5321328873708 -200.34277018310067
v -216.70918464660645 581.4328805476932 -209.83340676204975
v -167.50832796096802 639.8268083952858 -85.22924476111541
v -231.6143274307251 685.2712398151667 -143.0598064118563
v -252.73668766021729 647.6895131526607 -123.25624050889472
v -148.52443933486938 635.6541894609265 -132.47792348080048
v -206.9065809249878 699.9002169863102 -176.03783089376088
v -222.52075672149658 691.8062435579265 -154.27200144245555
v -299.9151945114136 690.6082745206485 -222.06403539645245
v -321.0700035095215 694.6518050888751 -227.27896563591574
v -322.4164009094238 693.4675329594971 -223.3707127269088
v -219.78580951690674 705.8973452783082 -206.50054988076624
v -220.16451358795166 640.7339687592912 -222.28659101448798
v -263.26096057891846 694.6311592334403 -219.95322100364575
v -235.77098846435547 736.600368104383 -189.74239906016945
v -270.5679655075073 751.0726605889935 -198.14617949417718
v -281.5227270126343 751.7719457239854 -177.01634495615787
v -196.62448167800903 506.8358722277108 -107.95793446079546
v -254.73790168762207 591.4863341161872 -150.54196219101058
v -261.83271408081055 575.8924695513242 -163.00995195620337
v -131.42387866973877 579.8090675290277 -159.25738721038698
v -147.07815647125244 503.91294434931126 -178.3360229357018
v -207.50157833099365 589.987148393883 -210.06119326619051
v -307.9643487930298 784.5179211286882 -212.6884784916859
v -336.96181774139404 819.9700919409015 -239.25458438812248
v -338.43822479248047 819.9377630787391 -234.97542388328262
v -313.3124828338623 784.9121724564077 -198.1702652838227
v -339.9146318435669 819.9054342165766 -230.69626337844278
v -341.18010997772217 805.3272823800205 -231.5167547014805
v -312.2120141983032 738.7641566675546 -208.72907753616974
v -344.8610305786133 790.2893162966336 -233.4124660576372
v -342.0289993286133 790.374955734831 -236.57606603954622
v -269.03162002563477 584.653726874739 -197.19997632899785
v -301.3375520706177 608.1044317782159 -218.595699200964
v -298.78456592559814 604.6397317880889 -225.95279530855095
v -252.4245262145996 728.8828587861157 -160.77235891198856
v -281.47218227386475 752.0700653009256 -170.9665808483861
v -282.2918891906738 733.8488792613346 -161.4407066029225
v -301.1158227920532 761.0047931730451 -222.40088463405579
v -295.4746723175049 739.4341098418429 -227.34542018987486
v -331.40108585357666 790.9109193526873 -244.84981070999578
v -303.67653369903564 739.2804743681529 -218.39208726384337
v -338.68534564971924 790.554436762194 -239.5160532514046
v -334.99596118927 790.7443128880434 -242.15873249681692
v -349.15897846221924 687.3514689995552 -269.5139097437818
v -348.25775623321533 663.6899513307278 -266.88627088669494
v -391.9931888580322 736.5215290114825 -299.67718202919895
v -361.190128326416 715.3874934680578 -255.5057260637491
v -412.9157543182373 760.8361232662587 -299.7632550976048
v -406.04100227355957 749.1800781847844 -294.6551112994851
v -299.8481512069702 682.9492233444598 -205.94391028541418
v -322.94762134552 691.5060638431106 -220.09376824688346
v -321.6444969177246 676.6295094448975 -207.8284650724525
v -286.35568618774414 601.6969765170612 -240.88578490327316
v -251.14893913269043 579.7025322679291 -219.65460685092893
v -296.3568449020386 600.9249307975908 -232.76295915493225
v -276.1610269546509 596.0233394401552 -180.42707616947132
v -277.30183601379395 606.0312944661817 -171.94302418821866
v -304.0348768234253 614.4412180071932 -207.14114186085982
v -298.4652519226074 694.2919833725882 -229.71393452565763
v -294.2676067352295 693.893394324842 -235.03679613216707
v -316.02797508239746 692.1194167016876 -237.14513133814458
v -402.50773429870605 749.2417802041732 -299.0062026944254
v -409.7867488861084 760.8907681768186 -303.6164808145155
v -408.1799507141113 760.8972051820682 -305.43568609968287
v -406.04100227355957 749.1800781847844 -294.6551112994851
v -412.9157543182373 760.8361232662587 -299.7632550976048
v -411.35125160217285 760.8634457215386 -301.68986795606014
v -356.3793182373047 715.9170203587631 -260.25330763195365
v -354.4182538986206 715.7343436541368 -262.642929336811
v -406.57315254211426 760.9036421873178 -307.2548913848503
v -353.4579277038574 664.4471221654876 -260.06547308982664
v -395.8406686782837 736.7696758423897 -294.92776476463445
v -393.9811706542969 736.5591995247706 -297.3583229349944
v -359.7445487976074 715.6041203619475 -256.8995449543278
v -358.1543207168579 715.8503588177679 -258.45045785150074
v -409.7867488861084 760.8907681768186 -303.6164808145155
v -355.6363582611084 668.8388414977136 -251.34061742868047
v -399.3215799331665 737.3151784060242 -289.6819600668259
v -397.5675106048584 737.0606423055712 -292.2930726199612
v -354.96506690979004 666.1391318182137 -255.8882368084831
v -397.5675106048584 737.0606423055712 -292.2930726199612
v -395.8406686782837 736.7696758423897 -294.92776476463445
v -302.92935371398926 611.6351258722701 -212.2131152043486
v -354.96506690979004 666.1391318182137 -255.8882368084831
v -353.4579277038574 664.4471221654876 -260.06547308982664
v -304.0348768234253 614.4412180071932 -207.14114186085982
v -355.6363582611084 668.8388414977136 -251.34061742868047
v -354.96506690979004 666.1391318182137 -255.8882368084831
v -361.190128326416 715.3874934680578 -255.5057260637491
v -359.7445487976074 715.6041203619475 -256.8995449543278
v -411.35125160217285 760.8634457215386 -301.68986795606014
v -322.94762134552 691.5060638431106 -220.09376824688346
v -322.4164009094238 693.4675329594971 -223.3707127269088
v -359.7445487976074 715.6041203619475 -256.8995449543278
v -322.4164009094238 693.4675329594971 -223.3707127269088
v -321.0700035095215 694.6518050888751 -227.27896563591574
v -358.1543207168579 715.8503588177679 -258.45045785150074
v -351.26609802246094 663.5673570205345 -263.6750110248028
v -393.9811706542969 736.5591995247706 -297.3583229349944
v -391.9931888580322 736.5215290114825 -299.67718202919895
v -298.78456592559814 604.6397317880889 -225.95279530855095
v -351.26609802246094 663.5673570205345 -263.6750110248028
v -348.25775623321533 663.6899513307278 -266.88627088669494
v -301.3375520706177 608.1044317782159 -218.595699200964
v -353.4579277038574 664.4471221654876 -260.06547308982664
v -351.26609802246094 663.5673570205345 -263.6750110248028
v -358.1543207168579 715.8503588177679 -258.45045785150074
v -356.3793182373047 715.9170203587631 -260.25330763195365
v -408.1799507141113 760.8972051820682 -305.43568609968287
v -321.0700035095215 694.6518050888751 -227.27896563591574
v -318.83838176727295 694.4191078019563 -231.9052397068913
v -356.3793182373047 715.9170203587631 -260.25330763195365
v -318.83838176727295 694.4191078019563 -231.9052397068913
v -316.02797508239746 692.1194167016876 -237.14513133814458
v -354.4182538986206 715.7343436541368 -262.642929336811
v -404.2743682861328 749.2109291944788 -296.8306569969552
v -411.35125160217285 760.8634457215386 -301.68986795606014
v -409.7867488861084 760.8907681768186 -303.6164808145155
v -397.5675106048584 737.0606423055712 -292.2930726199612
v -404.2743682861328 749.2109291944788 -296.8306569969552
v -402.50773429870605 749.2417802041732 -299.0062026944254
v -399.3215799331665 737.3151784060242 -289.6819600668259
v -406.04100227355957 749.1800781847844 -294.6551112994851
v -404.2743682861328 749.2109291944788 -296.8306569969552
v -400.69332122802734 749.2490754780118 -301.0604648568688
v -408.1799507141113 760.8972051820682 -305.43568609968287
v -406.57315254211426 760.9036421873178 -307.2548913848503
v -393.9811706542969 736.5591995247706 -297.3583229349944
v -400.69332122802734 749.2490754780118 -301.0604648568688
v -398.87890815734863 749.2563707518544 -303.1147031774544
v -395.8406686782837 736.7696758423897 -294.92776476463445
v -402.50773429870605 749.2417802041732 -299.0062026944254
v -400.69332122802734 749.2490754780118 -301.0604648568688
v -299.9151945114136 690.6082745206485 -222.06403539645245
v -298.4652519226074 694.2919833725882 -229.71393452565763
v -318.83838176727295 694.4191078019563 -231.9052397068913
v -273.262619972229 692.4903066217556 -200.4498656286112
v -268.4929370880127 694.5579659946003 -212.18904843770483
v -298.4652519226074 694.2919833725882 -229.71393452565763
v -268.4929370880127 694.5579659946003 -212.18904843770483
v -263.26096057891846 694.6311592334403 -219.95322100364575
v -294.2676067352295 693.893394324842 -235.03679613216707
v -269.03162002563477 584.653726874739 -197.19997632899785
v -276.1610269546509 596.0233394401552 -180.42707616947132
v -302.92935371398926 611.6351258722701 -212.2131152043486
v -246.5115785598755 559.5321328873708 -200.34277018310067
v -261.83271408081055 575.8924695513242 -163.00995195620337
v -276.1610269546509 596.0233394401552 -180.42707616947132
v -261.83271408081055 575.8924695513242 -163.00995195620337
v -254.73790168762207 591.4863341161872 -150.54196219101058
v -277.30183601379395 606.0312944661817 -171.94302418821866
v -294.2676067352295 693.893394324842 -235.03679613216707
v -286.35568618774414 601.6969765170612 -240.88578490327316
v -303.34184169769287 634.3104430804574 -250.7480701086492
v -263.26096057891846 694.6311592334403 -219.95322100364575
v -220.16451358795166 640.7339687592912 -222.28659101448798
v -286.35568618774414 601.6969765170612 -240.88578490327316
v -220.16451358795166 640.7339687592912 -222.28659101448798
v -207.50157833099365 589.987148393883 -210.06119326619051
v -251.14893913269043 579.7025322679291 -219.65460685092893
v -293.89681816101074 643.0724796017182 -185.14479146872142
v -321.6444969177246 676.6295094448975 -207.8284650724525
v -304.0348768234253 614.4412180071932 -207.14114186085982
v -276.5606164932251 640.8526163725759 -157.66420076358412
v -293.89681816101074 643.0724796017182 -185.14479146872142
v -277.30183601379395 606.0312944661817 -171.94302418821866
v -286.1138582229614 692.0822315599762 -187.08010266463572
v -299.8481512069702 682.9492233444598 -205.94391028541418
v -293.89681816101074 643.0724796017182 -185.14479146872142
v -355.2865266799927 692.1452581713937 -256.1989958214199
v -406.04100227355957 749.1800781847844 -294.6551112994851
v -399.3215799331665 737.3151784060242 -289.6819600668259
v -321.6444969177246 676.6295094448975 -207.8284650724525
v -355.2865266799927 692.1452581713937 -256.1989958214199
v -355.6363582611084 668.8388414977136 -251.34061742868047
v -322.94762134552 691.5060638431106 -220.09376824688346
v -361.190128326416 715.3874934680578 -255.5057260637491
v -355.2865266799927 692.1452581713937 -256.1989958214199
v -354.4182538986206 715.7343436541368 -262.642929336811
v -349.15897846221924 687.3514689995552 -269.5139097437818
v -398.87890815734863 749.2563707518544 -303.1147031774544
v -316.02797508239746 692.1194167016876 -237.14513133814458
v -303.34184169769287 634.3104430804574 -250.7480701086492
v -349.15897846221924 687.3514689995552 -269.5139097437818
v -303.34184169769287 634.3104430804574 -250.7480701086492
v -296.3568449020386 600.9249307975908 -232.76295915493225
v -348.25775623321533 663.6899513307278 -266.88627088669494
v -299.45662021636963 739.4265765383321 -222.90406352971192
v -334.99596118927 790.7443128880434 -242.15873249681692
v -331.40108585357666 790.9109193526873 -244.84981070999578
v -268.4929370880127 694.5579659946003 -212.18904843770483
v -299.45662021636963 739.4265765383321 -222.90406352971192
v -295.4746723175049 739.4341098418429 -227.34542018987486
v -273.262619972229 692.4903066217556 -200.4498656286112
v -303.67653369903564 739.2804743681529 -218.39208726384337
v -299.45662021636963 739.4265765383321 -222.90406352971192
v -307.9643487930298 784.5179211286882 -212.6884784916859
v -301.1158227920532 761.0047931730451 -222.40088463405579
v -333.94012451171875 805.4814898172348 -241.9497371713674
v -270.5679655075073 751.0726605889935 -198.14617949417718
v -254.63414192199707 732.4929371911978 -210.0967170097587
v -301.1158227920532 761.0047931730451 -222.40088463405579
v -254.63414192199707 732.4929371911978 -210.0967170097587
v -263.26096057891846 694.6311592334403 -219.95322100364575
v -295.4746723175049 739.4341098418429 -227.34542018987486
v -264.37981128692627 690.2493239618042 -145.62284271101785
v -282.2918891906738 733.8488792613346 -161.4407066029225
v -286.1138582229614 692.0822315599762 -187.08010266463572
v -252.73668766021729 647.6895131526607 -123.25624050889472
v -264.37981128692627 690.2493239618042 -145.62284271101785
v -276.5606164932251 640.8526163725759 -157.66420076358412
v -231.6143274307251 685.2712398151667 -143.0598064118563
v -252.4245262145996 728.8828587861157 -160.77235891198856
v -264.37981128692627 690.2493239618042 -145.62284271101785
v -261.3908290863037 579.316629640527 -209.31379696597477
v -298.78456592559814 604.6397317880889 -225.95279530855095
v -296.3568449020386 600.9249307975908 -232.76295915493225
v -216.70918464660645 581.4328805476932 -209.83340676204975
v -261.3908290863037 579.316629640527 -209.31379696597477
v -251.14893913269043 579.7025322679291 -219.65460685092893
v -246.5115785598755 559.5321328873708 -200.34277018310067
v -269.03162002563477 584.653726874739 -197.19997632899785
v -261.3908290863037 579.316629640527 -209.31379696597477
v -308.07769298553467 738.9441142237531 -213.56153606158236
v -342.0289993286133 790.374955734831 -236.57606603954622
v -338.68534564971924 790.554436762194 -239.5160532514046
v -280.80222606658936 692.8997677744335 -193.790620204293
v -308.07769298553467 738.9441142237531 -213.56153606158236
v -303.67653369903564 739.2804743681529 -218.39208726384337
v -286.1138582229614 692.0822315599762 -187.08010266463572
v -312.2120141983032 738.7641566675546 -208.72907753616974
v -308.07769298553467 738.9441142237531 -213.56153606158236
v -319.41614151000977 760.3792819977947 -199.02214279096634
v -341.18010997772217 805.3272823800205 -231.5167547014805
v -344.8610305786133 790.2893162966336 -233.4124660576372
v -282.2918891906738 733.8488792613346 -161.4407066029225
v -319.41614151000977 760.3792819977947 -199.02214279096634
v -312.2120141983032 738.7641566675546 -208.72907753616974
v -281.47218227386475 752.0700653009256 -170.9665808483861
v -313.3124828338623 784.9121724564077 -198.1702652838227
v -319.41614151000977 760.3792819977947 -199.02214279096634
v -311.73086166381836 785.2752830789252 -203.5314885638062
v -338.43822479248047 819.9377630787391 -234.97542388328262
v -339.9146318435669 819.9054342165766 -230.69626337844278
v -281.5227270126343 751.7719457239854 -177.01634495615787
v -311.73086166381836 785.2752830789252 -203.5314885638062
v -313.3124828338623 784.9121724564077 -198.1702652838227
v -270.5679655075073 751.0726605889935 -198.14617949417718
v -307.9643487930298 784.5179211286882 -212.6884784916859
v -311.73086166381836 785.2752830789252 -203.5314885638062
v -148.52443933486938 635.6541894609265 -132.47792348080048
v -131.42387866973877 579.8090675290277 -159.25738721038698
v -198.0019211769104 654.1462112524216 -189.59723639572516
v -105.83044290542603 607.6718599206822 -127.67790919442224
v -73.2866883277893 503.4916667855409 -128.83032418618865
v -131.42387866973877 579.8090675290277 -159.25738721038698
v -73.2866883277893 503.4916667855409 -128.83032418618865
v -73.3183205127716 430.0655165094272 -122.69530150425095
v -147.07815647125244 503.91294434931126 -178.3360229357018
v -199.28667545318604 492.4625185326902 -129.7574249550777
v -261.83271408081055 575.8924695513242 -163.00995195620337
v -246.5115785598755 559.5321328873708 -200.34277018310067
v -132.99686908721924 420.7748738587952 -92.88888276382137
v -199.28667545318604 492.4625185326902 -129.7574249550777
v -182.34620094299316 493.1240308250552 -153.67833065290944
v -138.24666738510132 423.88457133360197 -68.65877858562536
v -196.62448167800903 506.8358722277108 -107.95793446079546
v -199.28667545318604 492.4625185326902 -129.7574249550777
v -249.06795024871826 732.3694905365417 -170.28837214864274
v -281.5227270126343 751.7719457239854 -177.01634495615787
v -281.47218227386475 752.0700653009256 -170.9665808483861
v -222.52075672149658 691.8062435579265 -154.27200144245555
v -249.06795024871826 732.3694905365417 -170.28837214864274
v -252.4245262145996 728.8828587861157 -160.77235891198856
v -206.9065809249878 699.9002169863102 -176.03783089376088
v -235.77098846435547 736.600368104383 -189.74239906016945
v -249.06795024871826 732.3694905365417 -170.28837214864274
v -235.77098846435547 736.600368104383 -189.74239906016945
v -219.78580951690674 705.8973452783082 -206.50054988076624
v -254.63414192199707 732.4929371911978 -210.0967170097587
v -206.9065809249878 699.9002169863102 -176.03783089376088
v -198.0019211769104 654.1462112524216 -189.59723639572516
v -219.78580951690674 705.8973452783082 -206.50054988076624
v -198.0019211769104 654.1462112524216 -189.59723639572516
v -207.50157833099365 589.987148393883 -210.06119326619051
v -220.16451358795166 640.7339687592912 -222.28659101448798
v -299.5709419250488 684.1595302813835 -212.92907417125798
v -322.4164009094238 693.4675329594971 -223.3707127269088
v -322.94762134552 691.5060638431106 -220.09376824688346
v -280.80222606658936 692.8997677744335 -193.790620204293
v -299.5709419250488 684.1595302813835 -212.92907417125798
v -299.8481512069702 682.9492233444598 -205.94391028541418
v -273.262619972229 692.4903066217556 -200.4498656286112
v -299.9151945114136 690.6082745206485 -222.06403539645245
v -299.5709419250488 684.1595302813835 -212.92907417125798
v -159.69585180282593 633.2208927246977 -112.33264987574768
v -222.52075672149658 691.8062435579265 -154.27200144245555
v -231.6143274307251 685.2712398151667 -143.0598064118563
v -116.82119369506836 625.2463176474785 -100.83715373399504
v -159.69585180282593 633.2208927246977 -112.33264987574768
v -167.50832796096802 639.8268083952858 -85.22924476111541
v -105.83044290542603 607.6718599206822 -127.67790919442224
v -148.52443933486938 635.6541894609265 -132.47792348080048
v -159.69585180282593 633.2208927246977 -112.33264987574768
v -189.44439888000488 570.513854402657 -85.49718614918962
v -252.73668766021729 647.6895131526607 -123.25624050889472
v -254.73790168762207 591.4863341161872 -150.54196219101058
v -128.030264377594 497.71484452363273 -53.78762843797124
v -189.44439888000488 570.513854402657 -85.49718614918962
v -196.62448167800903 506.8358722277108 -107.95793446079546
v -119.9182391166687 570.3643232201223 -55.11259788325034
v -167.50832796096802 639.8268083952858 -85.22924476111541
v -189.44439888000488 570.513854402657 -85.49718614918962
v -161.93013191223145 499.05559635169544 -169.75432420351285
v -216.70918464660645 581.4328805476932 -209.83340676204975
v -207.50157833099365 589.987148393883 -210.06119326619051
v -93.86547207832336 427.21727410483896 -114.6620015941073
v -161.93013191223145 499.05559635169544 -169.75432420351285
v -147.07815647125244 503.91294434931126 -178.3360229357018
v -118.82460117340088 417.6742370698613 -112.33219752622662
v -182.34620094299316 493.1240308250552 -153.67833065290944
v -161.93013191223145 499.05559635169544 -169.75432420351285
v -96.64876461029053 861.6462480470713 -139.36164112004545
v -106.01871013641357 889.2009443472767 -179.00414648665617
v -83.73982310295105 859.0591187210837 -149.43059373581065
v -90.62389135360718 954.7008306705186 -127.48488244633259
v -122.7487325668335 973.8466975510564 -147.9132450741049
v -103.77340316772461 951.086120007834 -120.74055669644117
v -112.71202564239502 864.7203234251186 -129.62350628304617
v -121.53996229171753 893.7328068778482 -165.6294848256981
v -104.94269132614136 863.9235278590314 -133.7649680024444
v -63.37701678276062 829.9771113613359 -119.8654930962606
v -50.630760192871094 828.8713243267025 -130.0837198257426
v -29.7540545463562 828.1943113906938 -127.25284479555181
v -29.7540545463562 828.1943113906938 -127.25284479555181
v -69.73416805267334 828.8112470640582 -104.18590697263168
v -76.5642523765564 833.334333143063 -107.06366764300766
v -76.5642523765564 833.334333143063 -107.06366764300766
v -63.37701678276062 829.9771113613359 -119.8654930962606
v -29.7540545463562 828.1943113906938 -127.25284479555181
v -50.97578763961792 886.0849185400913 -119.74684131056382
v -68.74522566795349 936.7544963564462 -100.84926846522177
v -61.135321855545044 973.3022538591977 -92.8227699030056
v -29.7540545463562 828.1943113906938 -127.25284479555181
v -50.630760192871094 828.8713243267025 -130.0837198257426
v -50.97578763961792 886.0849185400913 -119.74684131056382
v -50.97578763961792 886.0849185400913 -119.74684131056382
v -61.135321855545044 973.3022538591977 -92.8227699030056
v -29.7540545463562 828.1943113906938 -127.25284479555181
v -141.34445190429688 973.6377364311326 -215.9046090422895
v -177.69054174423218 1005.2761624689552 -249.73241971594783
v -178.07337045669556 1021.8190734737656 -252.95319515435526
v -160.8739137649536 1011.6951640001159 -185.63807996049607
v -192.39845275878906 1025.1885020740192 -241.45705713061187
v -171.7520236968994 976.2336414984132 -193.94286086520972
v -153.05672883987427 950.2553605745436 -205.05317433987247
v -183.26884508132935 1005.331857519123 -246.84703039701873
v -143.22599172592163 948.3226429904901 -212.50725937502952
v -112.22662925720215 948.5321810684101 -115.3396959707508
v -142.78664588928223 932.288908470464 -149.33550049525417
v -127.59578227996826 905.9181014574708 -122.02522016740984
v -72.04007506370544 907.5649973879348 -148.09028391228608
v -96.52014970779419 890.2539909150604 -182.76298245076077
v -97.23588228225708 934.5234591153085 -171.71404089837145
v -213.73841762542725 1089.1265362552854 -310.9414444547894
v -253.1013011932373 1162.6243005206602 -359.74693166408105
v -215.53242206573486 1089.5761940228851 -308.9317904829429
v -218.96600723266602 1073.5034454341612 -299.7074922482098
v -257.25157260894775 1149.4865776833897 -364.79165208074227
v -216.2154197692871 1072.1742136640817 -302.8247911115455
v -208.78901481628418 1078.0945267485213 -313.2861940154791
v -252.09903717041016 1149.6362086440847 -368.1033815362726
v -252.46217250823975 1156.2771202099125 -365.25823834636384
v -163.6665940284729 953.0953087342876 -196.3807466714551
v -191.84318780899048 1006.4696873668491 -240.58127111431605
v -159.089457988739 952.0276697507776 -199.97938884675787
v -145.4260230064392 1015.8816022211452 -193.57526163849468
v -185.50270795822144 1050.7727240344534 -234.8636431774727
v -152.9367208480835 1015.0142361722111 -189.0218957897853
v -252.07998752593994 1162.5296004789475 -360.8646141056227
v -252.46217250823975 1156.2771202099125 -365.25823834636384
v -254.42545413970947 1156.207311448697 -364.03834583315944
v -258.4096431732178 1149.4324091483663 -363.7718404416681
v -256.6532611846924 1156.2676793680737 -361.98122265879056
v -257.25157260894775 1149.4865776833897 -364.79165208074227
v -254.08456325531006 1162.700117821656 -358.5632787986257
v -253.1013011932373 1162.6243005206602 -359.74693166408105
v -255.4689884185791 1156.3131694739766 -362.95709375232246
v -213.606595993042 1071.2581137221541 -305.2406148987563
v -254.1247844696045 1149.6023533832379 -367.0145954055738
v -210.10444164276123 1070.5349420498046 -307.9303816647868
v -217.54775047302246 1090.3336026006107 -306.2578785580006
v -256.6532611846924 1156.2676793680737 -361.98122265879056
v -215.94932079315186 1078.6632034800461 -308.76465728104085
v -215.94932079315186 1078.6632034800461 -308.76465728104085
v -258.4096431732178 1149.4324091483663 -363.7718404416681
v -218.96600723266602 1073.5034454341612 -299.7074922482098
v -192.39845275878906 1025.1885020740192 -241.45705713061187
v -218.96600723266602 1073.5034454341612 -299.7074922482098
v -194.74765062332153 1007.2849839776275 -237.8947945396862
v -188.37156295776367 1051.1088948760575 -230.90422588910218
v -215.94932079315186 1078.6632034800461 -308.76465728104085
v -192.39845275878906 1025.1885020740192 -241.45705713061187
v -210.10444164276123 1070.5349420498046 -307.9303816647868
v -252.09903717041016 1149.6362086440847 -368.1033815362726
v -207.0770502090454 1070.2777358064425 -309.650404778095
v -183.26884508132935 1005.331857519123 -246.84703039701873
v -207.0770502090454 1070.2777358064425 -309.650404778095
v -177.69054174423218 1005.2761624689552 -249.73241971594783
v -188.60816955566406 1005.8018288184153 -243.18778212153595
v -210.10444164276123 1070.5349420498046 -307.9303816647868
v -183.26884508132935 1005.331857519123 -246.84703039701873
v -255.4689884185791 1156.3131694739766 -362.95709375232246
v -254.42545413970947 1156.207311448697 -364.03834583315944
v -256.04941844940186 1149.5190024570504 -365.73135507369585
v -255.4689884185791 1156.3131694739766 -362.95709375232246
v -253.1013011932373 1162.6243005206602 -359.74693166408105
v -254.42545413970947 1156.207311448697 -364.03834583315944
v -253.1013011932373 1162.6243005206602 -359.74693166408105
v -252.07998752593994 1162.5296004789475 -360.8646141056227
v -254.42545413970947 1156.207311448697 -364.03834583315944
v -257.25157260894775 1149.4865776833897 -364.79165208074227
v -255.4689884185791 1156.3131694739766 -362.95709375232246
v -256.04941844940186 1149.5190024570504 -365.73135507369585
v -257.25157260894775 1149.4865776833897 -364.79165208074227
v -256.6532611846924 1156.2676793680737 -361.98122265879056
v -255.4689884185791 1156.3131694739766 -362.95709375232246
v -256.6532611846924 1156.2676793680737 -361.98122265879056
v -254.08456325531006 1162.700117821656 -358.5632787986257
v -255.4689884185791 1156.3131694739766 -362.95709375232246
v -254.42545413970947 1156.207311448697 -364.03834583315944
v -254.1247844696045 1149.6023533832379 -367.0145954055738
v -256.04941844940186 1149.5190024570504 -365.73135507369585
v -254.42545413970947 1156.207311448697 -364.03834583315944
v -252.46217250823975 1156.2771202099125 -365.25823834636384
v -254.1247844696045 1149.6023533832379 -367.0145954055738
v -252.46217250823975 1156.2771202099125 -365.25823834636384
v -252.09903717041016 1149.6362086440847 -368.1033815362726
v -254.1247844696045 1149.6023533832379 -367.0145954055738
v -152.9367208480835 1015.0142361722111 -189.0218957897853
v -188.37156295776367 1051.1088948760575 -230.90422588910218
v -160.8739137649536 1011.6951640001159 -185.63807996049607
v -122.7487325668335 973.8466975510564 -147.9132450741049
v -160.8739137649536 1011.6951640001159 -185.63807996049607
v -135.7027769088745 968.5256724637715 -143.241622884568
v -108.87702703475952 975.5690322371573 -154.84501520257882
v -152.9367208480835 1015.0142361722111 -189.0218957897853
v -122.7487325668335 973.8466975510564 -147.9132450741049
v -159.089457988739 952.0276697507776 -199.97938884675787
v -188.60816955566406 1005.8018288184153 -243.18778212153595
v -153.05672883987427 950.2553605745436 -205.05317433987247
v -121.53996229171753 893.7328068778482 -165.6294848256981
v -153.05672883987427 950.2553605745436 -205.05317433987247
v -115.5205488204956 891.0962779101995 -171.4759609510237
v -127.64350175857544 895.5304837438886 -160.8442454220741
v -159.089457988739 952.0276697507776 -199.97938884675787
v -121.53996229171753 893.7328068778482 -165.6294848256981
v -213.73841762542725 1089.1265362552854 -310.9414444547894
v -252.46217250823975 1156.2771202099125 -365.25823834636384
v -252.07998752593994 1162.5296004789475 -360.8646141056227
v -182.6508641242981 1050.064334171869 -238.42585505241783
v -208.78901481628418 1078.0945267485213 -313.2861940154791
v -213.73841762542725 1089.1265362552854 -310.9414444547894
v -178.07337045669556 1021.8190734737656 -252.95319515435526
v -207.0770502090454 1070.2777358064425 -309.650404778095
v -208.78901481628418 1078.0945267485213 -313.2861940154791
v -216.2154197692871 1072.1742136640817 -302.8247911115455
v -256.04941844940186 1149.5190024570504 -365.73135507369585
v -213.606595993042 1071.2581137221541 -305.2406148987563
v -191.84318780899048 1006.4696873668491 -240.58127111431605
v -213.606595993042 1071.2581137221541 -305.2406148987563
v -188.60816955566406 1005.8018288184153 -243.18778212153595
v -194.74765062332153 1007.2849839776275 -237.8947945396862
v -216.2154197692871 1072.1742136640817 -302.8247911115455
v -191.84318780899048 1006.4696873668491 -240.58127111431605
v -215.53242206573486 1089.5761940228851 -308.9317904829429
v -254.08456325531006 1162.700117821656 -358.5632787986257
v -217.54775047302246 1090.3336026006107 -306.2578785580006
v -185.50270795822144 1050.7727240344534 -234.8636431774727
v -217.54775047302246 1090.3336026006107 -306.2578785580006
v -188.37156295776367 1051.1088948760575 -230.90422588910218
v -182.6508641242981 1050.064334171869 -238.42585505241783
v -215.53242206573486 1089.5761940228851 -308.9317904829429
v -185.50270795822144 1050.7727240344534 -234.8636431774727
v -90.62389135360718 954.7008306705186 -127.48488244633259
v -97.23588228225708 934.5234591153085 -171.71404089837145
v -108.87702703475952 975.5690322371573 -154.84501520257882
v -68.74522566795349 936.7544963564462 -100.84926846522177
v -72.04007506370544 907.5649973879348 -148.09028391228608
v -90.62389135360718 954.7008306705186 -127.48488244633259
v -50.97578763961792 886.0849185400913 -119.74684131056382
v -71.73557877540588 860.5604873854408 -154.4143767486642
v -72.04007506370544 907.5649973879348 -148.09028391228608
v -127.59578227996826 905.9181014574708 -122.02522016740984
v -127.64350175857544 895.5304837438886 -160.8442454220741
v -112.71202564239502 864.7203234251186 -129.62350628304617
v -101.25114917755127 879.722866015014 -93.92384318085288
v -112.71202564239502 864.7203234251186 -129.62350628304617
v -96.24711275100708 833.3392936303096 -98.58836995437785
v -83.71075987815857 933.1513264606999 -86.078277268068
v -127.59578227996826 905.9181014574708 -122.02522016740984
v -101.25114917755127 879.722866015014 -93.92384318085288
v -143.22599172592163 948.3226429904901 -212.50725937502952
v -177.69054174423218 1005.2761624689552 -249.73241971594783
v -134.521222114563 947.8498104602932 -217.44292919698222
v -106.01871013641357 889.2009443472767 -179.00414648665617
v -134.521222114563 947.8498104602932 -217.44292919698222
v -96.52014970779419 890.2539909150604 -182.76298245076077
v -115.5205488204956 891.0962779101995 -171.4759609510237
v -143.22599172592163 948.3226429904901 -212.50725937502952
v -106.01871013641357 889.2009443472767 -179.00414648665617
v -171.7520236968994 976.2336414984132 -193.94286086520972
v -194.74765062332153 1007.2849839776275 -237.8947945396862
v -163.6665940284729 953.0953087342876 -196.3807466714551
v -142.78664588928223 932.288908470464 -149.33550049525417
v -163.6665940284729 953.0953087342876 -196.3807466714551
v -127.64350175857544 895.5304837438886 -160.8442454220741
v -135.7027769088745 968.5256724637715 -143.241622884568
v -171.7520236968994 976.2336414984132 -193.94286086520972
v -142.78664588928223 932.288908470464 -149.33550049525417
v -145.4260230064392 1015.8816022211452 -193.57526163849468
v -178.07337045669556 1021.8190734737656 -252.95319515435526
v -182.6508641242981 1050.064334171869 -238.42585505241783
v -108.87702703475952 975.5690322371573 -154.84501520257882
v -141.34445190429688 973.6377364311326 -215.9046090422895
v -145.4260230064392 1015.8816022211452 -193.57526163849468
v -97.23588228225708 934.5234591153085 -171.71404089837145
v -134.521222114563 947.8498104602932 -217.44292919698222
v -141.34445190429688 973.6377364311326 -215.9046090422895
v -104.94269132614136 863.9235278590314 -133.7649680024444
v -115.5205488204956 891.0962779101995 -171.4759609510237
v -96.64876461029053 861.6462480470713 -139.36164112004545
v -86.71849966049194 833.3792519108889 -102.72092091570666
v -96.64876461029053 861.6462480470713 -139.36164112004545
v -76.5642523765564 833.334333143063 -107.06366764300766
v -96.24711275100708 833.3392936303096 -98.58836995437785
v -104.94269132614136 863.9235278590314 -133.7649680024444
v -86.71849966049194 833.3792519108889 -102.72092091570666
v -103.77340316772461 951.086120007834 -120.74055669644117
v -135.7027769088745 968.5256724637715 -143.241622884568
v -112.22662925720215 948.5321810684101 -115.3396959707508
v -76.34007334709167 935.2512207158977 -93.57945659005796
v -112.22662925720215 948.5321810684101 -115.3396959707508
v -83.71075987815857 933.1513264606999 -86.078277268068
v -68.74522566795349 936.7544963564462 -100.84926846522177
v -103.77340316772461 951.086120007834 -120.74055669644117
v -76.34007334709167 935.2512207158977 -93.57945659005796
v -83.73982310295105 859.0591187210837 -149.43059373581065
v -96.52014970779419 890.2539909150604 -182.76298245076077
v -71.73557877540588 860.5604873854408 -154.4143767486642
v -63.37701678276062 829.9771113613359 -119.8654930962606
v -71.73557877540588 860.5604873854408 -154.4143767486642
v -50.630760192871094 828.8713243267025 -130.0837198257426
v -76.5642523765564 833.334333143063 -107.06366764300766
v -83.73982310295105 859.0591187210837 -149.43059373581065
v -63.37701678276062 829.9771113613359 -119.8654930962606
v -96.64876461029053 861.6462480470713 -139.36164112004545
v -115.5205488204956 891.0962779101995 -171.4759609510237
v -106.01871013641357 889.2009443472767 -179.00414648665617
v -90.62389135360718 954.7008306705186 -127.48488244633259
v -108.87702703475952 975.5690322371573 -154.84501520257882
v -122.7487325668335 973.8466975510564 -147.9132450741049
v -112.71202564239502 864.7203234251186 -129.62350628304617
v -127.64350175857544 895.5304837438886 -160.8442454220741
v -121.53996229171753 893.7328068778482 -165.6294848256981
v -141.34445190429688 973.6377364311326 -215.9046090422895
v -134.521222114563 947.8498104602932 -217.44292919698222
v -177.69054174423218 1005.2761624689552 -249.73241971594783
v -160.8739137649536 1011.6951640001159 -185.63807996049607
v -188.37156295776367 1051.1088948760575 -230.90422588910218
v -192.39845275878906 1025.1885020740192 -241.45705713061187
v -153.05672883987427 950.2553605745436 -205.05317433987247
v -188.60816955566406 1005.8018288184153 -243.18778212153595
v -183.26884508132935 1005.331857519123 -246.84703039701873
v -112.22662925720215 948.5321810684101 -115.3396959707508
v -135.7027769088745 968.5256724637715 -143.241622884568
v -142.78664588928223 932.288908470464 -149.33550049525417
v -72.04007506370544 907.5649973879348 -148.09028391228608
v -71.73557877540588 860.5604873854408 -154.4143767486642
v -96.52014970779419 890.2539909150604 -182.76298245076077
v -213.73841762542725 1089.1265362552854 -310.9414444547894
v -252.07998752593994 1162.5296004789475 -360.8646141056227
v -253.1013011932373 1162.6243005206602 -359.74693166408105
v -218.96600723266602 1073.5034454341612 -299.7074922482098
v -258.4096431732178 1149.4324091483663 -363.7718404416681
v -257.25157260894775 1149.4865776833897 -364.79165208074227
v -208.78901481628418 1078.0945267485213 -313.2861940154791
v -207.0770502090454 1070.2777358064425 -309.650404778095
v -252.09903717041016 1149.6362086440847 -368.1033815362726
v -163.6665940284729 953.0953087342876 -196.3807466714551
v -194.74765062332153 1007.2849839776275 -237.8947945396862
v -191.84318780899048 1006.4696873668491 -240.58127111431605
v -145.4260230064392 1015.8816022211452 -193.57526163849468
v -182.6508641242981 1050.064334171869 -238.42585505241783
v -185.50270795822144 1050.7727240344534 -234.8636431774727
v -213.606595993042 1071.2581137221541 -305.2406148987563
v -256.04941844940186 1149.5190024570504 -365.73135507369585
v -254.1247844696045 1149.6023533832379 -367.0145954055738
v -217.54775047302246 1090.3336026006107 -306.2578785580006
v -254.08456325531006 1162.700117821656 -358.5632787986257
v -256.6532611846924 1156.2676793680737 -361.98122265879056
v -215.94932079315186 1078.6632034800461 -308.76465728104085
v -256.6532611846924 1156.2676793680737 -361.98122265879056
v -258.4096431732178 1149.4324091483663 -363.7718404416681
v -192.39845275878906 1025.1885020740192 -241.45705713061187
v -215.94932079315186 1078.6632034800461 -308.76465728104085
v -218.96600723266602 1073.5034454341612 -299.7074922482098
v -188.37156295776367 1051.1088948760575 -230.90422588910218
v -217.54775047302246 1090.3336026006107 -306.2578785580006
v -215.94932079315186 1078.6632034800461 -308.76465728104085
v -210.10444164276123 1070.5349420498046 -307.9303816647868
v -254.1247844696045 1149.6023533832379 -367.0145954055738
v -252.09903717041016 1149.6362086440847 -368.1033815362726
v -183.26884508132935 1005.331857519123 -246.84703039701873
v -210.10444164276123 1070.5349420498046 -307.9303816647868
v -207.0770502090454 1070.2777358064425 -309.650404778095
v -188.60816955566406 1005.8018288184153 -243.18778212153595
v -213.606595993042 1071.2581137221541 -305.2406148987563
v -210.10444164276123 1070.5349420498046 -307.9303816647868
v -152.9367208480835 1015.0142361722111 -189.0218957897853
v -185.50270795822144 1050.7727240344534 -234.8636431774727
v -188.37156295776367 1051.1088948760575 -230.90422588910218
v -122.7487325668335 973.8466975510564 -147.9132450741049
v -152.9367208480835 1015.0142361722111 -189.0218957897853
v -160.8739137649536 1011.6951640001159 -185.63807996049607
v -108.87702703475952 975.5690322371573 -154.84501520257882
v -145.4260230064392 1015.8816022211452 -193.57526163849468
v -152.9367208480835 1015.0142361722111 -189.0218957897853
v -159.089457988739 952.0276697507776 -199.97938884675787
v -191.84318780899048 1006.4696873668491 -240.58127111431605
v -188.60816955566406 1005.8018288184153 -243.18778212153595
v -121.53996229171753 893.7328068778482 -165.6294848256981
v -159.089457988739 952.0276697507776 -199.97938884675787
v -153.05672883987427 950.2553605745436 -205.05317433987247
v -127.64350175857544 895.5304837438886 -160.8442454220741
v -163.6665940284729 953.0953087342876 -196.3807466714551
v -159.089457988739 952.0276697507776 -199.97938884675787
v -213.73841762542725 1089.1265362552854 -310.9414444547894
v -208.78901481628418 1078.0945267485213 -313.2861940154791
v -252.46217250823975 1156.2771202099125 -365.25823834636384
v -182.6508641242981 1050.064334171869 -238.42585505241783
v -178.07337045669556 1021.8190734737656 -252.95319515435526
v -208.78901481628418 1078.0945267485213 -313.2861940154791
v -178.07337045669556 1021.8190734737656 -252.95319515435526
v -177.69054174423218 1005.2761624689552 -249.73241971594783
v -207.0770502090454 1070.2777358064425 -309.650404778095
v -216.2154197692871 1072.1742136640817 -302.8247911115455
v -257.25157260894775 1149.4865776833897 -364.79165208074227
v -256.04941844940186 1149.5190024570504 -365.73135507369585
v -191.84318780899048 1006.4696873668491 -240.58127111431605
v -216.2154197692871 1072.1742136640817 -302.8247911115455
v -213.606595993042 1071.2581137221541 -305.2406148987563
v -194.74765062332153 1007.2849839776275 -237.8947945396862
v -218.96600723266602 1073.5034454341612 -299.7074922482098
v -216.2154197692871 1072.1742136640817 -302.8247911115455
v -215.53242206573486 1089.5761940228851 -308.9317904829429
v -253.1013011932373 1162.6243005206602 -359.74693166408105
v -254.08456325531006 1162.700117821656 -358.5632787986257
v -185.50270795822144 1050.7727240344534 -234.8636431774727
v -215.53242206573486 1089.5761940228851 -308.9317904829429
v -217.54775047302246 1090.3336026006107 -306.2578785580006
v -182.6508641242981 1050.064334171869 -238.42585505241783
v -213.73841762542725 1089.1265362552854 -310.9414444547894
v -215.53242206573486 1089.5761940228851 -308.9317904829429
v -90.62389135360718 954.7008306705186 -127.48488244633259
v -72.04007506370544 907.5649973879348 -148.09028391228608
v -97.23588228225708 934.5234591153085 -171.71404089837145
v -68.74522566795349 936.7544963564462 -100.84926846522177
v -50.97578763961792 886.0849185400913 -119.74684131056382
v -72.04007506370544 907.5649973879348 -148.09028391228608
v -50.97578763961792 886.0849185400913 -119.74684131056382
v -50.630760192871094 828.8713243267025 -130.0837198257426
v -71.73557877540588 860.5604873854408 -154.4143767486642
v -127.59578227996826 905.9181014574708 -122.02522016740984
v -142.78664588928223 932.288908470464 -149.33550049525417
v -127.64350175857544 895.5304837438886 -160.8442454220741
v -101.25114917755127 879.722866015014 -93.92384318085288
v -127.59578227996826 905.9181014574708 -122.02522016740984
v -112.71202564239502 864.7203234251186 -129.62350628304617
v -83.71075987815857 933.1513264606999 -86.078277268068
v -112.22662925720215 948.5321810684101 -115.3396959707508
v -127.59578227996826 905.9181014574708 -122.02522016740984
v -143.22599172592163 948.3226429904901 -212.50725937502952
v -183.26884508132935 1005.331857519123 -246.84703039701873
v -177.69054174423218 1005.2761624689552 -249.73241971594783
v -106.01871013641357 889.2009443472767 -179.00414648665617
v -143.22599172592163 948.3226429904901 -212.50725937502952
v -134.521222114563 947.8498104602932 -217.44292919698222
v -115.5205488204956 891.0962779101995 -171.4759609510237
v -153.05672883987427 950.2553605745436 -205.05317433987247
v -143.22599172592163 948.3226429904901 -212.50725937502952
v -171.7520236968994 976.2336414984132 -193.94286086520972
v -192.39845275878906 1025.1885020740192 -241.45705713061187
v -194.74765062332153 1007.2849839776275 -237.8947945396862
v -142.78664588928223 932.288908470464 -149.33550049525417
v -171.7520236968994 976.2336414984132 -193.94286086520972
v -163.6665940284729 953.0953087342876 -196.3807466714551
v -135.7027769088745 968.5256724637715 -143.241622884568
v -160.8739137649536 1011.6951640001159 -185.63807996049607
v -171.7520236968994 976.2336414984132 -193.94286086520972
v -145.4260230064392 1015.8816022211452 -193.57526163849468
v -141.34445190429688 973.6377364311326 -215.9046090422895
v -178.07337045669556 1021.8190734737656 -252.95319515435526
v -108.87702703475952 975.5690322371573 -154.84501520257882
v -97.23588228225708 934.5234591153085 -171.71404089837145
v -141.34445190429688 973.6377364311326 -215.9046090422895
v -97.23588228225708 934.5234591153085 -171.71404089837145
v -96.52014970779419 890.2539909150604 -182.76298245076077
v -134.521222114563 947.8498104602932 -217.44292919698222
v -104.94269132614136 863.9235278590314 -133.7649680024444
v -121.53996229171753 893.7328068778482 -165.6294848256981
v -115.5205488204956 891.0962779101995 -171.4759609510237
v -86.71849966049194 833.3792519108889 -102.72092091570666
v -104.94269132614136 863.9235278590314 -133.7649680024444
v -96.64876461029053 861.6462480470713 -139.36164112004545
v -96.24711275100708 833.3392936303096 -98.58836995437785
v -112.71202564239502 864.7203234251186 -129.62350628304617
v -104.94269132614136 863.9235278590314 -133.7649680024444
v -103.77340316772461 951.086120007834 -120.74055669644117
v -122.7487325668335 973.8466975510564 -147.9132450741049
v -135.7027769088745 968.5256724637715 -143.241622884568
v -76.34007334709167 935.2512207158977 -93.57945659005796
v -103.77340316772461 951.086120007834 -120.74055669644117
v -112.22662925720215 948.5321810684101 -115.3396959707508
v -68.74522566795349 936.7544963564462 -100.84926846522177
v -90.62389135360718 954.7008306705186 -127.48488244633259
v -103.77340316772461 951.086120007834 -120.74055669644117
v -83.73982310295105 859.0591187210837 -149.43059373581065
v -106.01871013641357 889.2009443472767 -179.00414648665617
v -96.52014970779419 890.2539909150604 -182.76298245076077
v -63.37701678276062 829.9771113613359 -119.8654930962606
v -83.73982310295105 859.0591187210837 -149.43059373581065
v -71.73557877540588 860.5604873854408 -154.4143767486642
v -76.5642523765564 833.334333143063 -107.06366764300766
v -96.64876461029053 861.6462480470713 -139.36164112004545
v -83.73982310295105 859.0591187210837 -149.43059373581065
v -92.25584268569946 334.9328287253167 151.10203531441488
v -83.82828831672668 334.74080679107175 153.49193126168436
v -54.611337184906006 371.7340430694665 122.60742091648346
v -54.611337184906006 371.7340430694665 122.60742091648346
v -73.68617057800293 371.1406180133264 115.16357574110037
v -92.25584268569946 334.9328287253167 151.10203531441488
v -83.82828831672668 334.74080679107175 153.49193126168436
v -50.62134265899658 333.60219248887756 161.5082316486043
v -36.23882830142975 372.9915590940871 129.181216983886
v -36.23882830142975 372.9915590940871 129.181216983886
v -54.611337184906006 371.7340430694665 122.60742091648346
v -83.82828831672668 334.74080679107175 153.49193126168436
v -64.19106721878052 241.2119144649117 142.95663480056137
v -87.68911957740784 237.6764275690928 132.96293916379662
v -92.67483353614807 167.41789461411778 139.09872426911707
v -92.67483353614807 167.41789461411778 139.09872426911707
v -41.3424015045166 166.36059312898792 148.10115964874038
v -39.718201756477356 238.34109250825225 142.93306759173345
v -39.718201756477356 238.34109250825225 142.93306759173345
v -64.19106721878052 241.2119144649117 142.95663480056137
v -92.67483353614807 167.41789461411778 139.09872426911707
v -39.718201756477356 238.34109250825225 142.93306759173345
v -41.3424015045166 166.36059312898792 148.10115964874038
v -4.138440266251564 299.7796094873197 168.57095841144402
v -132.61700868606567 300.5287615168726 126.65055862355858
v -73.68617057800293 371.1406180133264 115.16357574110037
v -70.83929181098938 432.3740659285423 108.61423123884332
v -124.10999536514282 167.9371646836444 104.75221520471942
v -92.67483353614807 167.41789461411778 139.09872426911707
v -87.68911957740784 237.6764275690928 132.96293916379662
v -87.68911957740784 237.6764275690928 132.96293916379662
v -105.6648850440979 249.25050493640742 131.49666301666542
v -124.10999536514282 167.9371646836444 104.75221520471942
v -36.36798560619354 301.64888341141835 173.10303303518438
v -4.138440266251564 299.7796094873197 168.57095841144402
v -33.43801200389862 348.96023324609934 149.47932041690848
v -33.43801200389862 348.96023324609934 149.47932041690848
v -47.64943718910217 325.11675691891776 166.84551902654073
v -36.36798560619354 301.64888341141835 173.10303303518438
v -50.62134265899658 333.60219248887756 161.5082316486043
v -47.64943718910217 325.11675691891776 166.84551902654073
v -33.43801200389862 348.96023324609934 149.47932041690848
v -33.43801200389862 348.96023324609934 149.47932041690848
v -36.23882830142975 372.9915590940871 129.181216983886
v -50.62134265899658 333.60219248887756 161.5082316486043
v -105.6648850440979 249.25050493640742 131.49666301666542
v -132.61700868606567 300.5287615168726 126.65055862355858
v -124.10999536514282 167.9371646836444 104.75221520471942
v -48.75118136405945 265.43233632611094 160.94787564749222
v -36.36798560619354 301.64888341141835 173.10303303518438
v -55.64202070236206 303.2786614767424 150.6522399802003
v -105.6648850440979 249.25050493640742 131.49666301666542
v -87.68911957740784 237.6764275690928 132.96293916379662
v -97.20012545585632 270.2864425259637 156.63152105874528
v -97.20012545585632 270.2864425259637 156.63152105874528
v -103.89918088912964 285.22861172471573 156.68859603219386
v -105.6648850440979 249.25050493640742 131.49666301666542
v -47.64943718910217 325.11675691891776 166.84551902654073
v -50.62134265899658 333.60219248887756 161.5082316486043
v -55.64202070236206 303.2786614767424 150.6522399802003
v -88.87730836868286 300.2094735796051 140.30054685001585
v -55.64202070236206 303.2786614767424 150.6522399802003
v -50.62134265899658 333.60219248887756 161.5082316486043
v -50.62134265899658 333.60219248887756 161.5082316486043
v -83.82828831672668 334.74080679107175 153.49193126168436
v -88.87730836868286 300.2094735796051 140.30054685001585
v -83.82828831672668 334.74080679107175 153.49193126168436
v -92.25584268569946 334.9328287253167 151.10203531441488
v -88.87730836868286 300.2094735796051 140.30054685001585
v -64.19106721878052 241.2119144649117 142.95663480056137
v -39.718201756477356 238.34109250825225 142.93306759173345
v -48.75118136405945 265.43233632611094 160.94787564749222
v -48.75118136405945 265.43233632611094 160.94787564749222
v -62.31899857521057 267.3894906139278 161.03276426372042
v -64.19106721878052 241.2119144649117 142.95663480056137
v -73.68617057800293 371.1406180133264 115.16357574110037
v -132.61700868606567 300.5287615168726 126.65055862355858
v -117.15468168258667 303.2928713555182 151.45914381699657
v -117.15468168258667 303.2928713555182 151.45914381699657
v -92.25584268569946 334.9328287253167 151.10203531441488
v -73.68617057800293 371.1406180133264 115.16357574110037
v -132.61700868606567 300.5287615168726 126.65055862355858
v -105.6648850440979 249.25050493640742 131.49666301666542
v -103.89918088912964 285.22861172471573 156.68859603219386
v -103.89918088912964 285.22861172471573 156.68859603219386
v -117.15468168258667 303.2928713555182 151.45914381699657
v -132.61700868606567 300.5287615168726 126.65055862355858
v -87.68911957740784 237.6764275690928 132.96293916379662
v -64.19106721878052 241.2119144649117 142.95663480056137
v -62.31899857521057 267.3894906139278 161.03276426372042
v -62.31899857521057 267.3894906139278 161.03276426372042
v -97.20012545585632 270.2864425259637 156.63152105874528
v -87.68911957740784 237.6764275690928 132.96293916379662
v -36.36798560619354 301.64888341141835 173.10303303518438
v -47.64943718910217 325.11675691891776 166.84551902654073
v -55.64202070236206 303.2786614767424 150.6522399802003
vn 0.28122923255988835 0.1479191154525988 -0.948171953834059
vn 0.28122923255988835 0.1479191154525988 -0.948171953834059
vn 0.28122923255988835 0.1479191154525988 -0.948171953834059
vn 0.9451274981250529 0.17059424648027627 -0.27862450602146344
vn 0.9451274981250529 0.17059424648027627 -0.27862450602146344
vn 0.9451274981250529 0.17059424648027627 -0.27862450602146344
vn 0.9776183693985041 0.16704124346627547 0.12790444400352227
vn 0.9776183693985041 0.16704124346627547 0.12790444400352227
vn 0.9776183693985041 0.16704124346627547 0.12790444400352227
vn 0.9953554625914396 0.03562234222168351 0.08943462318376821
vn 0.9953554625914396 0.03562234222168351 0.08943462318376821
vn 0.9953554625914396 0.03562234222168351 0.08943462318376821
vn 0.5097910592888911 0.20885672658851137 0.8345609286492163
vn 0.5097910592888911 0.20885672658851137 0.8345609286492163
vn 0.5097910592888911 0.20885672658851137 0.8345609286492163
vn 0.20773322746618264 0.15194541960204178 0.9663123178705956
vn 0.20773322746618264 0.15194541960204178 0.9663123178705956
vn 0.20773322746618264 0.15194541960204178 0.9663123178705956
vn 0.20773322746618264 0.15194541960204178 0.9663123178705956
vn 0.20773322746618264 0.15194541960204178 0.9663123178705956
vn 0.20773322746618264 0.15194541960204178 0.9663123178705956
vn -0.5827829708235603 0.33003088275620934 0.7425925028878372
vn -0.5827829708235603 0.33003088275620934 0.7425925028878372
vn -0.5827829708235603 0.33003088275620934 0.7425925028878372
vn -0.9563293412132432 0.17804384944364068 0.23180720180773984
vn -0.9563293412132432 0.17804384944364068 0.23180720180773984
vn -0.9563293412132432 0.17804384944364068 0.23180720180773984
vn -0.795339534920814 0.17113299353539374 -0.5815053935395251
vn -0.795339534920814 0.17113299353539374 -0.5815053935395251
vn -0.795339534920814 0.17113299353539374 -0.5815053935395251
vn 0.02125914071691139 0.9985634400518794 0.049184399231210596
vn 0.02125914071691139 0.9985634400518794 0.049184399231210596
vn 0.02125914071691139 0.9985634400518794 0.049184399231210596
vn 0.02125914071691139 0.9985634400518794 0.049184399231210596
vn 0.02125914071691139 0.9985634400518794 0.049184399231210596
vn 0.02125914071691139 0.9985634400518794 0.049184399231210596
vn 0.02125914071691139 0.9985634400518794 0.049184399231210596
vn 0.02125914071691139 0.9985634400518794 0.049184399231210596
vn 0.02125914071691139 0.9985634400518794 0.049184399231210596
vn 0.02125914071691139 0.9985634400518794 0.049184399231210596
vn 0.02125914071691139 0.9985634400518794 0.049184399231210596
vn 0.02125914071691139 0.9985634400518794 0.049184399231210596
vn 0.02125914071691139 0.9985634400518794 0.049184399231210596
vn 0.02125914071691139 0.9985634400518794 0.049184399231210596
vn 0.02125914071691139 0.9985634400518794 0.049184399231210596
vn 0.02125914071691139 0.9985634400518794 0.049184399231210596
vn 0.02125914071691139 0.9985634400518794 0.049184399231210596
vn 0.02125914071691139 0.9985634400518794 0.049184399231210596
vn 0.02125914071691139 0.9985634400518794 0.049184399231210596
vn 0.02125914071691139 0.9985634400518794 0.049184399231210596
vn 0.02125914071691139 0.9985634400518794 0.049184399231210596
vn 0.02125914071691139 0.9985634400518794 0.049184399231210596
vn 0.02125914071691139 0.9985634400518794 0.049184399231210596
vn 0.02125914071691139 0.9985634400518794 0.049184399231210596
vn 0.02125914071691139 0.9985634400518794 0.049184399231210596
vn 0.02125914071691139 0.9985634400518794 0.049184399231210596
vn 0.02125914071691139 0.9985634400518794 0.049184399231210596
vn 0.02125914071691139 0.9985634400518794 0.049184399231210596
vn 0.02125914071691139 0.9985634400518794 0.049184399231210596
vn 0.02125914071691139 0.9985634400518794 0.049184399231210596
vn 0.02125914071691139 0.9985634400518794 0.049184399231210596
vn 0.02125914071691139 0.9985634400518794 0.049184399231210596
vn 0.02125914071691139 0.9985634400518794 0.049184399231210596
vn 0.02125914071691139 0.9985634400518794 0.049184399231210596
vn 0.02125914071691139 0.9985634400518794 0.049184399231210596
vn 0.02125914071691139 0.9985634400518794 0.049184399231210596
vn 0.02125914071691139 0.9985634400518794 0.049184399231210596
vn 0.02125914071691139 0.9985634400518794 0.049184399231210596
vn 0.02125914071691139 0.9985634400518794 0.049184399231210596
vn 0.02125914071691139 0.9985634400518794 0.049184399231210596
vn 0.02125914071691139 0.9985634400518794 0.049184399231210596
vn 0.02125914071691139 0.9985634400518794 0.049184399231210596
vn 0.02125914071691139 0.9985634400518794 0.049184399231210596
vn 0.02125914071691139 0.9985634400518794 0.049184399231210596
vn 0.02125914071691139 0.9985634400518794 0.049184399231210596
vn 0.02125914071691139 0.9985634400518794 0.049184399231210596
vn 0.02125914071691139 0.9985634400518794 0.049184399231210596
vn 0.02125914071691139 0.9985634400518794 0.049184399231210596
vn 0.02125914071691139 0.9985634400518794 0.049184399231210596
vn 0.02125914071691139 0.9985634400518794 0.049184399231210596
vn 0.02125914071691139 0.9985634400518794 0.049184399231210596
vn 0.02125914071691139 0.9985634400518794 0.049184399231210596
vn 0.02125914071691139 0.9985634400518794 0.049184399231210596
vn 0.02125914071691139 0.9985634400518794 0.049184399231210596
vn 0.02125914071691139 0.9985634400518794 0.049184399231210596
vn 0.02125914071691139 0.9985634400518794 0.049184399231210596
vn 0.02125914071691139 0.9985634400518794 0.049184399231210596
vn 0.02125914071691139 0.9985634400518794 0.049184399231210596
vn 0.02125914071691139 0.9985634400518794 0.049184399231210596
vn 0.02125914071691139 0.9985634400518794 0.049184399231210596
vn -0.9908522266804041 0.056182039829416885 -0.12270062462388351
vn -0.9908522266804041 0.056182039829416885 -0.12270062462388351
vn -0.9908522266804041 0.056182039829416885 -0.12270062462388351
vn -0.2531459614981931 -0.7891754778257389 -0.5595705383378146
vn -0.2531459614981931 -0.7891754778257389 -0.5595705383378146
vn -0.2531459614981931 -0.7891754778257389 -0.5595705383378146
vn -0.2531459614981931 -0.7891754778257389 -0.5595705383378146
vn -0.2531459614981931 -0.7891754778257389 -0.5595705383378146
vn -0.2531459614981931 -0.7891754778257389 -0.5595705383378146
vn -0.2531459614981931 -0.7891754778257389 -0.5595705383378146
vn -0.2531459614981931 -0.7891754778257389 -0.5595705383378146
vn -0.2531459614981931 -0.7891754778257389 -0.5595705383378146
vn -0.02036073601153151 -0.9994705793189584 0.025377184731449735
vn -0.02036073601153151 -0.9994705793189584 0.025377184731449735
vn -0.02036073601153151 -0.9994705793189584 0.025377184731449735
vn -0.02036073601153151 -0.9994705793189584 0.025377184731449735
vn -0.02036073601153151 -0.9994705793189584 0.025377184731449735
vn -0.02036073601153151 -0.9994705793189584 0.025377184731449735
vn -0.02036073601153151 -0.9994705793189584 0.025377184731449735
vn -0.02036073601153151 -0.9994705793189584 0.025377184731449735
vn -0.02036073601153151 -0.9994705793189584 0.025377184731449735
vn -0.02036073601153151 -0.9994705793189584 0.025377184731449735
vn -0.02036073601153151 -0.9994705793189584 0.025377184731449735
vn -0.02036073601153151 -0.9994705793189584 0.025377184731449735
vn -0.02036073601153151 -0.9994705793189584 0.025377184731449735
vn -0.02036073601153151 -0.9994705793189584 0.025377184731449735
vn -0.02036073601153151 -0.9994705793189584 0.025377184731449735
vn -0.02036073601153151 -0.9994705793189584 0.025377184731449735
vn -0.02036073601153151 -0.9994705793189584 0.025377184731449735
vn -0.02036073601153151 -0.9994705793189584 0.025377184731449735
vn -0.02036073601153151 -0.9994705793189584 0.025377184731449735
vn -0.02036073601153151 -0.9994705793189584 0.025377184731449735
vn -0.02036073601153151 -0.9994705793189584 0.025377184731449735
vn -0.02036073601153151 -0.9994705793189584 0.025377184731449735
vn -0.02036073601153151 -0.9994705793189584 0.025377184731449735
vn -0.02036073601153151 -0.9994705793189584 0.025377184731449735
vn -0.02036073601153151 -0.9994705793189584 0.025377184731449735
vn -0.02036073601153151 -0.9994705793189584 0.025377184731449735
vn -0.02036073601153151 -0.9994705793189584 0.025377184731449735
vn -0.02036073601153151 -0.9994705793189584 0.025377184731449735
vn -0.02036073601153151 -0.9994705793189584 0.025377184731449735
vn -0.02036073601153151 -0.9994705793189584 0.025377184731449735
vn -0.02036073601153151 -0.9994705793189584 0.025377184731449735
vn -0.02036073601153151 -0.9994705793189584 0.025377184731449735
vn -0.02036073601153151 -0.9994705793189584 0.025377184731449735
vn -0.02036073601153151 -0.9994705793189584 0.025377184731449735
vn -0.02036073601153151 -0.9994705793189584 0.025377184731449735
vn -0.02036073601153151 -0.9994705793189584 0.025377184731449735
vn -0.02036073601153151 -0.9994705793189584 0.025377184731449735
vn -0.02036073601153151 -0.9994705793189584 0.025377184731449735
vn -0.02036073601153151 -0.9994705793189584 0.025377184731449735
vn -0.02036073601153151 -0.9994705793189584 0.025377184731449735
vn -0.02036073601153151 -0.9994705793189584 0.025377184731449735
vn -0.02036073601153151 -0.9994705793189584 0.025377184731449735
vn -0.02036073601153151 -0.9994705793189584 0.025377184731449735
vn -0.02036073601153151 -0.9994705793189584 0.025377184731449735
vn -0.02036073601153151 -0.9994705793189584 0.025377184731449735
vn -0.02036073601153151 -0.9994705793189584 0.025377184731449735
vn -0.02036073601153151 -0.9994705793189584 0.025377184731449735
vn -0.02036073601153151 -0.9994705793189584 0.025377184731449735
vn -0.02036073601153151 -0.9994705793189584 0.025377184731449735
vn -0.02036073601153151 -0.9994705793189584 0.025377184731449735
vn -0.02036073601153151 -0.9994705793189584 0.025377184731449735
vn -0.02036073601153151 -0.9994705793189584 0.025377184731449735
vn -0.02036073601153151 -0.9994705793189584 0.025377184731449735
vn -0.02036073601153151 -0.9994705793189584 0.025377184731449735
vn -0.02036073601153151 -0.9994705793189584 0.025377184731449735
vn -0.02036073601153151 -0.9994705793189584 0.025377184731449735
vn -0.02036073601153151 -0.9994705793189584 0.025377184731449735
vn -0.02036073601153151 -0.9994705793189584 0.025377184731449735
vn -0.02036073601153151 -0.9994705793189584 0.025377184731449735
vn -0.02036073601153151 -0.9994705793189584 0.025377184731449735
vn -0.42732453762087336 -0.02580849860182002 -0.9037298606038348
vn -0.42732453762087336 -0.02580849860182002 -0.9037298606038348
vn -0.42732453762087336 -0.02580849860182002 -0.9037298606038348
vn -0.7500331115219622 -0.06688851897069163 -0.6580093142582338
vn -0.7500331115219622 -0.06688851897069163 -0.6580093142582338
vn -0.7500331115219622 -0.06688851897069163 -0.6580093142582338
vn -0.998205947459022 0.052866505814197336 -0.028107277001406375
vn -0.998205947459022 0.052866505814197336 -0.028107277001406375
vn -0.998205947459022 0.052866505814197336 -0.028107277001406375
vn -0.9803802309288274 0.1563742942512577 0.1200070118841383
vn -0.9803802309288274 0.1563742942512577 0.1200070118841383
vn -0.9803802309288274 0.1563742942512577 0.1200070118841383
vn -0.3407166525506025 0.08170458853385118 0.9366090555227544
vn -0.3407166525506025 0.08170458853385118 0.9366090555227544
vn -0.3407166525506025 0.08170458853385118 0.9366090555227544
vn 0.6417033715864215 -0.04921980059554038 0.7653719318892969
vn 0.6417033715864215 -0.04921980059554038 0.7653719318892969
vn 0.6417033715864215 -0.04921980059554038 0.7653719318892969
vn 0.49526035857262624 0.09482289032340092 0.8635541654680554
vn 0.49526035857262624 0.09482289032340092 0.8635541654680554
vn 0.49526035857262624 0.09482289032340092 0.8635541654680554
vn 0.8458914324788701 0.09218060022029068 0.5253288697586227
vn 0.8458914324788701 0.09218060022029068 0.5253288697586227
vn 0.8458914324788701 0.09218060022029068 0.5253288697586227
vn 0.9753495614857542 0.05640617355179995 -0.21333442407354444
vn 0.9753495614857542 0.05640617355179995 -0.21333442407354444
vn 0.9753495614857542 0.05640617355179995 -0.21333442407354444
vn 0.7663109730438763 0.128116129756748 -0.6295663188963491
vn 0.7663109730438763 0.128116129756748 -0.6295663188963491
vn 0.7663109730438763 0.128116129756748 -0.6295663188963491
vn 0.39200180567426507 0.09905908206019934 -0.9146157021446255
vn 0.39200180567426507 0.09905908206019934 -0.9146157021446255
vn 0.39200180567426507 0.09905908206019934 -0.9146157021446255
vn 0.46298135453703115 0.07608105941101313 -0.8830967884382513
vn 0.4629278632502099 0.0754350600180303 -0.8831802449934392
vn 0.4620134740179292 0.06692823385169784 -0.8843439157586696
vn 0.5007950750129758 0.005484003748069408 -0.8655485073325693
vn 0.5007950750129758 0.005484003748069408 -0.8655485073325693
vn 0.5007950750129758 0.005484003748069408 -0.8655485073325693
vn 0.9612273901268815 0.07413925166407911 -0.2656036065880022
vn 0.9612098411828839 0.07478852028875538 -0.26548506256698073
vn 0.9610432022398407 0.08033204434274586 -0.264466871423072
vn 0.9696383979828405 0.02182043193375041 0.2435677439799766
vn 0.9696383979828405 0.02182043193375041 0.2435677439799766
vn 0.9696383979828405 0.02182043193375041 0.2435677439799766
vn 0.7001821617829058 -0.024315752081830736 0.7135500574743944
vn 0.6972996459458212 -0.023067115063424053 0.7164084812217699
vn 0.7012614929806329 -0.024784514981956555 0.7124731898672982
vn 0.7542883245413465 0.04753057951493149 0.6548205612773497
vn 0.7542883245413465 0.04753057951493149 0.6548205612773497
vn 0.7542883245413465 0.04753057951493149 0.6548205612773497
vn -0.5276658479267338 0.1561450364958806 0.8349775329369414
vn -0.5276658479267338 0.1561450364958806 0.8349775329369414
vn -0.5276658479267338 0.1561450364958806 0.8349775329369414
vn -0.6542819104416752 -0.08700983602783813 0.7512286403640376
vn -0.6542819104416752 -0.08700983602783813 0.7512286403640376
vn -0.6542819104416752 -0.08700983602783813 0.7512286403640376
vn -0.9269496454762124 0.03782971185354427 -0.3732737167985469
vn -0.9270060596606655 0.03704475466796331 -0.37321234103925
vn -0.9276807450833464 0.02688771420840805 -0.3724050026869323
vn -0.6745107124882677 0.05906445794245909 -0.735898558597945
vn -0.6745107124882677 0.05906445794245909 -0.735898558597945
vn -0.6745107124882677 0.05906445794245909 -0.735898558597945
vn -0.6959834285104409 0.08961905347608416 -0.7124433258111854
vn -0.6959827390785547 0.08945774405643224 -0.7124642720396909
vn -0.6959774312819922 0.08425573343046967 -0.7131033491228416
vn 0.3887077186167557 0.15086965022879803 -0.9089250013766799
vn 0.3887077186167557 0.15086965022879803 -0.9089250013766799
vn 0.3887077186167557 0.15086965022879803 -0.9089250013766799
vn -0.9815485489880444 0.15624335122257407 -0.11022913035220679
vn -0.9815485489880444 0.15624335122257407 -0.11022913035220679
vn -0.9815485489880444 0.15624335122257407 -0.11022913035220679
vn -0.9815485489880444 0.15624335122257407 -0.11022913035220679
vn -0.9815485489880444 0.15624335122257407 -0.11022913035220679
vn -0.9815485489880444 0.15624335122257407 -0.11022913035220679
vn -0.9524470646666365 -0.004083031634702916 -0.30467674322235017
vn -0.9524470646666365 -0.004083031634702916 -0.30467674322235017
vn -0.9524470646666365 -0.004083031634702916 -0.30467674322235017
vn -0.9845205532305997 0.038492070377849345 0.17099017745046227
vn -0.9851497244871686 0.04030385284092736 0.16690002932603856
vn -0.9839751508454782 0.04437758883818623 0.17269491054321065
vn -0.1962607633543819 -0.07045100275552003 0.9780175708944584
vn -0.1962607633543819 -0.07045100275552003 0.9780175708944584
vn -0.1962607633543819 -0.07045100275552003 0.9780175708944584
vn -0.3326559600424226 0.05537297536813494 0.9414211840866626
vn -0.3326559600424226 0.05537297536813494 0.9414211840866626
vn -0.3326559600424226 0.05537297536813494 0.9414211840866626
vn 0.8320155930311389 0.07205515540675368 0.55005282249285
vn 0.8320155930311389 0.07205515540675368 0.55005282249285
vn 0.8320155930311389 0.07205515540675368 0.55005282249285
vn 0.6923470277596697 0.03814670886047259 0.7205556340460224
vn 0.6923567938710831 0.037868369120001716 0.7205609319139816
vn 0.6925412593848861 0.03234081245653253 0.7206529510792608
vn 0.7213535170399624 -0.47209571201007466 -0.5067294565700492
vn 0.7213535170399624 -0.47209571201007466 -0.5067294565700492
vn 0.7213535170399624 -0.47209571201007466 -0.5067294565700492
vn 0.6447746784813045 -0.11212224219929903 -0.7561046334956111
vn 0.6447746784813045 -0.11212224219929903 -0.7561046334956111
vn 0.6447746784813045 -0.11212224219929903 -0.7561046334956111
vn 0.42739673128590533 -0.03389603729980059 -0.9034285211025243
vn 0.42739673128590533 -0.03389603729980059 -0.9034285211025243
vn 0.42739673128590533 -0.03389603729980059 -0.9034285211025243
vn 0.36161461541403417 0.16883158678682242 -0.9169137174358358
vn 0.36161461541403417 0.16883158678682242 -0.9169137174358358
vn 0.36161461541403417 0.16883158678682242 -0.9169137174358358
vn 0.6877795242558942 0.05829725736963911 -0.7235749828438749
vn 0.6877795242558942 0.05829725736963911 -0.7235749828438749
vn 0.6877795242558942 0.05829725736963911 -0.7235749828438749
vn 0.989801356039012 0.14201737884665974 -0.011150770774130512
vn 0.989801356039012 0.14201737884665974 -0.011150770774130512
vn 0.989801356039012 0.14201737884665974 -0.011150770774130512
vn 0.9177205566319507 0.11231275154492107 0.38101814363039377
vn 0.9177205566319507 0.11231275154492107 0.38101814363039377
vn 0.9177205566319507 0.11231275154492107 0.38101814363039377
vn 0.5751351097533803 0.19259699652454584 0.7950635210212397
vn 0.5751351097533803 0.19259699652454584 0.7950635210212397
vn 0.5751351097533803 0.19259699652454584 0.7950635210212397
vn -0.04720815593325089 0.21669422844162306 0.9750974317336045
vn -0.04720815593325089 0.21669422844162306 0.9750974317336045
vn -0.04720815593325089 0.21669422844162306 0.9750974317336045
vn -0.5135770422895662 0.3124331633312504 0.7991396248991345
vn -0.5135770422895662 0.3124331633312504 0.7991396248991345
vn -0.5135770422895662 0.3124331633312504 0.7991396248991345
vn -0.8532780307177619 0.10412465040703855 0.5109546550057354
vn -0.8532780307177619 0.10412465040703855 0.5109546550057354
vn -0.8532780307177619 0.10412465040703855 0.5109546550057354
vn -0.9899058550337149 0.072825316690341 -0.12158483219103415
vn -0.9899058550337149 0.072825316690341 -0.12158483219103415
vn -0.9899058550337149 0.072825316690341 -0.12158483219103415
vn -0.8941041587642649 0.15531894755348422 -0.42006401632527873
vn -0.8941041587642649 0.15531894755348422 -0.42006401632527873
vn -0.8941041587642649 0.15531894755348422 -0.42006401632527873
vn -0.16787482594119107 0.19307025183797796 -0.9667170840894633
vn -0.16787482594119107 0.19307025183797796 -0.9667170840894633
vn -0.16787482594119107 0.19307025183797796 -0.9667170840894633
vn -0.03198346064407261 0.09538438177976619 -0.9949265691284563
vn -0.03198346064407261 0.09538438177976619 -0.9949265691284563
vn -0.03198346064407261 0.09538438177976619 -0.9949265691284563
vn -0.9034241849567884 -0.2144380325903004 -0.3712695411880215
vn -0.9034241849567884 -0.2144380325903004 -0.3712695411880215
vn -0.9034241849567884 -0.2144380325903004 -0.3712695411880215
vn -0.9034241849567884 -0.2144380325903004 -0.3712695411880215
vn -0.9034241849567884 -0.2144380325903004 -0.3712695411880215
vn -0.9034241849567884 -0.2144380325903004 -0.3712695411880215
vn -0.9966314920219195 0.017636716179693868 0.08009129386243903
vn -0.9966314920219195 0.017636716179693868 0.08009129386243903
vn -0.9966314920219195 0.017636716179693868 0.08009129386243903
vn -0.9696201844222677 0.13322885919361496 0.20515060087383466
vn -0.9696201844222677 0.13322885919361496 0.20515060087383466
vn -0.9696201844222677 0.13322885919361496 0.20515060087383466
vn -0.3889060197425124 0.10707616479393353 0.9150337713664227
vn -0.3889060197425124 0.10707616479393353 0.9150337713664227
vn -0.3889060197425124 0.10707616479393353 0.9150337713664227
vn -0.3889060197425124 0.10707616479393353 0.9150337713664227
vn -0.3889060197425124 0.10707616479393353 0.9150337713664227
vn -0.3889060197425124 0.10707616479393353 0.9150337713664227
vn -0.11592941196418441 0.2291970378994078 0.9664518038990749
vn -0.11592941196418441 0.2291970378994078 0.9664518038990749
vn -0.11592941196418441 0.2291970378994078 0.9664518038990749
vn 0.7071594798158345 0.009007721166038934 0.7069966980587628
vn 0.7071594798158345 0.009007721166038934 0.7069966980587628
vn 0.7071594798158345 0.009007721166038934 0.7069966980587628
vn 0.7787178770362368 0.12261335169536365 0.6152759006902556
vn 0.7787178770362368 0.12261335169536365 0.6152759006902556
vn 0.7787178770362368 0.12261335169536365 0.6152759006902556
vn 0.9829885262528126 0.07372418209774044 -0.1682209922374221
vn 0.9833011777903293 0.0693615113467393 -0.16824914412812697
vn 0.9829700830041154 0.0739734289412003 -0.16821934410038608
vn 0.5310865791931355 0.027859667974552343 -0.846859424167483
vn 0.5310865791931355 0.027859667974552343 -0.846859424167483
vn 0.5310865791931355 0.027859667974552343 -0.846859424167483
vn 0.3248778680983622 0.07839016401962783 -0.9425016461549758
vn 0.3248778680983622 0.07839016401962783 -0.9425016461549758
vn 0.3248778680983622 0.07839016401962783 -0.9425016461549758
vn 0.28402175660498263 0.02540652595703299 -0.9584811684189809
vn 0.28402175660498263 0.02540652595703299 -0.9584811684189809
vn 0.28402175660498263 0.02540652595703299 -0.9584811684189809
vn 0.7383829090086174 0.10561668072882546 -0.6660599045399725
vn 0.7383829090086174 0.10561668072882546 -0.6660599045399725
vn 0.7383829090086174 0.10561668072882546 -0.6660599045399725
vn 0.8460638399088851 -0.013982530685463469 -0.5328981775482654
vn 0.8459908572394738 -0.023708825747442364 -0.5326700301771237
vn 0.8460543322730291 -0.013485119224711807 -0.5329260909371338
vn 0.9650437514564393 0.02777115297651833 0.26061335506308403
vn 0.9650437514564393 0.02777115297651833 0.26061335506308403
vn 0.9650437514564393 0.02777115297651833 0.26061335506308403
vn 0.7001821617829058 -0.024315752081830736 0.7135500574743944
vn 0.6962316321324478 -0.02260583591188352 0.7174611422236836
vn 0.6972996459458212 -0.023067115063424053 0.7164084812217699
vn 0.5591157642540268 0.1509659119667247 0.8152293269913016
vn 0.5591157642540268 0.1509659119667247 0.8152293269913016
vn 0.5591157642540268 0.1509659119667247 0.8152293269913016
vn -0.17208403135988992 0.029107389844160322 0.9846521446721113
vn -0.17208403135988992 0.029107389844160322 0.9846521446721113
vn -0.17208403135988992 0.029107389844160322 0.9846521446721113
vn -0.9458606955967914 0.06663099718573057 0.31765996716487427
vn -0.9458606955967914 0.06663099718573057 0.31765996716487427
vn -0.9458606955967914 0.06663099718573057 0.31765996716487427
vn -0.9969164465921306 -0.049647175914652765 -0.060768054418575836
vn -0.9969164465921306 -0.049647175914652765 -0.060768054418575836
vn -0.9969164465921306 -0.049647175914652765 -0.060768054418575836
vn -0.6374637530498137 0.07388550267481171 -0.7669295248209814
vn -0.6374637530498137 0.07388550267481171 -0.7669295248209814
vn -0.6374637530498137 0.07388550267481171 -0.7669295248209814
vn -0.5859567580845804 0.13569179706533474 -0.798900753450758
vn -0.5859567580845804 0.13569179706533474 -0.798900753450758
vn -0.5859567580845804 0.13569179706533474 -0.798900753450758
vn -0.17664260859215275 -0.011739319148846863 -0.9842050483591726
vn -0.17664260859215275 -0.011739319148846863 -0.9842050483591726
vn -0.17664260859215275 -0.011739319148846863 -0.9842050483591726
vn -0.9943514486946329 -0.09615682843515472 0.04493396069986716
vn -0.9943514486946329 -0.09615682843515472 0.04493396069986716
vn -0.9943514486946329 -0.09615682843515472 0.04493396069986716
vn -0.9060004573858634 0.0330137228982979 -0.4219872809896057
vn -0.9060004573858634 0.0330137228982979 -0.4219872809896057
vn -0.9060004573858634 0.0330137228982979 -0.4219872809896057
vn -0.9845205532305997 0.038492070377849345 0.17099017745046227
vn -0.9855541706041531 0.04056676969979035 0.16443027093842605
vn -0.9851497244871686 0.04030385284092736 0.16690002932603856
vn -0.34709828085567473 -0.0387417104793668 0.9370282083780446
vn -0.34709828085567473 -0.0387417104793668 0.9370282083780446
vn -0.34709828085567473 -0.0387417104793668 0.9370282083780446
vn -0.34709828085567473 -0.0387417104793668 0.9370282083780446
vn -0.34709828085567473 -0.0387417104793668 0.9370282083780446
vn -0.34709828085567473 -0.0387417104793668 0.9370282083780446
vn -0.2691685009648402 0.04516187418605297 0.9620336393330245
vn -0.2691685009648402 0.04516187418605297 0.9620336393330245
vn -0.2691685009648402 0.04516187418605297 0.9620336393330245
vn -0.2691685009648402 0.04516187418605297 0.9620336393330245
vn -0.2691685009648402 0.04516187418605297 0.9620336393330245
vn -0.2691685009648402 0.04516187418605297 0.9620336393330245
vn 0.6161452597007422 0.17139910946561326 0.7687570254785966
vn 0.6161452597007422 0.17139910946561326 0.7687570254785966
vn 0.6161452597007422 0.17139910946561326 0.7687570254785966
vn 0.8424981018131772 -0.033222657644869626 0.5376738820699821
vn 0.8424981018131772 -0.033222657644869626 0.5376738820699821
vn 0.8424981018131772 -0.033222657644869626 0.5376738820699821
vn 0.5182549405860191 -0.1606430696944163 0.8400033456584186
vn 0.5182549405860191 -0.1606430696944163 0.8400033456584186
vn 0.5182549405860191 -0.1606430696944163 0.8400033456584186
vn 0.9768623827061237 0.0776737985608646 -0.19926531627666938
vn 0.9768623827061237 0.0776737985608646 -0.19926531627666938
vn 0.9768623827061237 0.0776737985608646 -0.19926531627666938
vn 0.9768623827061237 0.0776737985608646 -0.19926531627666938
vn 0.9768623827061237 0.0776737985608646 -0.19926531627666938
vn 0.9768623827061237 0.0776737985608646 -0.19926531627666938
vn 0.45962618369928665 -0.023135122420372575 -0.8878110932899091
vn 0.45962618369928665 -0.023135122420372575 -0.8878110932899091
vn 0.45962618369928665 -0.023135122420372575 -0.8878110932899091
vn 0.055602922863425885 -0.08552040694081903 -0.9947836824987233
vn 0.055602922863425885 -0.08552040694081903 -0.9947836824987233
vn 0.055602922863425885 -0.08552040694081903 -0.9947836824987233
vn 0.056101896958814644 -0.006954747065981518 -0.9984008256461284
vn 0.056101896958814644 -0.006954747065981518 -0.9984008256461284
vn 0.056101896958814644 -0.006954747065981518 -0.9984008256461284
vn -0.16677974420306815 -0.06983692683433473 -0.9835178293116474
vn -0.16677974420306815 -0.06983692683433473 -0.9835178293116474
vn -0.16677974420306815 -0.06983692683433473 -0.9835178293116474
vn 0.8486449699474307 0.08831645227275423 -0.5215380324011654
vn 0.8486449699474307 0.08831645227275423 -0.5215380324011654
vn 0.8486449699474307 0.08831645227275423 -0.5215380324011654
vn 0.8486449699474307 0.08831645227275423 -0.5215380324011654
vn 0.8486449699474307 0.08831645227275423 -0.5215380324011654
vn 0.8486449699474307 0.08831645227275423 -0.5215380324011654
vn 0.6926217902164549 -0.46470977445451433 -0.5516519566210092
vn 0.6926217902164549 -0.46470977445451433 -0.5516519566210092
vn 0.6926217902164549 -0.46470977445451433 -0.5516519566210092
vn -0.6916988991019181 0.5412086951507582 0.47816919732915475
vn -0.6916988991019181 0.5412086951507582 0.47816919732915475
vn -0.6916988991019181 0.5412086951507582 0.47816919732915475
vn 0.9926994976062485 -0.016625682812834545 0.11946252183554784
vn 0.9926994976062485 -0.016625682812834545 0.11946252183554784
vn 0.9926994976062485 -0.016625682812834545 0.11946252183554784
vn 0.9864838897735031 0.11306118121634152 0.11860313874137068
vn 0.9864838897735031 0.11306118121634152 0.11860313874137068
vn 0.9864838897735031 0.11306118121634152 0.11860313874137068
vn 0.9864838897735031 0.11306118121634152 0.11860313874137068
vn 0.9864838897735031 0.11306118121634152 0.11860313874137068
vn 0.9864838897735031 0.11306118121634152 0.11860313874137068
vn 0.9970456363935462 0.06682393829321812 -0.03787558870265212
vn 0.9970456363935462 0.06682393829321812 -0.03787558870265212
vn 0.9970456363935462 0.06682393829321812 -0.03787558870265212
vn 0.9801315196023239 0.09140746301404619 0.1760309063414006
vn 0.9801315196023239 0.09140746301404619 0.1760309063414006
vn 0.9801315196023239 0.09140746301404619 0.1760309063414006
vn 0.982994633559723 -0.04087702693848106 0.17902686687046854
vn 0.982994633559723 -0.04087702693848106 0.17902686687046854
vn 0.982994633559723 -0.04087702693848106 0.17902686687046854
vn 0.8437223767974968 0.0717112521304869 0.5319680885251111
vn 0.8437223767974968 0.0717112521304869 0.5319680885251111
vn 0.8437223767974968 0.0717112521304869 0.5319680885251111
vn 0.21453610447485347 0.052514098236367095 0.9753033012161785
vn 0.21453610447485347 0.052514098236367095 0.9753033012161785
vn 0.21453610447485347 0.052514098236367095 0.9753033012161785
vn 0.2100598213423374 0.16014238494093422 0.9644839490645011
vn 0.2100598213423374 0.16014238494093422 0.9644839490645011
vn 0.2100598213423374 0.16014238494093422 0.9644839490645011
vn 0.5318885319046669 0.06835896699452784 0.8440507338186131
vn 0.5318885319046669 0.06835896699452784 0.8440507338186131
vn 0.5318885319046669 0.06835896699452784 0.8440507338186131
vn 0.30979612723833183 -0.04278054667340998 0.9498400835795758
vn 0.30979612723833183 -0.04278054667340998 0.9498400835795758
vn 0.30979612723833183 -0.04278054667340998 0.9498400835795758
vn 0.3088315354224306 0.04153914485982528 0.9502092307344411
vn 0.3088315354224306 0.04153914485982528 0.9502092307344411
vn 0.3088315354224306 0.04153914485982528 0.9502092307344411
vn 0.5971928937165689 -0.08145390256132956 0.7979510695850718
vn 0.5971928937165689 -0.08145390256132956 0.7979510695850718
vn 0.5971928937165689 -0.08145390256132956 0.7979510695850718
vn 0.5971928937165689 -0.08145390256132956 0.7979510695850718
vn 0.5971928937165689 -0.08145390256132956 0.7979510695850718
vn 0.5971928937165689 -0.08145390256132956 0.7979510695850718
vn -0.5845798262385061 0.00941052840633006 0.811281621084856
vn -0.5845798262385061 0.00941052840633006 0.811281621084856
vn -0.5845798262385061 0.00941052840633006 0.811281621084856
vn -0.5846310396825556 -0.013725970355860605 0.8111831760937133
vn -0.5846310396825556 -0.013725970355860605 0.8111831760937133
vn -0.5846310396825556 -0.013725970355860605 0.8111831760937133
vn -0.7424557870413068 0.05055507769020641 0.6679847216880119
vn -0.7420075574000724 0.05933900283901364 0.6677601871205333
vn -0.7424728065800629 0.05019072754451253 0.6679932801740427
vn -0.7792942612740916 -0.08923826048577946 0.6202717043447494
vn -0.7792942612740916 -0.08923826048577946 0.6202717043447494
vn -0.7792942612740916 -0.08923826048577946 0.6202717043447494
vn -0.7816251645617756 0.03430843125970243 0.6228041695976959
vn -0.7816251645617756 0.03430843125970243 0.6228041695976959
vn -0.7816251645617756 0.03430843125970243 0.6228041695976959
vn -0.7669766308083286 0.025964794025817594 0.6411494968141997
vn -0.7669766308083286 0.025964794025817594 0.6411494968141997
vn -0.7669766308083286 0.025964794025817594 0.6411494968141997
vn -0.891871945164972 0.15102259100287568 -0.42632922775060494
vn -0.891871945164972 0.15102259100287568 -0.42632922775060494
vn -0.891871945164972 0.15102259100287568 -0.42632922775060494
vn -0.891871945164972 0.15102259100287568 -0.42632922775060494
vn -0.891871945164972 0.15102259100287568 -0.42632922775060494
vn -0.891871945164972 0.15102259100287568 -0.42632922775060494
vn -0.9397165283987835 0.03103223517396387 -0.34054345777631034
vn -0.9397165283987835 0.03103223517396387 -0.34054345777631034
vn -0.9397165283987835 0.03103223517396387 -0.34054345777631034
vn -0.879576135245041 0.07434734400833652 -0.46991307147844236
vn -0.879576135245041 0.07434734400833652 -0.46991307147844236
vn -0.879576135245041 0.07434734400833652 -0.46991307147844236
vn -0.2630962416552332 -0.07514511775477677 -0.9618386449423375
vn -0.2630962416552332 -0.07514511775477677 -0.9618386449423375
vn -0.2630962416552332 -0.07514511775477677 -0.9618386449423375
vn 0.2268123383443815 0.29812661328442247 -0.9271875137351205
vn 0.2268123383443815 0.29812661328442247 -0.9271875137351205
vn 0.2268123383443815 0.29812661328442247 -0.9271875137351205
vn -0.21081990045436672 0.18165313486257945 -0.9604983644790908
vn -0.21081990045436672 0.18165313486257945 -0.9604983644790908
vn -0.21081990045436672 0.18165313486257945 -0.9604983644790908
vn -0.5600206426553672 -0.00582801747768333 -0.828458154653661
vn -0.5600194851566802 -0.005697320531693543 -0.8284598462107899
vn -0.5600147691576547 -0.005167005841818034 -0.8284665113183087
vn -0.5600206426553672 -0.00582801747768333 -0.828458154653661
vn -0.5600251549615628 -0.0063569880256448335 -0.8284512143231606
vn -0.5600194851566802 -0.005697320531693543 -0.8284598462107899
vn -0.6536093940998008 -0.040144391496373326 -0.7557666225600845
vn -0.6534660902650223 -0.04780590064808859 -0.7554446801301673
vn -0.6536161157281885 -0.03982865741003689 -0.7557775144242579
vn -0.34925597416678356 0.11237111275407816 -0.930265014674432
vn -0.34925597416678356 0.11237111275407816 -0.930265014674432
vn -0.34925597416678356 0.11237111275407816 -0.930265014674432
vn -0.3480606390677503 0.14446794853226316 -0.9262736115093793
vn -0.3480606390677503 0.14446794853226316 -0.9262736115093793
vn -0.3480606390677503 0.14446794853226316 -0.9262736115093793
vn -0.45366699762122925 0.10981955431668597 -0.8843788332830134
vn -0.45366699762122925 0.10981955431668597 -0.8843788332830134
vn -0.45366699762122925 0.10981955431668597 -0.8843788332830134
vn -0.5981479166166589 0.11921727916284623 -0.7924684916109651
vn -0.6032585315462902 0.11906334953276476 -0.7886083076627156
vn -0.5998359810678595 0.11916707017437417 -0.7911990932770424
vn -0.6005900642188684 0.07483684887793236 -0.7960471222305856
vn -0.6005900642188684 0.07483684887793236 -0.7960471222305856
vn -0.6005900642188684 0.07483684887793236 -0.7960471222305856
vn -0.5347101108255 0.09561249374299999 -0.8396090449853589
vn -0.5347101108255 0.09561249374299999 -0.8396090449853589
vn -0.5347101108255 0.09561249374299999 -0.8396090449853589
vn -0.941933364685927 -0.004091508339166724 0.3357749187342002
vn -0.941933364685927 -0.004091508339166724 0.3357749187342002
vn -0.941933364685927 -0.004091508339166724 0.3357749187342002
vn -0.9415939290484481 -0.036814176266038154 0.3347321155864182
vn -0.9415939290484481 -0.036814176266038154 0.3347321155864182
vn -0.9415939290484481 -0.036814176266038154 0.3347321155864182
vn -0.9941499694106416 0.07977307038128735 -0.07281548985458192
vn -0.9941617265129878 0.07962394076201733 -0.07281819548877604
vn -0.9942136593118065 0.07896179412260322 -0.07283017717105315
vn -0.9697458583732573 0.02269333984400018 0.24305962744692786
vn -0.9697458583732573 0.02269333984400018 0.24305962744692786
vn -0.9697458583732573 0.02269333984400018 0.24305962744692786
vn -0.9677961555503503 0.0651477977302108 0.2431591366839126
vn -0.9677961555503503 0.0651477977302108 0.2431591366839126
vn -0.9677961555503503 0.0651477977302108 0.2431591366839126
vn -0.9640083217017957 0.060853753821085446 0.25881417336685764
vn -0.9640083217017957 0.060853753821085446 0.25881417336685764
vn -0.9640083217017957 0.060853753821085446 0.25881417336685764
vn -0.9125662605451986 -0.08584613694676167 0.3998165340326371
vn -0.9125662605451986 -0.08584613694676167 0.3998165340326371
vn -0.9125662605451986 -0.08584613694676167 0.3998165340326371
vn -0.9148352699266392 0.010775016214673024 0.4036834501485378
vn -0.9148352699266392 0.010775016214673024 0.4036834501485378
vn -0.9148352699266392 0.010775016214673024 0.4036834501485378
vn -0.7354105110733409 -0.08919617760655729 0.6717257045128071
vn -0.7354105110733409 -0.08919617760655729 0.6717257045128071
vn -0.7354105110733409 -0.08919617760655729 0.6717257045128071
vn -0.1082436172851923 -0.07922173001418124 0.9909627827575448
vn -0.1082436172851923 -0.07922173001418124 0.9909627827575448
vn -0.1082436172851923 -0.07922173001418124 0.9909627827575448
vn -0.10588902992016534 0.1516380571761696 0.982747888808927
vn -0.10588902992016534 0.1516380571761696 0.982747888808927
vn -0.10588902992016534 0.1516380571761696 0.982747888808927
vn -0.2013092523399526 0.17521956180527595 0.963728535472047
vn -0.2013092523399526 0.17521956180527595 0.963728535472047
vn -0.2013092523399526 0.17521956180527595 0.963728535472047
vn -0.22330059177756767 0.03662850941952074 0.9740611880213131
vn -0.22330059177756767 0.03662850941952074 0.9740611880213131
vn -0.22330059177756767 0.03662850941952074 0.9740611880213131
vn -0.22146750065009876 -0.020012492311048603 0.9749623819959921
vn -0.22146750065009876 -0.020012492311048603 0.9749623819959921
vn -0.22146750065009876 -0.020012492311048603 0.9749623819959921
vn -0.31314772053157747 0.011802983466785363 0.9496310834777681
vn -0.31314772053157747 0.011802983466785363 0.9496310834777681
vn -0.31314772053157747 0.011802983466785363 0.9496310834777681
vn 0.7576288544417993 0.12809769743549906 0.6399917959075182
vn 0.7576288544417993 0.12809769743549906 0.6399917959075182
vn 0.7576288544417993 0.12809769743549906 0.6399917959075182
vn 0.7652181639612551 0.0458224583015298 0.6421381968540497
vn 0.7652181639612551 0.0458224583015298 0.6421381968540497
vn 0.7652181639612551 0.0458224583015298 0.6421381968540497
vn 0.8761180820096915 -0.01664043039418528 0.4818093009188961
vn 0.8761180820096915 -0.01664043039418528 0.4818093009188961
vn 0.8761180820096915 -0.01664043039418528 0.4818093009188961
vn 0.9595000480793577 0.04325006718784126 -0.27836862147871055
vn 0.9595000480793577 0.04325006718784126 -0.27836862147871055
vn 0.9595000480793577 0.04325006718784126 -0.27836862147871055
vn 0.9601811604020314 -0.006892916497521638 -0.2792930842523074
vn 0.9601811604020314 -0.006892916497521638 -0.2792930842523074
vn 0.9601811604020314 -0.006892916497521638 -0.2792930842523074
vn 0.9861437817621195 0.029029343153904347 -0.1633332144052705
vn 0.9861437817621195 0.029029343153904347 -0.1633332144052705
vn 0.9861437817621195 0.029029343153904347 -0.1633332144052705
vn 0.8056259096280619 0.11389648299864737 -0.5813729309973907
vn 0.8059320987960844 0.1102511001734966 -0.5816512245673278
vn 0.8055967873607415 0.11423240333756281 -0.5813473782703218
vn 0.8056259096280619 0.11389648299864737 -0.5813729309973907
vn 0.8059597538308233 0.10991510113128736 -0.581676495784605
vn 0.8059320987960844 0.1102511001734966 -0.5816512245673278
vn 0.7090856222864712 0.06185074817179988 -0.7024044883236416
vn 0.7084461525222406 0.07415393559217259 -0.7018584207748924
vn 0.7091152493699152 0.061231083706709204 -0.7024288700638269
vn 0.5387240477288083 0.05840572247725341 -0.8404553361009726
vn 0.5360552779684086 0.05768118235467783 -0.8422099620429448
vn 0.5369266793629023 0.057917795992452566 -0.8416384436892743
vn 0.5358626357498856 0.02706725986663667 -0.8438711981401531
vn 0.5358626357498856 0.02706725986663667 -0.8438711981401531
vn 0.5358626357498856 0.02706725986663667 -0.8438711981401531
vn 0.4667949709189804 0.006582545440174563 -0.8843410683781887
vn 0.4667949709189804 0.006582545440174563 -0.8843410683781887
vn 0.4667949709189804 0.006582545440174563 -0.8843410683781887
vn 0.27782383240273484 0.05942574845347874 -0.9587922082337763
vn 0.27782383240273484 0.05942574845347874 -0.9587922082337763
vn 0.27782383240273484 0.05942574845347874 -0.9587922082337763
vn 0.2774426606104317 0.07780422222976409 -0.9575865877698091
vn 0.2774426606104317 0.07780422222976409 -0.9575865877698091
vn 0.2774426606104317 0.07780422222976409 -0.9575865877698091
vn 0.45433734118333174 0.13567280209840898 -0.8804376588817784
vn 0.45433734118333174 0.13567280209840898 -0.8804376588817784
vn 0.45433734118333174 0.13567280209840898 -0.8804376588817784
vn 0.43616124388569516 -0.025449669901284246 -0.8995085789663146
vn 0.43616124388569516 -0.025449669901284246 -0.8995085789663146
vn 0.43616124388569516 -0.025449669901284246 -0.8995085789663146
vn 0.4341541483377882 0.024443479437430072 -0.900506908243397
vn 0.4341541483377882 0.024443479437430072 -0.900506908243397
vn 0.4341541483377882 0.024443479437430072 -0.900506908243397
vn 0.5204094618365281 0.057960013492087424 -0.8519475505375975
vn 0.5204094618365281 0.057960013492087424 -0.8519475505375975
vn 0.5204094618365281 0.057960013492087424 -0.8519475505375975
vn 0.9885938860083042 0.11461208770879597 -0.09770464624587422
vn 0.9885938860083042 0.11461208770879597 -0.09770464624587422
vn 0.9885938860083042 0.11461208770879597 -0.09770464624587422
vn 0.9921653498868375 0.07709493553842017 -0.09830711773954266
vn 0.9921653498868375 0.07709493553842017 -0.09830711773954266
vn 0.9921653498868375 0.07709493553842017 -0.09830711773954266
vn 0.9940920792933478 0.10836615758374149 -0.006141154351106661
vn 0.9940920792933478 0.10836615758374149 -0.006141154351106661
vn 0.9940920792933478 0.10836615758374149 -0.006141154351106661
vn 0.9939936924106431 0.044933495213944456 0.09978737623424175
vn 0.9939936924106431 0.044933495213944456 0.09978737623424175
vn 0.9939936924106431 0.044933495213944456 0.09978737623424175
vn 0.987015094666258 0.12708622664040717 0.09823590941840342
vn 0.987015094666258 0.12708622664040717 0.09823590941840342
vn 0.987015094666258 0.12708622664040717 0.09823590941840342
vn 0.9924122579512683 0.10980955543942039 0.05531520407864436
vn 0.9924122579512683 0.10980955543942039 0.05531520407864436
vn 0.9924122579512683 0.10980955543942039 0.05531520407864436
vn 0.00017081873750170417 -0.034737078463702685 0.9993964709767419
vn 0.00017081873750170417 -0.034737078463702685 0.9993964709767419
vn 0.00017081873750170417 -0.034737078463702685 0.9993964709767419
vn -0.0013052148240243495 0.013666300917893488 0.9999057598761419
vn -0.0013052148240243495 0.013666300917893488 0.9999057598761419
vn -0.0013052148240243495 0.013666300917893488 0.9999057598761419
vn 0.23576359248524356 -0.06710140945773163 0.9694910671621674
vn 0.23576359248524356 -0.06710140945773163 0.9694910671621674
vn 0.23576359248524356 -0.06710140945773163 0.9694910671621674
vn 0.18067672670963533 -0.43090072347221187 0.8841269631317755
vn 0.18067672670963533 -0.43090072347221187 0.8841269631317755
vn 0.18067672670963533 -0.43090072347221187 0.8841269631317755
vn 0.18067672670963533 -0.43090072347221187 0.8841269631317755
vn 0.18067672670963533 -0.43090072347221187 0.8841269631317755
vn 0.18067672670963533 -0.43090072347221187 0.8841269631317755
vn -0.23488947848771155 0.2269663125031932 0.9451524881649913
vn -0.23488947848771155 0.2269663125031932 0.9451524881649913
vn -0.23488947848771155 0.2269663125031932 0.9451524881649913
vn -0.5699735908615444 0.22687194810900754 0.7897209791322631
vn -0.5699735908615444 0.22687194810900754 0.7897209791322631
vn -0.5699735908615444 0.22687194810900754 0.7897209791322631
vn -0.5699735908615444 0.22687194810900754 0.7897209791322631
vn -0.5699735908615444 0.22687194810900754 0.7897209791322631
vn -0.5699735908615444 0.22687194810900754 0.7897209791322631
vn 0.36499989829097285 0.49593528122952096 0.7879233916310491
vn 0.36499989829097285 0.49593528122952096 0.7879233916310491
vn 0.36499989829097285 0.49593528122952096 0.7879233916310491
vn 0.3315748257909295 -0.2506649192058156 0.9095192318919139
vn 0.3315748257909295 -0.2506649192058156 0.9095192318919139
vn 0.3315748257909295 -0.2506649192058156 0.9095192318919139
vn -0.21921108605287953 0.2323462116642868 0.9476084305644243
vn -0.21921108605287953 0.2323462116642868 0.9476084305644243
vn -0.21921108605287953 0.2323462116642868 0.9476084305644243
vn -0.9950579820452887 0.09037219643943083 -0.041139743298555215
vn -0.9950579820452887 0.09037219643943083 -0.041139743298555215
vn -0.9950579820452887 0.09037219643943083 -0.041139743298555215
vn -0.9913116356724989 0.12476269548393466 -0.041659462261265615
vn -0.9913116356724989 0.12476269548393466 -0.041659462261265615
vn -0.9913116356724989 0.12476269548393466 -0.041659462261265615
vn -0.9797229858643549 0.05453659060843424 0.19279167838327704
vn -0.9801086564786092 0.04585476655528665 0.19309158935555845
vn -0.9796896218353296 0.05504297759694013 0.19281731116632467
vn -0.9867434275419895 0.0994996643835581 -0.12820774153788608
vn -0.9867434275419895 0.0994996643835581 -0.12820774153788608
vn -0.9867434275419895 0.0994996643835581 -0.12820774153788608
vn -0.991496517244473 0.019850984029687373 -0.12861024346891448
vn -0.991496517244473 0.019850984029687373 -0.12861024346891448
vn -0.991496517244473 0.019850984029687373 -0.12861024346891448
vn -0.995052459779205 -0.048884422540391055 0.08649228590022348
vn -0.995052459779205 -0.048884422540391055 0.08649228590022348
vn -0.995052459779205 -0.048884422540391055 0.08649228590022348
vn -0.6125082496501868 0.01381736345507641 -0.790343421923416
vn -0.6125082496501868 0.01381736345507641 -0.790343421923416
vn -0.6125082496501868 0.01381736345507641 -0.790343421923416
vn -0.6021835835582409 -0.18909397046254078 -0.7756406397473425
vn -0.6021835835582409 -0.18909397046254078 -0.7756406397473425
vn -0.6021835835582409 -0.18909397046254078 -0.7756406397473425
vn -0.22105655940453514 -0.003808310246421919 -0.9752535538603775
vn -0.22105655940453514 -0.003808310246421919 -0.9752535538603775
vn -0.22105655940453514 -0.003808310246421919 -0.9752535538603775
vn -0.22105655940453514 -0.003808310246421919 -0.9752535538603775
vn -0.22105655940453514 -0.003808310246421919 -0.9752535538603775
vn -0.22105655940453514 -0.003808310246421919 -0.9752535538603775
vn -0.38595509867194977 0.09547980165514316 -0.9175632235900806
vn -0.38598498657585445 0.09070055865824392 -0.9180354017123304
vn -0.38592425661738655 0.095751785935737 -0.9175478535991648
vn -0.38595509867194977 0.09547980165514316 -0.9175632235900806
vn -0.3860167321314387 0.09037952946293855 -0.9180537147512788
vn -0.38598498657585445 0.09070055865824392 -0.9180354017123304
vn -0.3432746838585318 0.10577367721475234 -0.9332601034172062
vn -0.3432746838585318 0.10577367721475234 -0.9332601034172062
vn -0.3432746838585318 0.10577367721475234 -0.9332601034172062
vn -0.30838859252979345 0.04862301247168065 -0.9500169886142416
vn -0.30838859252979345 0.04862301247168065 -0.9500169886142416
vn -0.30838859252979345 0.04862301247168065 -0.9500169886142416
vn -0.3133150386302479 0.18751668946430214 -0.9309517590833989
vn -0.3133150386302479 0.18751668946430214 -0.9309517590833989
vn -0.3133150386302479 0.18751668946430214 -0.9309517590833989
vn -0.43083664871915794 0.15280364899212998 -0.8893991381686487
vn -0.43083664871915794 0.15280364899212998 -0.8893991381686487
vn -0.43083664871915794 0.15280364899212998 -0.8893991381686487
vn -0.41208522897435274 0.046015251498389635 -0.9099826155980646
vn -0.41208522897435274 0.046015251498389635 -0.9099826155980646
vn -0.41208522897435274 0.046015251498389635 -0.9099826155980646
vn -0.6858156402374893 0.2747759050743319 -0.6739103127243449
vn -0.6858156402374893 0.2747759050743319 -0.6739103127243449
vn -0.6858156402374893 0.2747759050743319 -0.6739103127243449
vn -0.6858156402374893 0.2747759050743319 -0.6739103127243449
vn -0.6858156402374893 0.2747759050743319 -0.6739103127243449
vn -0.6858156402374893 0.2747759050743319 -0.6739103127243449
vn -0.6858156402374893 0.2747759050743319 -0.6739103127243449
vn -0.6858156402374893 0.2747759050743319 -0.6739103127243449
vn -0.6858156402374893 0.2747759050743319 -0.6739103127243449
vn -0.9670363779396888 0.08500240284307899 0.2400317380101849
vn -0.9670363779396888 0.08500240284307899 0.2400317380101849
vn -0.9670363779396888 0.08500240284307899 0.2400317380101849
vn -0.9670363779396888 0.08500240284307899 0.2400317380101849
vn -0.9670363779396888 0.08500240284307899 0.2400317380101849
vn -0.9670363779396888 0.08500240284307899 0.2400317380101849
vn -0.9670363779396888 0.08500240284307899 0.2400317380101849
vn -0.9670363779396888 0.08500240284307899 0.2400317380101849
vn -0.9670363779396888 0.08500240284307899 0.2400317380101849
vn -0.9560902773591345 0.06005086956193637 -0.28685409985598664
vn -0.9560902773591345 0.06005086956193637 -0.28685409985598664
vn -0.9560902773591345 0.06005086956193637 -0.28685409985598664
vn -0.9551230533787839 0.07419079235425441 -0.28676763979611886
vn -0.9551230533787839 0.07419079235425441 -0.28676763979611886
vn -0.9551230533787839 0.07419079235425441 -0.28676763979611886
vn -0.9725564684286789 0.05869204215211364 -0.22514253242235374
vn -0.9725564684286789 0.05869204215211364 -0.22514253242235374
vn -0.9725564684286789 0.05869204215211364 -0.22514253242235374
vn -0.6269583676864806 0.032227996762396974 0.7783858692272021
vn -0.6269583676864806 0.032227996762396974 0.7783858692272021
vn -0.6269583676864806 0.032227996762396974 0.7783858692272021
vn -0.6238735472316164 0.08015075523522498 0.7774044336764895
vn -0.6238735472316164 0.08015075523522498 0.7774044336764895
vn -0.6238735472316164 0.08015075523522498 0.7774044336764895
vn -0.8042155556138886 0.18221435344444847 0.565716598225177
vn -0.8042155556138886 0.18221435344444847 0.565716598225177
vn -0.8042155556138886 0.18221435344444847 0.565716598225177
vn -0.847576232842064 0.10472614255672917 0.5202374117520219
vn -0.847576232842064 0.10472614255672917 0.5202374117520219
vn -0.847576232842064 0.10472614255672917 0.5202374117520219
vn -0.8196125067584652 0.2901551349353218 0.49400944974339284
vn -0.8196125067584652 0.2901551349353218 0.49400944974339284
vn -0.8196125067584652 0.2901551349353218 0.49400944974339284
vn -0.5287861724558868 0.20819967587929522 0.8228232366573087
vn -0.5287861724558868 0.20819967587929522 0.8228232366573087
vn -0.5287861724558868 0.20819967587929522 0.8228232366573087
vn -0.9965859161519143 0.08222899552704033 -0.007409724843997952
vn -0.9965859161519143 0.08222899552704033 -0.007409724843997952
vn -0.9965859161519143 0.08222899552704033 -0.007409724843997952
vn 0.2999680984398557 0.19171484445441592 0.9344862536892643
vn 0.2999680984398557 0.19171484445441592 0.9344862536892643
vn 0.2999680984398557 0.19171484445441592 0.9344862536892643
vn 0.2999680984398557 0.19171484445441592 0.9344862536892643
vn 0.2999680984398557 0.19171484445441592 0.9344862536892643
vn 0.2999680984398557 0.19171484445441592 0.9344862536892643
vn -0.004177611368211388 0.3177690596363181 0.9481589383120882
vn -0.004177611368211388 0.3177690596363181 0.9481589383120882
vn -0.004177611368211388 0.3177690596363181 0.9481589383120882
vn 0.3355450975597298 0.07092828061478074 0.9393501298837736
vn 0.3355450975597298 0.07092828061478074 0.9393501298837736
vn 0.3355450975597298 0.07092828061478074 0.9393501298837736
vn 0.3355450975597298 0.07092828061478074 0.9393501298837736
vn 0.3355450975597298 0.07092828061478074 0.9393501298837736
vn 0.3355450975597298 0.07092828061478074 0.9393501298837736
vn 0.3461889656360184 0.18936887626086607 0.9188539757630483
vn 0.3461889656360184 0.18936887626086607 0.9188539757630483
vn 0.3461889656360184 0.18936887626086607 0.9188539757630483
vn 0.5209571252464653 0.14279308079160255 0.8415544009349495
vn 0.5209571252464653 0.14279308079160255 0.8415544009349495
vn 0.5209571252464653 0.14279308079160255 0.8415544009349495
vn 0.9967126345998514 -0.0066435499520730015 0.08074519969049238
vn 0.9967126345998514 -0.0066435499520730015 0.08074519969049238
vn 0.9967126345998514 -0.0066435499520730015 0.08074519969049238
vn 0.9920319449182458 0.09846181342341931 0.07859956462407655
vn 0.9920319449182458 0.09846181342341931 0.07859956462407655
vn 0.9920319449182458 0.09846181342341931 0.07859956462407655
vn 0.8782097758326024 0.20957186517482757 0.4299153672052143
vn 0.8782097758326024 0.20957186517482757 0.4299153672052143
vn 0.8782097758326024 0.20957186517482757 0.4299153672052143
vn 0.8978987004028592 0.23883894851837592 0.3697754460283879
vn 0.8978987004028592 0.23883894851837592 0.3697754460283879
vn 0.8978987004028592 0.23883894851837592 0.3697754460283879
vn 0.9189298627014049 0.12392723535901455 0.37444618808561614
vn 0.9189298627014049 0.12392723535901455 0.37444618808561614
vn 0.9189298627014049 0.12392723535901455 0.37444618808561614
vn 0.9984527095245386 0.034777860999686945 -0.04338994385101062
vn 0.9984527095245386 0.034777860999686945 -0.04338994385101062
vn 0.9984527095245386 0.034777860999686945 -0.04338994385101062
vn 0.4057007910152069 0.006397186231736431 -0.9139835579363295
vn 0.4057007910152069 0.006397186231736431 -0.9139835579363295
vn 0.4057007910152069 0.006397186231736431 -0.9139835579363295
vn 0.404263329519445 0.046693669339624294 -0.9134499776394187
vn 0.404263329519445 0.046693669339624294 -0.9134499776394187
vn 0.404263329519445 0.046693669339624294 -0.9134499776394187
vn 0.6871905809150324 0.16123411172808982 -0.7083591368203802
vn 0.6871905809150324 0.16123411172808982 -0.7083591368203802
vn 0.6871905809150324 0.16123411172808982 -0.7083591368203802
vn 0.3975038896192452 0.1769085580700225 -0.9003854840117961
vn 0.3979541697784709 0.17013772210299924 -0.9014907843530796
vn 0.3974820298909213 0.1772239048373476 -0.9003331180557536
vn 0.3975038896192452 0.1769085580700225 -0.9003854840117961
vn 0.39797654007390354 0.1697943051305916 -0.9015456546931077
vn 0.3979541697784709 0.17013772210299924 -0.9014907843530796
vn 0.6226297093071324 0.22418960895275586 -0.749714121732895
vn 0.6226297093071324 0.22418960895275586 -0.749714121732895
vn 0.6226297093071324 0.22418960895275586 -0.749714121732895
vn 0.32594732294567724 0.0023046165550211317 -0.94538512332651
vn 0.32594732294567724 0.0023046165550211317 -0.94538512332651
vn 0.32594732294567724 0.0023046165550211317 -0.94538512332651
vn 0.4271351820750408 0.033543131309428466 -0.9035653792480544
vn 0.4271351820750408 0.033543131309428466 -0.9035653792480544
vn 0.4271351820750408 0.033543131309428466 -0.9035653792480544
vn 0.45704124777488864 0.03381279635190154 -0.8888025611097427
vn 0.45704124777488864 0.03381279635190154 -0.8888025611097427
vn 0.45704124777488864 0.03381279635190154 -0.8888025611097427
vn 0.5322954793072812 -0.10119439461770076 -0.8404886776197458
vn 0.5322954793072812 -0.10119439461770076 -0.8404886776197458
vn 0.5322954793072812 -0.10119439461770076 -0.8404886776197458
vn 0.6472689364608958 -0.060312266908068485 -0.7598719328631575
vn 0.6472689364608958 -0.060312266908068485 -0.7598719328631575
vn 0.6472689364608958 -0.060312266908068485 -0.7598719328631575
vn 0.52276175475706 -0.06198092903318043 -0.8502226250809275
vn 0.52276175475706 -0.06198092903318043 -0.8502226250809275
vn 0.52276175475706 -0.06198092903318043 -0.8502226250809275
vn 0.9833179090185923 0.06912040186152905 -0.1682505864768507
vn 0.9833011777903293 0.0693615113467393 -0.16824914412812697
vn 0.9829885262528126 0.07372418209774044 -0.1682209922374221
vn 0.8802199164171574 -0.021521160759813782 -0.4740777767224728
vn 0.8802199164171574 -0.021521160759813782 -0.4740777767224728
vn 0.8802199164171574 -0.021521160759813782 -0.4740777767224728
vn 0.8802199164171574 -0.021521160759813782 -0.4740777767224728
vn 0.8802199164171574 -0.021521160759813782 -0.4740777767224728
vn 0.8802199164171574 -0.021521160759813782 -0.4740777767224728
vn 0.9985801811550068 -0.05281612886282822 -0.0069338543667228905
vn 0.9985801811550068 -0.05281612886282822 -0.0069338543667228905
vn 0.9985801811550068 -0.05281612886282822 -0.0069338543667228905
vn 0.7863565661528008 -0.013133084322621813 0.6176332835627875
vn 0.7863565661528008 -0.013133084322621813 0.6176332835627875
vn 0.7863565661528008 -0.013133084322621813 0.6176332835627875
vn 0.6925412593848861 0.03234081245653253 0.7206529510792608
vn 0.6923567938710831 0.037868369120001716 0.7205609319139816
vn 0.6925504679802832 0.03205539793929023 0.720656853685056
vn 0.9972825419105642 0.04813173094683279 0.05577515644501281
vn 0.9972825419105642 0.04813173094683279 0.05577515644501281
vn 0.9972825419105642 0.04813173094683279 0.05577515644501281
vn 0.7032954963123894 0.11334913172486184 0.7018029774829471
vn 0.7032954963123894 0.11334913172486184 0.7018029774829471
vn 0.7032954963123894 0.11334913172486184 0.7018029774829471
vn 0.832725879882021 0.047218531691224815 0.5516683960855819
vn 0.832725879882021 0.047218531691224815 0.5516683960855819
vn 0.832725879882021 0.047218531691224815 0.5516683960855819
vn 0.23488631241502353 0.04549832697957173 0.9709574256794847
vn 0.23488631241502353 0.04549832697957173 0.9709574256794847
vn 0.23488631241502353 0.04549832697957173 0.9709574256794847
vn -0.11855660943612772 0.05985544287346416 0.9911415924667023
vn -0.11855660943612772 0.05985544287346416 0.9911415924667023
vn -0.11855660943612772 0.05985544287346416 0.9911415924667023
vn -0.3322435231078187 0.1250309347840068 0.9348697806111511
vn -0.3322435231078187 0.1250309347840068 0.9348697806111511
vn -0.3322435231078187 0.1250309347840068 0.9348697806111511
vn -0.3547963552862964 0.12385717415552648 0.9267032678726064
vn -0.3547963552862964 0.12385717415552648 0.9267032678726064
vn -0.3547963552862964 0.12385717415552648 0.9267032678726064
vn -0.40299500120434917 -0.05053780004881089 0.9138057560392872
vn -0.40299500120434917 -0.05053780004881089 0.9138057560392872
vn -0.40299500120434917 -0.05053780004881089 0.9138057560392872
vn -0.19522884713207425 -0.11488033741221527 0.9740062655463448
vn -0.19522884713207425 -0.11488033741221527 0.9740062655463448
vn -0.19522884713207425 -0.11488033741221527 0.9740062655463448
vn -0.22514318510322995 -0.11616977489462342 0.9673753819497917
vn -0.22514318510322995 -0.11616977489462342 0.9673753819497917
vn -0.22514318510322995 -0.11616977489462342 0.9673753819497917
vn -0.9776394564123995 0.03334656454845337 0.20762731009788649
vn -0.9776394564123995 0.03334656454845337 0.20762731009788649
vn -0.9776394564123995 0.03334656454845337 0.20762731009788649
vn -0.9839751508454782 0.04437758883818623 0.17269491054321065
vn -0.9851497244871686 0.04030385284092736 0.16690002932603856
vn -0.9839595890870025 0.044741843764641354 0.1726895899012958
vn -0.9801290226787966 0.04535494626750911 0.19310626026045388
vn -0.9801086564786092 0.04585476655528665 0.19309158935555845
vn -0.9797229858643549 0.05453659060843424 0.19279167838327704
vn -0.9909148557899746 -0.10844890689127157 0.07953982127728294
vn -0.9909148557899746 -0.10844890689127157 0.07953982127728294
vn -0.9909148557899746 -0.10844890689127157 0.07953982127728294
vn -0.9522441311472483 0.016570775947832562 -0.3048877237281107
vn -0.9522441311472483 0.016570775947832562 -0.3048877237281107
vn -0.9522441311472483 0.016570775947832562 -0.3048877237281107
vn -0.9969605844034211 0.01685125695513745 0.07606331760462091
vn -0.9969605844034211 0.01685125695513745 0.07606331760462091
vn -0.9969605844034211 0.01685125695513745 0.07606331760462091
vn -0.38192286542950854 -0.5971538892500277 -0.7053666829498536
vn -0.38192286542950854 -0.5971538892500277 -0.7053666829498536
vn -0.38192286542950854 -0.5971538892500277 -0.7053666829498536
vn -0.39691146119394094 0.12209733905427993 0.909699693178334
vn -0.3950703460341372 0.12151116122907951 0.9105791889677842
vn -0.39523007354749373 0.12156186588989963 0.9105031036328262
vn 0.4905188894222635 0.7901697026925038 0.3674548408536615
vn 0.49101566676490366 0.7897562292387145 0.36768017810328607
vn 0.4826386878556947 0.796654940913808 0.36386921016012125
vn -0.025026638391470395 -0.07490549930465196 -0.9968765387673356
vn -0.025026638391470395 -0.07490549930465196 -0.9968765387673356
vn -0.025026638391470395 -0.07490549930465196 -0.9968765387673356
vn 0.3819485538555007 0.04972667026969854 -0.9228448192798073
vn 0.3819485538555007 0.04972667026969854 -0.9228448192798073
vn 0.3819485538555007 0.04972667026969854 -0.9228448192798073
vn -0.3441188707028758 0.0688183361395519 -0.9364006831678205
vn -0.3441188707028758 0.0688183361395519 -0.9364006831678205
vn -0.3441188707028758 0.0688183361395519 -0.9364006831678205
vn -0.6032585315462902 0.11906334953276476 -0.7886083076627156
vn -0.6048902923640632 0.11901307796324018 -0.7873649861896541
vn -0.5998359810678595 0.11916707017437417 -0.7911990932770424
vn -0.6959774312819922 0.08425573343046967 -0.7131033491228416
vn -0.6959827390785547 0.08945774405643224 -0.7124642720396909
vn -0.6959767089872082 0.08410877732899183 -0.7131214020933302
vn -0.44278716254869654 0.0859261995485657 -0.8924999814639855
vn -0.44278716254869654 0.0859261995485657 -0.8924999814639855
vn -0.44278716254869654 0.0859261995485657 -0.8924999814639855
vn -0.7358257748388173 -0.02995313540842671 -0.6765081217266047
vn -0.7358257748388173 -0.02995313540842671 -0.6765081217266047
vn -0.7358257748388173 -0.02995313540842671 -0.6765081217266047
vn -0.6770161845688805 -0.0029250564334261154 -0.7359623155275391
vn -0.6770161845688805 -0.0029250564334261154 -0.7359623155275391
vn -0.6770161845688805 -0.0029250564334261154 -0.7359623155275391
vn -0.8658619685348772 0.004910323849106344 -0.5002588731492968
vn -0.8658619685348772 0.004910323849106344 -0.5002588731492968
vn -0.8658619685348772 0.004910323849106344 -0.5002588731492968
vn -0.95080530386149 0.00807233881398098 -0.30968388962768456
vn -0.95080530386149 0.00807233881398098 -0.30968388962768456
vn -0.95080530386149 0.00807233881398098 -0.30968388962768456
vn -0.9276807450833464 0.02688771420840805 -0.3724050026869323
vn -0.9270060596606655 0.03704475466796331 -0.37321234103925
vn -0.9277286704080434 0.026105606362164586 -0.3723412566710644
vn -0.9893718964999105 0.04774257546602701 0.1373459023926125
vn -0.9893718964999105 0.04774257546602701 0.1373459023926125
vn -0.9893718964999105 0.04774257546602701 0.1373459023926125
vn -0.5712821374205918 -0.08322734334535828 0.816523073026007
vn -0.5712821374205918 -0.08322734334535828 0.816523073026007
vn -0.5712821374205918 -0.08322734334535828 0.816523073026007
vn -0.6576805200668326 -0.055919443601927514 0.7512185762824768
vn -0.6576805200668326 -0.055919443601927514 0.7512185762824768
vn -0.6576805200668326 -0.055919443601927514 0.7512185762824768
vn -0.8362415924377687 -0.06179855377757504 0.5448678168401441
vn -0.8362415924377687 -0.06179855377757504 0.5448678168401441
vn -0.8362415924377687 -0.06179855377757504 0.5448678168401441
vn -0.6226819725300708 -0.06801865185015464 0.7795130685797047
vn -0.6226819725300708 -0.06801865185015464 0.7795130685797047
vn -0.6226819725300708 -0.06801865185015464 0.7795130685797047
vn -0.5273915680177387 -0.10258628391771474 0.8434063008631991
vn -0.5273915680177387 -0.10258628391771474 0.8434063008631991
vn -0.5273915680177387 -0.10258628391771474 0.8434063008631991
vn -0.8684351283290572 -0.11858629567953842 0.48141221251760835
vn -0.8684351283290572 -0.11858629567953842 0.48141221251760835
vn -0.8684351283290572 -0.11858629567953842 0.48141221251760835
vn 0.18948438398806292 0.05478596535085845 0.9803541024676944
vn 0.18948438398806292 0.05478596535085845 0.9803541024676944
vn 0.18948438398806292 0.05478596535085845 0.9803541024676944
vn 0.7298603771333548 -0.10035042040456099 0.6761905227192889
vn 0.7298603771333548 -0.10035042040456099 0.6761905227192889
vn 0.7298603771333548 -0.10035042040456099 0.6761905227192889
vn 0.2529626822929359 -0.1723898016974802 0.9519935071406036
vn 0.2529626822929359 -0.1723898016974802 0.9519935071406036
vn 0.2529626822929359 -0.1723898016974802 0.9519935071406036
vn 0.1820996714756004 0.1023401504964156 0.9779397748557164
vn 0.1820996714756004 0.1023401504964156 0.9779397748557164
vn 0.1820996714756004 0.1023401504964156 0.9779397748557164
vn 0.7024375449053218 -0.04159061357881429 0.710529180519366
vn 0.7024375449053218 -0.04159061357881429 0.710529180519366
vn 0.7024375449053218 -0.04159061357881429 0.710529180519366
vn 0.20992362933664568 -0.08019585099212571 0.9744232629251928
vn 0.20992362933664568 -0.08019585099212571 0.9744232629251928
vn 0.20992362933664568 -0.08019585099212571 0.9744232629251928
vn 0.9771414165122755 0.03567013865794398 0.20957646180930412
vn 0.9771414165122755 0.03567013865794398 0.20957646180930412
vn 0.9771414165122755 0.03567013865794398 0.20957646180930412
vn 0.9697949116147909 0.044914384442256684 0.23975096970863954
vn 0.9697949116147909 0.044914384442256684 0.23975096970863954
vn 0.9697949116147909 0.044914384442256684 0.23975096970863954
vn 0.9228950632980745 0.03759048746329002 0.3832122876322145
vn 0.9228950632980745 0.03759048746329002 0.3832122876322145
vn 0.9228950632980745 0.03759048746329002 0.3832122876322145
vn 0.9849237911415665 0.11893673564753313 -0.1256152003414894
vn 0.9849237911415665 0.11893673564753313 -0.1256152003414894
vn 0.9849237911415665 0.11893673564753313 -0.1256152003414894
vn 0.9610432022398407 0.08033204434274586 -0.264466871423072
vn 0.9612098411828839 0.07478852028875538 -0.26548506256698073
vn 0.9610203000190374 0.08102270456753062 -0.2643393733364027
vn 0.9860406451875369 0.07937899029272347 -0.1463653713767486
vn 0.9860406451875369 0.07937899029272347 -0.1463653713767486
vn 0.9860406451875369 0.07937899029272347 -0.1463653713767486
vn 0.46529650837073006 0.05928148860764999 -0.8831675177487384
vn 0.46529650837073006 0.05928148860764999 -0.8831675177487384
vn 0.46529650837073006 0.05928148860764999 -0.8831675177487384
vn 0.4908910855451031 0.06903490987074339 -0.8684815043232001
vn 0.4908910855451031 0.06903490987074339 -0.8684815043232001
vn 0.4908910855451031 0.06903490987074339 -0.8684815043232001
vn 0.7080377209542406 0.0644090880668484 -0.7032311533772674
vn 0.7080377209542406 0.0644090880668484 -0.7032311533772674
vn 0.7080377209542406 0.0644090880668484 -0.7032311533772674
vn 0.4620134740179292 0.06692823385169784 -0.8843439157586696
vn 0.46198854670003886 0.06681545690314654 -0.8843654659906217
vn 0.461935402728326 0.06680121045824676 -0.884394302326475
vn 0.4620134740179292 0.06692823385169784 -0.8843439157586696
vn 0.4629278632502099 0.0754350600180303 -0.8831802449934392
vn 0.46198854670003886 0.06681545690314654 -0.8843654659906217
vn 0.5387240477288083 0.05840572247725341 -0.8404553361009726
vn 0.5369266793629023 0.057917795992452566 -0.8416384436892743
vn 0.5395232465509869 0.05862292775542006 -0.8399273889881588
vn 0.2836464002765198 0.09388983200162151 -0.9543214443031653
vn 0.2836464002765198 0.09388983200162151 -0.9543214443031653
vn 0.2836464002765198 0.09388983200162151 -0.9543214443031653
vn 0.39116602329304 0.12573069122542696 -0.9116912500979074
vn 0.39116602329304 0.12573069122542696 -0.9116912500979074
vn 0.39116602329304 0.12573069122542696 -0.9116912500979074
vn 0.4658113144693423 0.12054084919107609 -0.8766354561553152
vn 0.4658113144693423 0.12054084919107609 -0.8766354561553152
vn 0.4658113144693423 0.12054084919107609 -0.8766354561553152
vn 0.741249691116264 0.05722663913354924 -0.6687854717273108
vn 0.741249691116264 0.05722663913354924 -0.6687854717273108
vn 0.741249691116264 0.05722663913354924 -0.6687854717273108
vn 0.770598642179933 0.07055804173377166 -0.6334029486962773
vn 0.770598642179933 0.07055804173377166 -0.6334029486962773
vn 0.770598642179933 0.07055804173377166 -0.6334029486962773
vn 0.7084082867861659 0.07482868821278046 -0.7018250256531494
vn 0.7084461525222406 0.07415393559217259 -0.7018584207748924
vn 0.7090856222864712 0.06185074817179988 -0.7024044883236416
vn 0.8459566848680906 -0.024332328922916643 -0.5326961846082406
vn 0.8459908572394738 -0.023708825747442364 -0.5326700301771237
vn 0.8460638399088851 -0.013982530685463469 -0.5328981775482654
vn 0.972300608594777 0.09796104299545247 -0.21221489245919942
vn 0.972300608594777 0.09796104299545247 -0.21221489245919942
vn 0.972300608594777 0.09796104299545247 -0.21221489245919942
vn 0.9823390302231166 0.09451077537348905 -0.16148604595632599
vn 0.9823390302231166 0.09451077537348905 -0.16148604595632599
vn 0.9823390302231166 0.09451077537348905 -0.16148604595632599
vn 0.9592910266116491 0.1116430122364846 0.25941581308997436
vn 0.9592910266116491 0.1116430122364846 0.25941581308997436
vn 0.9592910266116491 0.1116430122364846 0.25941581308997436
vn 0.831388969962364 0.19346335532979209 0.5209263966909893
vn 0.831388969962364 0.19346335532979209 0.5209263966909893
vn 0.831388969962364 0.19346335532979209 0.5209263966909893
vn 0.8555533354402142 0.19679087899733255 0.4788547171748248
vn 0.8555533354402142 0.19679087899733255 0.4788547171748248
vn 0.8555533354402142 0.19679087899733255 0.4788547171748248
vn 0.6955602234532778 0.05376932199686718 0.7164529541858444
vn 0.6955602234532778 0.05376932199686718 0.7164529541858444
vn 0.6955602234532778 0.05376932199686718 0.7164529541858444
vn 0.49135222824589164 0.14485221131321388 0.8588310804084056
vn 0.49135222824589164 0.14485221131321388 0.8588310804084056
vn 0.49135222824589164 0.14485221131321388 0.8588310804084056
vn -0.3149748746370638 0.07480251566577273 0.9461476692342679
vn -0.3149748746370638 0.07480251566577273 0.9461476692342679
vn -0.3149748746370638 0.07480251566577273 0.9461476692342679
vn 0.5646707259017101 -0.0316072951894537 0.824710828230382
vn 0.5646707259017101 -0.0316072951894537 0.824710828230382
vn 0.5646707259017101 -0.0316072951894537 0.824710828230382
vn 0.640938244954558 -0.06628871404273513 0.7647247691458224
vn 0.640938244954558 -0.06628871404273513 0.7647247691458224
vn 0.640938244954558 -0.06628871404273513 0.7647247691458224
vn -0.20587387387534048 -0.09206433981911015 0.9742382179884097
vn -0.20587387387534048 -0.09206433981911015 0.9742382179884097
vn -0.20587387387534048 -0.09206433981911015 0.9742382179884097
vn 0.044942974293145414 0.2698435815233133 0.9618547554451018
vn 0.044942974293145414 0.2698435815233133 0.9618547554451018
vn 0.044942974293145414 0.2698435815233133 0.9618547554451018
vn -0.19436882048964457 0.40661765957369694 0.8926829451402516
vn -0.19436882048964457 0.40661765957369694 0.8926829451402516
vn -0.19436882048964457 0.40661765957369694 0.8926829451402516
vn -0.19436882048964457 0.40661765957369694 0.8926829451402516
vn -0.19436882048964457 0.40661765957369694 0.8926829451402516
vn -0.19436882048964457 0.40661765957369694 0.8926829451402516
vn 0.5828357339959988 0.2583605114594482 0.7704234895794375
vn 0.5828357339959988 0.2583605114594482 0.7704234895794375
vn 0.5828357339959988 0.2583605114594482 0.7704234895794375
vn -0.9423127152728156 -0.11252449506294503 0.31525384160387765
vn -0.9423127152728156 -0.11252449506294503 0.31525384160387765
vn -0.9423127152728156 -0.11252449506294503 0.31525384160387765
vn -0.9926270469194738 -0.013378506757519708 0.12046809237662849
vn -0.9926270469194738 -0.013378506757519708 0.12046809237662849
vn -0.9926270469194738 -0.013378506757519708 0.12046809237662849
vn -0.9658475449090012 -0.01813894756535708 0.2584753345572381
vn -0.9658475449090012 -0.01813894756535708 0.2584753345572381
vn -0.9658475449090012 -0.01813894756535708 0.2584753345572381
vn -0.9941532802921837 0.09060614518364078 -0.058734842634093724
vn -0.9941532802921837 0.09060614518364078 -0.058734842634093724
vn -0.9941532802921837 0.09060614518364078 -0.058734842634093724
vn -0.9964646125468046 0.07931915238980916 -0.027690214988486207
vn -0.9964646125468046 0.07931915238980916 -0.027690214988486207
vn -0.9964646125468046 0.07931915238980916 -0.027690214988486207
vn -0.9940963368098669 0.08044976284326302 -0.07280321970673234
vn -0.9941617265129878 0.07962394076201733 -0.07281819548877604
vn -0.9941499694106416 0.07977307038128735 -0.07281548985458192
vn -0.6365535148089538 0.09347674281018599 -0.7655466813578158
vn -0.6365535148089538 0.09347674281018599 -0.7655466813578158
vn -0.6365535148089538 0.09347674281018599 -0.7655466813578158
vn -0.7521738869719521 0.04503694187597255 -0.6574238492966052
vn -0.7521738869719521 0.04503694187597255 -0.6574238492966052
vn -0.7521738869719521 0.04503694187597255 -0.6574238492966052
vn -0.5371745979113826 0.038064056795017454 -0.8426117605036438
vn -0.5371745979113826 0.038064056795017454 -0.8426117605036438
vn -0.5371745979113826 0.038064056795017454 -0.8426117605036438
vn -0.5876431591480762 0.013289830444968485 -0.809011061675434
vn -0.5876431591480762 0.013289830444968485 -0.809011061675434
vn -0.5876431591480762 0.013289830444968485 -0.809011061675434
vn -0.42793619450596115 0.06950067919024044 -0.9011327699200886
vn -0.42793619450596115 0.06950067919024044 -0.9011327699200886
vn -0.42793619450596115 0.06950067919024044 -0.9011327699200886
vn -0.4546554726377823 0.06992172204091578 -0.8879185514377701
vn -0.4546554726377823 0.06992172204091578 -0.8879185514377701
vn -0.4546554726377823 0.06992172204091578 -0.8879185514377701
vn -0.17547872713504734 0.04514022926014494 -0.9834478003561782
vn -0.17547872713504734 0.04514022926014494 -0.9834478003561782
vn -0.17547872713504734 0.04514022926014494 -0.9834478003561782
vn -0.49956121285861566 -0.058887215551202764 -0.8642747771697696
vn -0.49956121285861566 -0.058887215551202764 -0.8642747771697696
vn -0.49956121285861566 -0.058887215551202764 -0.8642747771697696
vn -0.6534156278894789 -0.048118394571978196 -0.7554684886437113
vn -0.6534660902650223 -0.04780590064808859 -0.7554446801301673
vn -0.6536093940998008 -0.040144391496373326 -0.7557666225600845
vn -0.9972619746917006 0.05584101648710214 0.04848025073880152
vn -0.9972619746917006 0.05584101648710214 0.04848025073880152
vn -0.9972619746917006 0.05584101648710214 0.04848025073880152
vn -0.9851272352195157 0.12139787337095165 -0.12160134361824808
vn -0.9851272352195157 0.12139787337095165 -0.12160134361824808
vn -0.9851272352195157 0.12139787337095165 -0.12160134361824808
vn -0.21531072756233127 0.09372103240435353 -0.9720378895298484
vn -0.21531072756233127 0.09372103240435353 -0.9720378895298484
vn -0.21531072756233127 0.09372103240435353 -0.9720378895298484
vn -0.9051005942483817 0.053169163732354044 -0.42186011226380304
vn -0.9051005942483817 0.053169163732354044 -0.42186011226380304
vn -0.9051005942483817 0.053169163732354044 -0.42186011226380304
vn -0.8046717269333962 0.10002416798897179 -0.585233780375108
vn -0.8046717269333962 0.10002416798897179 -0.585233780375108
vn -0.8046717269333962 0.10002416798897179 -0.585233780375108
vn -0.8765504455902079 0.1088965677303286 -0.4688292374331639
vn -0.8765504455902079 0.1088965677303286 -0.4688292374331639
vn -0.8765504455902079 0.1088965677303286 -0.4688292374331639
vn -0.9822498412065103 0.09207831611826965 0.16342225414737524
vn -0.9822498412065103 0.09207831611826965 0.16342225414737524
vn -0.9822498412065103 0.09207831611826965 0.16342225414737524
vn -0.9688863254300698 0.07278355411994616 0.23656255545687224
vn -0.9688863254300698 0.07278355411994616 0.23656255545687224
vn -0.9688863254300698 0.07278355411994616 0.23656255545687224
vn -0.7626167211080673 0.09983931818509968 0.6390992467768324
vn -0.7626167211080673 0.09983931818509968 0.6390992467768324
vn -0.7626167211080673 0.09983931818509968 0.6390992467768324
vn 0.4061806109905956 -0.5615434536986513 0.7208926833194363
vn 0.40604844823273867 -0.5602561865808107 0.7219679100110425
vn 0.4061865083289927 -0.5616007885048279 0.7208446953416922
vn -0.45940164180909665 0.04211187330035946 0.887229802041298
vn -0.45940164180909665 0.04211187330035946 0.887229802041298
vn -0.45940164180909665 0.04211187330035946 0.887229802041298
vn -0.45940164180909665 0.04211187330035946 0.887229802041298
vn -0.45940164180909665 0.04211187330035946 0.887229802041298
vn -0.45940164180909665 0.04211187330035946 0.887229802041298
vn -0.7419884003665611 0.05969043734928137 0.6677501519359792
vn -0.7420075574000724 0.05933900283901364 0.6677601871205333
vn -0.7424557870413068 0.05055507769020641 0.6679847216880119
vn 0.05635898346528504 -0.5722512027146243 0.8181394905359511
vn 0.05635898346528504 -0.5722512027146243 0.8181394905359511
vn 0.05635898346528504 -0.5722512027146243 0.8181394905359511
vn 0.8256602304975522 0.28689218655293075 -0.48577572713095435
vn 0.8256602304975522 0.28689218655293075 -0.48577572713095435
vn 0.8256602304975522 0.28689218655293075 -0.48577572713095435
vn 0.2150961767000055 0.6172205198351314 -0.7568173258214231
vn 0.2150961767000055 0.6172205198351314 -0.7568173258214231
vn 0.2150961767000055 0.6172205198351314 -0.7568173258214231
vn 0.623376971163155 -0.01825822650403796 0.7817082505566756
vn 0.623376971163155 -0.01825822650403796 0.7817082505566756
vn 0.623376971163155 -0.01825822650403796 0.7817082505566756
vn 0.520466025138454 0.016951549040800745 0.8537140983149427
vn 0.520466025138454 0.016951549040800745 0.8537140983149427
vn 0.520466025138454 0.016951549040800745 0.8537140983149427
vn 0.533438098529934 0.016915822724193234 0.845669941512841
vn 0.533438098529934 0.016915822724193234 0.845669941512841
vn 0.533438098529934 0.016915822724193234 0.845669941512841
vn 0.8196367281449808 0.22724424639611845 0.5258856209820262
vn 0.8196367281449808 0.22724424639611845 0.5258856209820262
vn 0.8196367281449808 0.22724424639611845 0.5258856209820262
vn 0.9889643022765131 0.11929166798836799 0.08785844735301433
vn 0.9889643022765131 0.11929166798836799 0.08785844735301433
vn 0.9889643022765131 0.11929166798836799 0.08785844735301433
vn 0.8404688450323966 0.11131477334746712 0.5303028773866038
vn 0.8404688450323966 0.11131477334746712 0.5303028773866038
vn 0.8404688450323966 0.11131477334746712 0.5303028773866038
vn 0.9227456492807643 -0.0031543024208344375 -0.38539657122197984
vn 0.9227456492807643 -0.0031543024208344375 -0.38539657122197984
vn 0.9227456492807643 -0.0031543024208344375 -0.38539657122197984
vn 0.9227456492807643 -0.0031543024208344375 -0.38539657122197984
vn 0.9227456492807643 -0.0031543024208344375 -0.38539657122197984
vn 0.9227456492807643 -0.0031543024208344375 -0.38539657122197984
vn 0.9835650768901857 0.12709898159386462 0.12824035402245862
vn 0.9835650768901857 0.12709898159386462 0.12824035402245862
vn 0.9835650768901857 0.12709898159386462 0.12824035402245862
vn 0.9906980487131019 0.130911151696923 -0.03714359483730599
vn 0.9906980487131019 0.130911151696923 -0.03714359483730599
vn 0.9906980487131019 0.130911151696923 -0.03714359483730599
vn 0.9706051458566591 0.13834352718182663 -0.19694344194073798
vn 0.9706051458566591 0.13834352718182663 -0.19694344194073798
vn 0.9706051458566591 0.13834352718182663 -0.19694344194073798
vn 0.9517104488941291 0.1193663894008335 -0.28284074414260685
vn 0.9517104488941291 0.1193663894008335 -0.28284074414260685
vn 0.9517104488941291 0.1193663894008335 -0.28284074414260685
vn 0.7901655659302315 0.14970427433285954 -0.5943290407380655
vn 0.7901655659302315 0.14970427433285954 -0.5943290407380655
vn 0.7901655659302315 0.14970427433285954 -0.5943290407380655
vn 0.7901655659302315 0.14970427433285954 -0.5943290407380655
vn 0.7901655659302315 0.14970427433285954 -0.5943290407380655
vn 0.7901655659302315 0.14970427433285954 -0.5943290407380655
vn 0.4584197197980998 0.04029614625160293 -0.8878218183270228
vn 0.4584197197980998 0.04029614625160293 -0.8878218183270228
vn 0.4584197197980998 0.04029614625160293 -0.8878218183270228
vn 0.28499915593408487 -0.017021444874839763 -0.9583766230095724
vn 0.28499915593408487 -0.017021444874839763 -0.9583766230095724
vn 0.28499915593408487 -0.017021444874839763 -0.9583766230095724
vn -0.16844485684649615 0.00126826641035474 -0.9857102625529858
vn -0.16844485684649615 0.00126826641035474 -0.9857102625529858
vn -0.16844485684649615 0.00126826641035474 -0.9857102625529858
vn 0.09578357486098006 0.5329386330383534 -0.8407151242853088
vn 0.09578357486098006 0.5329386330383534 -0.8407151242853088
vn 0.09578357486098006 0.5329386330383534 -0.8407151242853088
vn -0.8313288182502561 -0.2793108962356328 0.48049747053515324
vn -0.8313288182502561 -0.2793108962356328 0.48049747053515324
vn -0.8313288182502561 -0.2793108962356328 0.48049747053515324
vn -0.9382028215632853 0.23085048144937106 -0.25784398543554177
vn -0.9382028215632853 0.23085048144937106 -0.25784398543554177
vn -0.9382028215632853 0.23085048144937106 -0.25784398543554177
vn -0.27959600363517234 0.5558845967747265 -0.7828271774918399
vn -0.27959600363517234 0.5558845967747265 -0.7828271774918399
vn -0.27959600363517234 0.5558845967747265 -0.7828271774918399
vn 0.948443630497171 0.16247304956086028 -0.27213450339076845
vn 0.9484435407974805 0.16247300991246225 -0.2721348396834245
vn 0.9484435407974805 0.16247300991246225 -0.2721348396834245
vn 0.9484435407974805 0.16247300991246225 -0.2721348396834245
vn 0.9484436327933886 0.16247303505305274 -0.27213450404961387
vn 0.948443630497171 0.16247304956086028 -0.27213450339076845
vn -0.18245799690648162 0.6342312013870173 -0.7513054389208528
vn -0.18245799690648162 0.6342312013870173 -0.7513054389208528
vn -0.18245799690648162 0.6342312013870173 -0.7513054389208528
vn -0.9213322626934829 -0.16779767635061468 0.3507004441563215
vn -0.9213322626934829 -0.16779767635061468 0.3507004441563215
vn -0.9213322626934829 -0.16779767635061468 0.3507004441563215
vn -0.3352130406540271 0.20528683312014892 -0.91950504812262
vn -0.3352130406540271 0.20528683312014892 -0.91950504812262
vn -0.3352130406540271 0.20528683312014892 -0.91950504812262
vn 0.9875984280302464 0.09762061987871647 0.12296161810370367
vn 0.9875984280302464 0.09762061987871647 0.12296161810370367
vn 0.9875984280302464 0.09762061987871647 0.12296161810370367
vn 0.14206267706952616 -0.138249235776595 0.9801557756760029
vn 0.14206267706952616 -0.138249235776595 0.9801557756760029
vn 0.14206267706952616 -0.138249235776595 0.9801557756760029
vn -0.12092363618817042 -0.15900375093114738 0.979844518993119
vn -0.12092363618817042 -0.15900375093114738 0.979844518993119
vn -0.12092363618817042 -0.15900375093114738 0.979844518993119
vn -0.8111760155904619 0.06086410521177797 -0.5816261964763556
vn -0.8111760155904619 0.06086410521177797 -0.5816261964763556
vn -0.8111760155904619 0.06086410521177797 -0.5816261964763556
vn 0.5194845711666031 -0.3891572842095644 0.7607183371435757
vn 0.5194845711666031 -0.3891572842095644 0.7607183371435757
vn 0.5194845711666031 -0.3891572842095644 0.7607183371435757
vn 0.32264604125382373 -0.46025124136156365 0.8270842320395037
vn 0.32264604125382373 -0.46025124136156365 0.8270842320395037
vn 0.32264604125382373 -0.46025124136156365 0.8270842320395037
vn 0.09522839568345862 0.46408661318714367 0.880656100936138
vn 0.09522839568345862 0.46408661318714367 0.880656100936138
vn 0.09522839568345862 0.46408661318714367 0.880656100936138
vn -0.4611870149301673 0.3567061334252869 0.8124452422388742
vn -0.4611870149301673 0.3567061334252869 0.8124452422388742
vn -0.4611870149301673 0.3567061334252869 0.8124452422388742
vn -0.13616929800011757 0.5065899035043908 0.8513663089114857
vn -0.13616929800011757 0.5065899035043908 0.8513663089114857
vn -0.13616929800011757 0.5065899035043908 0.8513663089114857
vn 0.17423899039001317 0.45760132030142764 0.8719184628657998
vn 0.17423899039001317 0.45760132030142764 0.8719184628657998
vn 0.17423899039001317 0.45760132030142764 0.8719184628657998
vn 0.17265960292591476 0.4456974136217378 0.8783749068640103
vn 0.17265960292591476 0.4456974136217378 0.8783749068640103
vn 0.17265960292591476 0.4456974136217378 0.8783749068640103
vn -0.6366563361186932 0.040765204234590804 -0.7700694175226243
vn -0.6366563361186932 0.040765204234590804 -0.7700694175226243
vn -0.6366563361186932 0.040765204234590804 -0.7700694175226243
vn -0.8202059868026078 -0.14172938382389633 0.5542336339253142
vn -0.8202059868026078 -0.14172938382389633 0.5542336339253142
vn -0.8202059868026078 -0.14172938382389633 0.5542336339253142
vn -0.7454630810981688 -0.1597437566154169 0.6471218795111315
vn -0.7454630810981688 -0.1597437566154169 0.6471218795111315
vn -0.7454630810981688 -0.1597437566154169 0.6471218795111315
vn -0.7765719151489003 -0.017411777268897234 0.6297879727450403
vn -0.7765719151489003 -0.017411777268897234 0.6297879727450403
vn -0.7765719151489003 -0.017411777268897234 0.6297879727450403
vn -0.5119047734421638 -0.10796231246938531 0.8522309792617199
vn -0.5119047734421638 -0.10796231246938531 0.8522309792617199
vn -0.5119047734421638 -0.10796231246938531 0.8522309792617199
vn -0.8222631972733407 0.036122423970900173 -0.5679598620468612
vn -0.8222631972733407 0.036122423970900173 -0.5679598620468612
vn -0.8222631972733407 0.036122423970900173 -0.5679598620468612
vn -0.9891691526135395 0.0068398296318069535 -0.1466206133134755
vn -0.9891691526135395 0.0068398296318069535 -0.1466206133134755
vn -0.9891691526135395 0.0068398296318069535 -0.1466206133134755
vn -0.9807334284495496 0.19280769402370945 -0.0314187117312571
vn -0.9807334284495496 0.19280769402370945 -0.0314187117312571
vn -0.9807334284495496 0.19280769402370945 -0.0314187117312571
vn 0.07240287850446112 0.42075859697555695 0.9042787326125883
vn 0.07336834082730395 0.4208161223369006 0.9041741412723453
vn 0.07029157899296316 0.4206309911459217 0.9045046507399923
vn 0.18191966268137105 0.3941790407389692 0.9008485556251963
vn 0.18191966268137105 0.3941790407389692 0.9008485556251963
vn 0.18191966268137105 0.3941790407389692 0.9008485556251963
vn -0.012350864636063127 0.38355916657277056 0.9234337127703014
vn -0.012350864636063127 0.38355916657277056 0.9234337127703014
vn -0.012350864636063127 0.38355916657277056 0.9234337127703014
vn 0.06935516169231493 0.4205738690486728 0.9046034944770347
vn 0.07240287850446112 0.42075859697555695 0.9042787326125883
vn 0.07029157899296316 0.4206309911459217 0.9045046507399923
vn 0.06737121733041553 0.45306850651701674 0.8889263453615591
vn 0.06737121733041553 0.45306850651701674 0.8889263453615591
vn 0.06737121733041553 0.45306850651701674 0.8889263453615591
vn 0.11351389334809193 0.4437901891520608 0.8889121801557994
vn 0.11351389334809193 0.4437901891520608 0.8889121801557994
vn 0.11351389334809193 0.4437901891520608 0.8889121801557994
vn -0.1133400647474977 0.4659045570662139 0.8775459950498139
vn -0.1133400647474977 0.4659045570662139 0.8775459950498139
vn -0.1133400647474977 0.4659045570662139 0.8775459950498139
vn -0.13853383361387256 0.4685438009188271 0.8725107928070475
vn -0.13853383361387256 0.4685438009188271 0.8725107928070475
vn -0.13853383361387256 0.4685438009188271 0.8725107928070475
vn -0.19774523588660847 0.4580613643496658 0.866646760897583
vn -0.19774523588660847 0.4580613643496658 0.866646760897583
vn -0.19774523588660847 0.4580613643496658 0.866646760897583
vn -0.4860275010411678 0.3080038816443693 0.81786971891841
vn -0.4860275010411678 0.3080038816443693 0.81786971891841
vn -0.4860275010411678 0.3080038816443693 0.81786971891841
vn -0.4667767528822466 0.305716169315497 0.8298536538376899
vn -0.4667767528822466 0.305716169315497 0.8298536538376899
vn -0.4667767528822466 0.305716169315497 0.8298536538376899
vn -0.5658108024384482 0.27655268588568066 0.776773292391915
vn -0.5658108024384482 0.27655268588568066 0.776773292391915
vn -0.5658108024384482 0.27655268588568066 0.776773292391915
vn -0.03067258622901118 0.38710756026521853 0.9215242423504301
vn -0.03067258622901118 0.38710756026521853 0.9215242423504301
vn -0.03067258622901118 0.38710756026521853 0.9215242423504301
vn -0.03379423489489958 0.45615004346687965 0.8892609783033506
vn -0.03379423489489958 0.45615004346687965 0.8892609783033506
vn -0.03379423489489958 0.45615004346687965 0.8892609783033506
vn 0.039140258088681254 0.442914036994583 0.8957093256352266
vn 0.039140258088681254 0.442914036994583 0.8957093256352266
vn 0.039140258088681254 0.442914036994583 0.8957093256352266
vn 0.166844953673695 -0.5192421046724146 0.8381827951998202
vn 0.166844953673695 -0.5192421046724146 0.8381827951998202
vn 0.166844953673695 -0.5192421046724146 0.8381827951998202
vn -0.6945794781169735 -0.3475803580914507 0.6298787528149934
vn -0.6945794781169735 -0.3475803580914507 0.6298787528149934
vn -0.6945794781169735 -0.3475803580914507 0.6298787528149934
vn -0.17830163339786492 -0.49559633271875136 0.8500545879667837
vn -0.17830163339786492 -0.49559633271875136 0.8500545879667837
vn -0.17830163339786492 -0.49559633271875136 0.8500545879667837
vn 0.07554622563671846 -0.4338114187994013 0.8978309533042936
vn 0.07554622563671846 -0.4338114187994013 0.8978309533042936
vn 0.07554622563671846 -0.4338114187994013 0.8978309533042936
vn 0.37749165368299026 -0.4981940616540429 0.7805784575123305
vn 0.37749165368299026 -0.4981940616540429 0.7805784575123305
vn 0.37749165368299026 -0.4981940616540429 0.7805784575123305
vn 0.6756192106259661 -0.42797706316642553 0.6003118486558364
vn 0.6754664199467155 -0.4230974237262612 0.6039318550636055
vn 0.6756230794447029 -0.42811364375714384 0.6002100986743206
vn -0.5544360713320381 0.1501539461974726 -0.8185685281314093
vn -0.5544360713320381 0.1501539461974726 -0.8185685281314093
vn -0.5544360713320381 0.1501539461974726 -0.8185685281314093
vn 0.03257570398074076 0.3748556633842326 -0.9265106880867193
vn 0.03257570398074076 0.3748556633842326 -0.9265106880867193
vn 0.03257570398074076 0.3748556633842326 -0.9265106880867193
vn -0.13304348047390366 0.3744044528692369 -0.9176713670890453
vn -0.13304348047390366 0.3744044528692369 -0.9176713670890453
vn -0.13304348047390366 0.3744044528692369 -0.9176713670890453
vn -0.19751124101423306 -0.15784508632361283 0.9675092962842832
vn -0.19751124101423306 -0.15784508632361283 0.9675092962842832
vn -0.19751124101423306 -0.15784508632361283 0.9675092962842832
vn -0.0488648275262286 -0.2637487026637457 0.9633529210388178
vn -0.0488648275262286 -0.2637487026637457 0.9633529210388178
vn -0.0488648275262286 -0.2637487026637457 0.9633529210388178
vn 0.2272980837025028 -0.24138136034069108 0.9434355410017409
vn 0.2272980837025028 -0.24138136034069108 0.9434355410017409
vn 0.2272980837025028 -0.24138136034069108 0.9434355410017409
vn 0.060689483117710795 -0.14502461623258422 0.9875650091642053
vn 0.060689483117710795 -0.14502461623258422 0.9875650091642053
vn 0.060689483117710795 -0.14502461623258422 0.9875650091642053
vn 0.021175442743047387 -0.1938103373489338 0.9808104576121363
vn 0.021175442743047387 -0.1938103373489338 0.9808104576121363
vn 0.021175442743047387 -0.1938103373489338 0.9808104576121363
vn 0.08251159774982124 -0.21118097880927925 0.9739581256018796
vn 0.08251159774982124 -0.21118097880927925 0.9739581256018796
vn 0.08251159774982124 -0.21118097880927925 0.9739581256018796
vn 0.9755532523870525 0.06993992139558043 0.20833688860166877
vn 0.9755532523870525 0.06993992139558043 0.20833688860166877
vn 0.9755532523870525 0.06993992139558043 0.20833688860166877
vn 0.7070141507311283 -0.07601512767523959 0.7031021910294822
vn 0.7070141507311283 -0.07601512767523959 0.7031021910294822
vn 0.7070141507311283 -0.07601512767523959 0.7031021910294822
vn 0.9551887855590847 0.15790138329604186 0.25036281092717744
vn 0.9551887855590847 0.15790138329604186 0.25036281092717744
vn 0.9551887855590847 0.15790138329604186 0.25036281092717744
vn -0.5228184632225918 0.16215756841326676 -0.8368785918637566
vn -0.5222822458207191 0.1684097189576422 -0.8359781230756423
vn -0.5223337908053104 0.1678172147812002 -0.8360650652945828
vn -0.31478842745337854 0.2354577298807904 -0.9194932862075795
vn -0.31478842745337854 0.2354577298807904 -0.9194932862075795
vn -0.31478842745337854 0.2354577298807904 -0.9194932862075795
vn 0.19098054332587125 0.3786619709518991 -0.90561666494482
vn 0.19098054332587125 0.3786619709518991 -0.90561666494482
vn 0.19098054332587125 0.3786619709518991 -0.90561666494482
vn -0.4177866533191249 -0.4754872201750494 0.7741874551803392
vn -0.4177866533191249 -0.4754872201750494 0.7741874551803392
vn -0.4177866533191249 -0.4754872201750494 0.7741874551803392
vn -0.45185522157230235 -0.37434392651683185 0.8097490249563789
vn -0.45185522157230235 -0.37434392651683185 0.8097490249563789
vn -0.45185522157230235 -0.37434392651683185 0.8097490249563789
vn -0.2009056062874533 -0.46201912427946734 0.8638143701990058
vn -0.2009056062874533 -0.46201912427946734 0.8638143701990058
vn -0.2009056062874533 -0.46201912427946734 0.8638143701990058
vn -0.17330554041576576 0.6977208281698094 -0.6950905233127803
vn -0.17330554041576576 0.6977208281698094 -0.6950905233127803
vn -0.17330554041576576 0.6977208281698094 -0.6950905233127803
vn -0.15548032210850948 0.6557884073485377 -0.7387607422056904
vn -0.15548032210850948 0.6557884073485377 -0.7387607422056904
vn -0.15548032210850948 0.6557884073485377 -0.7387607422056904
vn 0.07727024149239017 0.6509148600331284 -0.7552080208576711
vn 0.07727024149239017 0.6509148600331284 -0.7552080208576711
vn 0.07727024149239017 0.6509148600331284 -0.7552080208576711
vn 0.9570730887616236 -0.1694511083515171 0.2351540445042951
vn 0.9570732448352286 -0.1694506274882125 0.2351537557948367
vn 0.9570732448352286 -0.1694506274882125 0.2351537557948367
vn 0.9570732448352286 -0.1694506274882125 0.2351537557948367
vn 0.9570730476528937 -0.1694512308355238 0.23515412355459114
vn 0.9570730887616236 -0.1694511083515171 0.2351540445042951
vn 0.8512565551773621 -0.3200830459663658 0.415823425208903
vn 0.8512565551773621 -0.3200830459663658 0.415823425208903
vn 0.8512565551773621 -0.3200830459663658 0.415823425208903
vn 0.798272594613075 0.3292968879380955 -0.5043058836499877
vn 0.8023148738749762 0.3333782923998517 -0.49512600145371066
vn 0.8016325384620286 0.3326850382254616 -0.49669501569861485
vn -0.356932661563271 0.5502887202317297 -0.7548386579230587
vn -0.356932661563271 0.5502887202317297 -0.7548386579230587
vn -0.356932661563271 0.5502887202317297 -0.7548386579230587
vn -0.356932661563271 0.5502887202317297 -0.7548386579230587
vn -0.356932661563271 0.5502887202317297 -0.7548386579230587
vn -0.356932661563271 0.5502887202317297 -0.7548386579230587
vn -0.5297377636535541 0.4380857300207577 -0.7262635850099544
vn -0.5297377636535541 0.4380857300207577 -0.7262635850099544
vn -0.5297377636535541 0.4380857300207577 -0.7262635850099544
vn -0.34666971052759593 0.46655922707771647 -0.8137214507627022
vn -0.34666971052759593 0.46655922707771647 -0.8137214507627022
vn -0.34666971052759593 0.46655922707771647 -0.8137214507627022
vn -0.7141976211948564 0.46656968685411837 -0.5217609464002247
vn -0.7141976211948564 0.46656968685411837 -0.5217609464002247
vn -0.7141976211948564 0.46656968685411837 -0.5217609464002247
vn -0.926103072619668 0.22972223182544668 -0.29926709657018097
vn -0.926103072619668 0.22972223182544668 -0.29926709657018097
vn -0.926103072619668 0.22972223182544668 -0.29926709657018097
vn -0.9885121513696958 0.12339693288419502 -0.08727498810787035
vn -0.9885121513696958 0.12339693288419502 -0.08727498810787035
vn -0.9885121513696958 0.12339693288419502 -0.08727498810787035
vn -0.6290818566035442 -0.3988008675923199 0.6672434980573814
vn -0.6293545969454257 -0.39632893689854776 0.6684580503520977
vn -0.6293442825817281 -0.3964268357969688 0.668409708069604
vn -0.5528758157564494 -0.4257772283800139 0.7162695610904278
vn -0.5528758157564494 -0.4257772283800139 0.7162695610904278
vn -0.5528758157564494 -0.4257772283800139 0.7162695610904278
vn -0.8942121942045035 -0.21784718115658702 0.3910590203512719
vn -0.8942121942045035 -0.21784718115658702 0.3910590203512719
vn -0.8942121942045035 -0.21784718115658702 0.3910590203512719
vn 0.27262779986473495 0.480495106985274 -0.8335457605339518
vn 0.27262779986473495 0.480495106985274 -0.8335457605339518
vn 0.27262779986473495 0.480495106985274 -0.8335457605339518
vn 0.43889661914897576 0.40798492439102735 -0.800573581358545
vn 0.43889661914897576 0.40798492439102735 -0.800573581358545
vn 0.43889661914897576 0.40798492439102735 -0.800573581358545
vn 0.2202730025249282 0.4672417130048229 -0.8562505392622952
vn 0.2202730025249282 0.4672417130048229 -0.8562505392622952
vn 0.2202730025249282 0.4672417130048229 -0.8562505392622952
vn 0.16815400468838634 0.5629087675796515 -0.8092329393253935
vn 0.16815400468838634 0.5629087675796515 -0.8092329393253935
vn 0.16815400468838634 0.5629087675796515 -0.8092329393253935
vn -0.12701873605079064 0.7228654182955738 -0.679214125091951
vn -0.12701873605079064 0.7228654182955738 -0.679214125091951
vn -0.12701873605079064 0.7228654182955738 -0.679214125091951
vn -0.11787337672105601 0.6951142505022428 -0.7091699696187657
vn -0.11787337672105601 0.6951142505022428 -0.7091699696187657
vn -0.11787337672105601 0.6951142505022428 -0.7091699696187657
vn 0.9647769980839178 -0.1560016235919961 0.21182265555139576
vn 0.9647769980839178 -0.1560016235919961 0.21182265555139576
vn 0.9647769980839178 -0.1560016235919961 0.21182265555139576
vn 0.9991061368289418 0.0415032131885774 -0.008025624322849957
vn 0.9991061368289418 0.0415032131885774 -0.008025624322849957
vn 0.9991061368289418 0.0415032131885774 -0.008025624322849957
vn 0.9853027514704261 0.017888978480680467 -0.16987781607298091
vn 0.9853027514704261 0.017888978480680467 -0.16987781607298091
vn 0.9853027514704261 0.017888978480680467 -0.16987781607298091
vn -0.6593391915732051 -0.3803614823285105 0.6485344811314587
vn -0.6593391915732051 -0.3803614823285105 0.6485344811314587
vn -0.6593391915732051 -0.3803614823285105 0.6485344811314587
vn -0.42390812167110975 -0.5199371052913784 0.741597809410528
vn -0.42390812167110975 -0.5199371052913784 0.741597809410528
vn -0.42390812167110975 -0.5199371052913784 0.741597809410528
vn 0.6760110769924461 -0.5448139028915434 0.4961721828151967
vn 0.6760110769924461 -0.5448139028915434 0.4961721828151967
vn 0.6760110769924461 -0.5448139028915434 0.4961721828151967
vn -0.16077328063529026 -0.642335008169636 0.7493715296923683
vn -0.16077328063529026 -0.642335008169636 0.7493715296923683
vn -0.16077328063529026 -0.642335008169636 0.7493715296923683
vn -0.1708029374193866 -0.6731890517509749 0.7194740142434142
vn -0.1708029374193866 -0.6731890517509749 0.7194740142434142
vn -0.1708029374193866 -0.6731890517509749 0.7194740142434142
vn -0.28032780729940543 -0.6514036343622961 0.7050458322650377
vn -0.28032780729940543 -0.6514036343622961 0.7050458322650377
vn -0.28032780729940543 -0.6514036343622961 0.7050458322650377
vn -0.8953834587878208 0.31579014854724907 -0.3139507028335261
vn -0.8953834587878208 0.31579014854724907 -0.3139507028335261
vn -0.8953834587878208 0.31579014854724907 -0.3139507028335261
vn -0.9649483138131154 0.25891089203838163 -0.042894074801941705
vn -0.9649483138131154 0.25891089203838163 -0.042894074801941705
vn -0.9649483138131154 0.25891089203838163 -0.042894074801941705
vn -0.9905761029382383 0.13695837777117273 0.0011777291630807839
vn -0.9906239134868169 0.13660714362502188 0.0016584145067727151
vn -0.9906017398062457 0.1367703708081037 0.0014348386156954986
vn -0.9863823529148773 0.14847017976680896 -0.07075633949069197
vn -0.9863823529148773 0.14847017976680896 -0.07075633949069197
vn -0.9863823529148773 0.14847017976680896 -0.07075633949069197
vn 0.6757513985543123 -0.43302470339250604 0.5965313517357854
vn 0.6756192106259661 -0.42797706316642553 0.6003118486558364
vn 0.6756230794447029 -0.42811364375714384 0.6002100986743206
vn 0.6934575874603189 -0.4842856439622939 0.533464140730884
vn 0.6934575874603189 -0.4842856439622939 0.533464140730884
vn 0.6934575874603189 -0.4842856439622939 0.533464140730884
vn 0.797534913602102 0.32855781414762564 -0.5059523933614919
vn 0.798272594613075 0.3292968879380955 -0.5043058836499877
vn 0.8016325384620286 0.3326850382254616 -0.49669501569861485
vn -0.32287293651493887 0.6768327465257077 -0.6615515853632937
vn -0.32287293651493887 0.6768327465257077 -0.6615515853632937
vn -0.32287293651493887 0.6768327465257077 -0.6615515853632937
vn -0.13621716325648583 0.5708490535193848 -0.8096766283710916
vn -0.13621716325648583 0.5708490535193848 -0.8096766283710916
vn -0.13621716325648583 0.5708490535193848 -0.8096766283710916
vn -0.4952604382228218 -0.43363751826170177 0.7527785870275339
vn -0.4952604382228218 -0.43363751826170177 0.7527785870275339
vn -0.4952604382228218 -0.43363751826170177 0.7527785870275339
vn -0.9850680875748057 0.12252711828683083 -0.1209461372927629
vn -0.9850680875748057 0.12252711828683083 -0.1209461372927629
vn -0.9850680875748057 0.12252711828683083 -0.1209461372927629
vn 0.20695837083962337 0.4966049369170186 -0.8429423286139169
vn 0.20695837083962337 0.4966049369170186 -0.8429423286139169
vn 0.20695837083962337 0.4966049369170186 -0.8429423286139169
vn 0.9955816356345382 -0.023183429740777604 -0.09099305123311326
vn 0.9955816674186875 -0.023183332235342653 -0.09099272831546323
vn 0.9955816675046705 -0.02318332851205464 -0.09099272832332239
vn 0.23878174312787662 0.5622539010697652 -0.7917410118723441
vn 0.23878174312787662 0.5622539010697652 -0.7917410118723441
vn 0.23878174312787662 0.5622539010697652 -0.7917410118723441
vn -0.8944618554114466 -0.1925155874191878 0.4035786637256204
vn -0.8944618554114466 -0.1925155874191878 0.4035786637256204
vn -0.8944618554114466 -0.1925155874191878 0.4035786637256204
vn -0.13025277808960137 0.23281577840414378 -0.963758801322205
vn -0.13025277808960137 0.23281577840414378 -0.963758801322205
vn -0.13025277808960137 0.23281577840414378 -0.963758801322205
vn 0.98999886394652 0.14078108928405428 0.009106826263559194
vn 0.98999886394652 0.14078108928405428 0.009106826263559194
vn 0.98999886394652 0.14078108928405428 0.009106826263559194
vn 0.0849084350899878 -0.1409916046226974 0.9863629783586194
vn 0.0849084350899878 -0.1409916046226974 0.9863629783586194
vn 0.0849084350899878 -0.1409916046226974 0.9863629783586194
vn 0.2235331367810597 -0.13418850854204886 0.9654151339895602
vn 0.2235331367810597 -0.13418850854204886 0.9654151339895602
vn 0.2235331367810597 -0.13418850854204886 0.9654151339895602
vn -0.0637802327302141 0.16519694248724032 -0.9841961451386341
vn -0.0637802327302141 0.16519694248724032 -0.9841961451386341
vn -0.0637802327302141 0.16519694248724032 -0.9841961451386341
vn 0.09090939461031108 -0.4481883236624587 0.8893046207595133
vn 0.09090939461031108 -0.4481883236624587 0.8893046207595133
vn 0.09090939461031108 -0.4481883236624587 0.8893046207595133
vn 0.09090939461031108 -0.4481883236624587 0.8893046207595133
vn 0.09090939461031108 -0.4481883236624587 0.8893046207595133
vn 0.09090939461031108 -0.4481883236624587 0.8893046207595133
vn -0.16699987994112764 -0.4145925461191559 0.8945524360271366
vn -0.16699987994112764 -0.4145925461191559 0.8945524360271366
vn -0.16699987994112764 -0.4145925461191559 0.8945524360271366
vn 0.556987648776918 0.17567684117246504 -0.8117280373287751
vn 0.556987648776918 0.17567684117246504 -0.8117280373287751
vn 0.556987648776918 0.17567684117246504 -0.8117280373287751
vn -0.4762638332476996 -0.15634695897216486 0.8652909277002525
vn -0.4762638332476996 -0.15634695897216486 0.8652909277002525
vn -0.4762638332476996 -0.15634695897216486 0.8652909277002525
vn -0.5431110218850298 -0.16576769814118114 0.8231351578932666
vn -0.5431110218850298 -0.16576769814118114 0.8231351578932666
vn -0.5431110218850298 -0.16576769814118114 0.8231351578932666
vn -0.7509134727862934 -0.02657723939279389 0.6598655974774611
vn -0.7509134727862934 -0.02657723939279389 0.6598655974774611
vn -0.7509134727862934 -0.02657723939279389 0.6598655974774611
vn -0.8290470171746255 -0.03194786798879731 0.5582655076617459
vn -0.8290470171746255 -0.03194786798879731 0.5582655076617459
vn -0.8290470171746255 -0.03194786798879731 0.5582655076617459
vn -0.9584703084166655 -0.041012941347594666 -0.282227933638187
vn -0.9584703084166655 -0.041012941347594666 -0.282227933638187
vn -0.9584703084166655 -0.041012941347594666 -0.282227933638187
vn -0.6559383078315136 0.39367482325434683 -0.6440225693675564
vn -0.6559383078315136 0.39367482325434683 -0.6440225693675564
vn -0.6559383078315136 0.39367482325434683 -0.6440225693675564
vn -0.9535721935704956 0.24887509337215355 -0.1695914489240399
vn -0.9535721935704956 0.24887509337215355 -0.1695914489240399
vn -0.9535721935704956 0.24887509337215355 -0.1695914489240399
vn -0.6893480225963206 -0.31030849004419775 0.6546051823420226
vn -0.6893480225963206 -0.31030849004419775 0.6546051823420226
vn -0.6893480225963206 -0.31030849004419775 0.6546051823420226
vn -0.6571990361457036 -0.36831058894960067 0.6575992221381931
vn -0.6571990361457036 -0.36831058894960067 0.6575992221381931
vn -0.6571990361457036 -0.36831058894960067 0.6575992221381931
vn 0.06723599971196599 -0.5249647378375641 0.8484641090640606
vn 0.06723599971196599 -0.5249647378375641 0.8484641090640606
vn 0.06723599971196599 -0.5249647378375641 0.8484641090640606
vn 0.21570924016724163 -0.424727268647382 0.8792475595495308
vn 0.21570924016724163 -0.424727268647382 0.8792475595495308
vn 0.21570924016724163 -0.424727268647382 0.8792475595495308
vn 0.08412599366985853 -0.5433050098281685 0.835309812874644
vn 0.08412599366985853 -0.5433050098281685 0.835309812874644
vn 0.08412599366985853 -0.5433050098281685 0.835309812874644
vn 0.5260645626410841 -0.48909004985844623 0.6957348626184457
vn 0.5260645626410841 -0.48909004985844623 0.6957348626184457
vn 0.5260645626410841 -0.48909004985844623 0.6957348626184457
vn -0.11480948363322332 0.21077268464098697 -0.9707696214226647
vn -0.11480948363322332 0.21077268464098697 -0.9707696214226647
vn -0.11480948363322332 0.21077268464098697 -0.9707696214226647
vn -0.5478523553053485 0.2455631166112505 -0.7997227973157647
vn -0.5478523553053485 0.2455631166112505 -0.7997227973157647
vn -0.5478523553053485 0.2455631166112505 -0.7997227973157647
vn -0.8083844904961333 0.21008523112765196 -0.5498897263882531
vn -0.8083844904961333 0.21008523112765196 -0.5498897263882531
vn -0.8083844904961333 0.21008523112765196 -0.5498897263882531
vn -0.05496123724680641 -0.15417221280361018 0.9865141616822023
vn -0.05496123724680641 -0.15417221280361018 0.9865141616822023
vn -0.05496123724680641 -0.15417221280361018 0.9865141616822023
vn 0.20260873718414005 -0.24651269417953275 0.9477242168611058
vn 0.20260873718414005 -0.24651269417953275 0.9477242168611058
vn 0.20260873718414005 -0.24651269417953275 0.9477242168611058
vn 0.07731903143477746 -0.2635597441714834 0.9615394056564972
vn 0.07731903143477746 -0.2635597441714834 0.9615394056564972
vn 0.07731903143477746 -0.2635597441714834 0.9615394056564972
vn 0.02199221185362924 -0.14639894738123937 0.9889811377490726
vn 0.02199221185362924 -0.14639894738123937 0.9889811377490726
vn 0.02199221185362924 -0.14639894738123937 0.9889811377490726
vn 0.1984267035309273 -0.21058935187338998 0.9572246174244555
vn 0.1984267035309273 -0.21058935187338998 0.9572246174244555
vn 0.1984267035309273 -0.21058935187338998 0.9572246174244555
vn 0.33077410533462603 -0.21547547351532526 0.9187811554191913
vn 0.33077410533462603 -0.21547547351532526 0.9187811554191913
vn 0.33077410533462603 -0.21547547351532526 0.9187811554191913
vn 0.9929391567432108 0.11859208836922887 -0.002783447916999208
vn 0.9929391567432108 0.11859208836922887 -0.002783447916999208
vn 0.9929391567432108 0.11859208836922887 -0.002783447916999208
vn 0.9072982956991317 0.09849655150415637 0.40878873756897977
vn 0.9072982956991317 0.09849655150415637 0.40878873756897977
vn 0.9072982956991317 0.09849655150415637 0.40878873756897977
vn 0.958474265345548 0.17648967038412655 0.2240055332307983
vn 0.958474265345548 0.17648967038412655 0.2240055332307983
vn 0.958474265345548 0.17648967038412655 0.2240055332307983
vn -0.18457750831332287 0.2341295546378838 -0.954523176811287
vn -0.18457750831332287 0.2341295546378838 -0.954523176811287
vn -0.18457750831332287 0.2341295546378838 -0.954523176811287
vn -0.522872820987995 0.16151035082540235 -0.8369697841907506
vn -0.5228184632225918 0.16215756841326676 -0.8368785918637566
vn -0.5223337908053104 0.1678172147812002 -0.8360650652945828
vn -0.3290427596115796 0.2755300098858249 -0.9032242667242247
vn -0.3290427596115796 0.2755300098858249 -0.9032242667242247
vn -0.3290427596115796 0.2755300098858249 -0.9032242667242247
vn -0.5518652055808467 -0.4418570919153878 0.7072532115114687
vn -0.5518652055808467 -0.4418570919153878 0.7072532115114687
vn -0.5518652055808467 -0.4418570919153878 0.7072532115114687
vn -0.4251558619943393 -0.38232281593490125 0.8204095059343584
vn -0.4251558619943393 -0.38232281593490125 0.8204095059343584
vn -0.4251558619943393 -0.38232281593490125 0.8204095059343584
vn -0.9211240915847093 -0.14718221071839033 0.36037175909093
vn -0.9211240915847093 -0.14718221071839033 0.36037175909093
vn -0.9211240915847093 -0.14718221071839033 0.36037175909093
vn 0.4613410135077465 0.5411807228757957 -0.7030561104515601
vn 0.4613410135077465 0.5411807228757957 -0.7030561104515601
vn 0.4613410135077465 0.5411807228757957 -0.7030561104515601
vn -0.18385808626751 0.6571743652818121 -0.7309706271325108
vn -0.18385808626751 0.6571743652818121 -0.7309706271325108
vn -0.18385808626751 0.6571743652818121 -0.7309706271325108
vn -0.16583157673960933 0.6985726841343652 -0.6960575357952555
vn -0.16583157673960933 0.6985726841343652 -0.6960575357952555
vn -0.16583157673960933 0.6985726841343652 -0.6960575357952555
vn 0.9697618107929821 -0.1410589819662658 0.1991592175475625
vn 0.9697618061188742 -0.14105920480382617 0.1991590824772279
vn 0.969761809356072 -0.14105916057121418 0.19915909804320248
vn 0.9518083867145529 -0.15391336428220997 0.2652762169422125
vn 0.9518083867145529 -0.15391336428220997 0.2652762169422125
vn 0.9518083867145529 -0.15391336428220997 0.2652762169422125
vn 0.9401182078072714 0.14255027114190005 -0.30960809993702565
vn 0.9401182078072714 0.14255027114190005 -0.30960809993702565
vn 0.9401182078072714 0.14255027114190005 -0.30960809993702565
vn -0.20674716536147178 0.5603706884747685 -0.8020226312974653
vn -0.20674716536147178 0.5603706884747685 -0.8020226312974653
vn -0.20674716536147178 0.5603706884747685 -0.8020226312974653
vn -0.3682211880495479 0.4634051132607675 -0.8060203829154412
vn -0.3682211880495479 0.4634051132607675 -0.8060203829154412
vn -0.3682211880495479 0.4634051132607675 -0.8060203829154412
vn -0.28741305203857287 0.4690910864611117 -0.8350732244064626
vn -0.28741305203857287 0.4690910864611117 -0.8350732244064626
vn -0.28741305203857287 0.4690910864611117 -0.8350732244064626
vn -0.9322132488133008 0.23909121846853354 -0.27168704052306797
vn -0.9322132488133008 0.23909121846853354 -0.27168704052306797
vn -0.9322132488133008 0.23909121846853354 -0.27168704052306797
vn -0.8698353287678914 0.30500295809166533 -0.38776242260253674
vn -0.8698353287678914 0.30500295809166533 -0.38776242260253674
vn -0.8698353287678914 0.30500295809166533 -0.38776242260253674
vn -0.9956333337712705 0.08489338673923325 -0.038824960675429156
vn -0.9956333337712705 0.08489338673923325 -0.038824960675429156
vn -0.9956333337712705 0.08489338673923325 -0.038824960675429156
vn -0.7756429946297702 -0.3227656508864258 0.5424023225333979
vn -0.7756429946297702 -0.3227656508864258 0.5424023225333979
vn -0.7756429946297702 -0.3227656508864258 0.5424023225333979
vn -0.6290659536686486 -0.39894088621319734 0.6671747861260814
vn -0.6290818566035442 -0.3988008675923199 0.6672434980573814
vn -0.6293442825817281 -0.3964268357969688 0.668409708069604
vn -0.8321552407085403 -0.26346139523586704 0.48796080639912226
vn -0.8321552407085403 -0.26346139523586704 0.48796080639912226
vn -0.8321552407085403 -0.26346139523586704 0.48796080639912226
vn 0.04475830547340049 0.5415042526033854 -0.8395057108225046
vn 0.04475830547340049 0.5415042526033854 -0.8395057108225046
vn 0.04475830547340049 0.5415042526033854 -0.8395057108225046
vn 0.26989198544844223 0.4591719757855131 -0.8463565518408456
vn 0.26989198544844223 0.4591719757855131 -0.8463565518408456
vn 0.26989198544844223 0.4591719757855131 -0.8463565518408456
vn 0.08874943692699784 0.490478037732565 -0.8669226216607533
vn 0.08874943692699784 0.490478037732565 -0.8669226216607533
vn 0.08874943692699784 0.490478037732565 -0.8669226216607533
vn -0.5141427106280432 0.570059454034978 -0.6408506003534608
vn -0.5141427106280432 0.570059454034978 -0.6408506003534608
vn -0.5141427106280432 0.570059454034978 -0.6408506003534608
vn 0.19024595000244943 0.6800924357237175 -0.7080118342083322
vn 0.19024595000244943 0.6800924357237175 -0.7080118342083322
vn 0.19024595000244943 0.6800924357237175 -0.7080118342083322
vn 0.21800672386312914 0.6356317205229841 -0.7405709852643811
vn 0.21800672386312914 0.6356317205229841 -0.7405709852643811
vn 0.21800672386312914 0.6356317205229841 -0.7405709852643811
vn 0.8751207537065708 -0.36483869516771716 0.31789368181887606
vn 0.8751207537065708 -0.36483869516771716 0.31789368181887606
vn 0.8751207537065708 -0.36483869516771716 0.31789368181887606
vn 0.9779831206890353 -0.18539656696053164 0.09579733089489088
vn 0.9779831206890353 -0.18539656696053164 0.09579733089489088
vn 0.9779831206890353 -0.18539656696053164 0.09579733089489088
vn 0.915199208806391 0.29308111565191214 -0.2766114022385672
vn 0.915199208806391 0.29308111565191214 -0.2766114022385672
vn 0.915199208806391 0.29308111565191214 -0.2766114022385672
vn -0.42044772669440994 -0.5036908823569488 0.7546649615213238
vn -0.42044772669440994 -0.5036908823569488 0.7546649615213238
vn -0.42044772669440994 -0.5036908823569488 0.7546649615213238
vn 0.3343396953048373 -0.6693965051881017 0.6634193899679329
vn 0.3343396953048373 -0.6693965051881017 0.6634193899679329
vn 0.3343396953048373 -0.6693965051881017 0.6634193899679329
vn 0.6483472169310998 -0.5561900638058884 0.5199023939368805
vn 0.6483472169310998 -0.5561900638058884 0.5199023939368805
vn 0.6483472169310998 -0.5561900638058884 0.5199023939368805
vn 0.38030799428129236 -0.5666379811330262 0.7309495384930678
vn 0.38030799428129236 -0.5666379811330262 0.7309495384930678
vn 0.38030799428129236 -0.5666379811330262 0.7309495384930678
vn -0.1559370521603066 -0.674061744617792 0.7220279774401906
vn -0.1559370521603066 -0.674061744617792 0.7220279774401906
vn -0.1559370521603066 -0.674061744617792 0.7220279774401906
vn 0.406317434532355 -0.5628858711611499 0.7197677670208628
vn 0.4061806109905956 -0.5615434536986513 0.7208926833194363
vn 0.4061865083289927 -0.5616007885048279 0.7208446953416922
vn -0.9240795525293385 0.2629797347903962 -0.27734209865570364
vn -0.9240795525293385 0.2629797347903962 -0.27734209865570364
vn -0.9240795525293385 0.2629797347903962 -0.27734209865570364
vn -0.990279367676091 0.13908189382894048 -0.0017322713403681114
vn -0.9905761029382383 0.13695837777117273 0.0011777291630807839
vn -0.9906017398062457 0.1367703708081037 0.0014348386156954986
vn -0.930732847790362 0.33176318339272204 -0.15384913450900445
vn -0.930732847790362 0.33176318339272204 -0.15384913450900445
vn -0.930732847790362 0.33176318339272204 -0.15384913450900445
vn 0.9955816958484034 -0.023183241627702716 -0.09099244034121001
vn 0.9955816958484034 -0.023183241627702716 -0.09099244034121001
vn 0.9955816675046705 -0.02318332851205464 -0.09099272832332239
vn 0.9955816675046705 -0.02318332851205464 -0.09099272832332239
vn 0.9955816674186875 -0.023183332235342653 -0.09099272831546323
vn 0.9955816958484034 -0.023183241627702716 -0.09099244034121001
vn 0.9697617989259862 -0.14105938257151687 0.19915899159309225
vn 0.9697617989259862 -0.14105938257151687 0.19915899159309225
vn 0.969761809356072 -0.14105916057121418 0.19915909804320248
vn 0.969761809356072 -0.14105916057121418 0.19915909804320248
vn 0.9697618061188742 -0.14105920480382617 0.1991590824772279
vn 0.9697617989259862 -0.14105938257151687 0.19915899159309225
vn 0.948443630497171 0.16247304956086028 -0.27213450339076845
vn 0.9484436327933886 0.16247303505305274 -0.27213450404961387
vn 0.9484437295933756 0.16247310102950574 -0.2721341272917889
vn 0.9570730887616236 -0.1694511083515171 0.2351540445042951
vn 0.9570730476528937 -0.1694512308355238 0.23515412355459114
vn 0.9570728718513618 -0.16945176781063434 0.235154452120383
vn 0.5500147338409331 0.086318993236101 0.830682143761736
vn 0.5500147338409331 0.086318993236101 0.830682143761736
vn 0.5500147338409331 0.086318993236101 0.830682143761736
vn -0.8340858247530225 0.47376255974855785 0.2825771999411209
vn -0.8340858247530225 0.47376255974855785 0.2825771999411209
vn -0.8340858247530225 0.47376255974855785 0.2825771999411209
vn 0.7848254216591632 -0.3341325679687425 -0.5219238302090934
vn 0.7848254216591632 -0.3341325679687425 -0.5219238302090934
vn 0.7848254216591632 -0.3341325679687425 -0.5219238302090934
vn 0.9125991210657652 -0.3080412502021224 -0.2688371856791882
vn 0.9125991210657652 -0.3080412502021224 -0.2688371856791882
vn 0.9125991210657652 -0.3080412502021224 -0.2688371856791882
vn -0.810450078637846 0.5303368984151822 0.24882412305738008
vn -0.8101595075356843 0.5303556750349346 0.2497287134227383
vn -0.8099972549332594 0.5303659809856288 0.2502326381864201
vn -0.4961043358883 0.04528476010235429 -0.8670811832898354
vn -0.4961043358883 0.04528476010235429 -0.8670811832898354
vn -0.4961043358883 0.04528476010235429 -0.8670811832898354
vn 0.8778092103126854 0.06143804609688759 -0.4750540566946212
vn 0.8778092103126854 0.06143804609688759 -0.4750540566946212
vn 0.8778092103126854 0.06143804609688759 -0.4750540566946212
vn 0.9177833148878782 0.09456474704215508 -0.3856569661373578
vn 0.9177817189670625 0.09456988187297785 -0.3856595049683008
vn 0.9177687715255015 0.09456429256869038 -0.3856916859144811
vn 0.8259337965869482 0.10222157527854925 -0.554422323867863
vn 0.8259337965869482 0.10222157527854925 -0.554422323867863
vn 0.8259337965869482 0.10222157527854925 -0.554422323867863
vn 0.7985134691830132 0.06118391361114911 -0.598859556364038
vn 0.7985070486414945 0.06120399048406433 -0.5988660658433375
vn 0.7984485508806937 0.06118345098331638 -0.5989461552779954
vn -0.701233586803231 0.14550759884219353 -0.6979247777649499
vn -0.701233586803231 0.14550759884219353 -0.6979247777649499
vn -0.701233586803231 0.14550759884219353 -0.6979247777649499
vn -0.8134817959341406 0.4799870420175588 0.32842016865442286
vn -0.8134817959341406 0.4799870420175588 0.32842016865442286
vn -0.8134817959341406 0.4799870420175588 0.32842016865442286
vn -0.8099707821713323 0.48697872475879894 0.32680124488908213
vn -0.8099707821713323 0.48697872475879894 0.32680124488908213
vn -0.8099707821713323 0.48697872475879894 0.32680124488908213
vn -0.7225140532195508 0.4966336515047528 0.4809661725041708
vn -0.7225140532195508 0.4966336515047528 0.4809661725041708
vn -0.7225140532195508 0.4966336515047528 0.4809661725041708
vn -0.6428938975601292 0.5203485704587694 0.5620718830376249
vn -0.6428938975601292 0.5203485704587694 0.5620718830376249
vn -0.6428938975601292 0.5203485704587694 0.5620718830376249
vn -0.7284703037306709 0.17933013158727265 -0.6611896252115844
vn -0.7284703037306709 0.17933013158727265 -0.6611896252115844
vn -0.7284703037306709 0.17933013158727265 -0.6611896252115844
vn -0.1146447354157037 -0.21066062950943992 -0.9708134134920828
vn -0.1146447354157037 -0.21066062950943992 -0.9708134134920828
vn -0.1146447354157037 -0.21066062950943992 -0.9708134134920828
vn -0.7677200621978219 0.2556974588385334 -0.5875582657426315
vn -0.7677200621978219 0.2556974588385334 -0.5875582657426315
vn -0.7677200621978219 0.2556974588385334 -0.5875582657426315
vn 0.7954963252116629 0.1005658775936961 -0.5975551027633771
vn 0.7954963252116629 0.1005658775936961 -0.5975551027633771
vn 0.7954963252116629 0.1005658775936961 -0.5975551027633771
vn 0.7984485508806937 0.06118345098331638 -0.5989461552779954
vn 0.7985070486414945 0.06120399048406433 -0.5988660658433375
vn 0.7984514753460425 0.06119310350526184 -0.5989412705776103
vn 0.7985070486414945 0.06120399048406433 -0.5988660658433375
vn 0.7985163553312086 0.06123355130707139 -0.5988506345182306
vn 0.7984514753460425 0.06119310350526184 -0.5989412705776103
vn 0.8209813151349784 0.11553771504141583 -0.5591428409648557
vn 0.8209813151349784 0.11553771504141583 -0.5591428409648557
vn 0.8209813151349784 0.11553771504141583 -0.5591428409648557
vn 0.8461704455327757 0.11478615542282701 -0.5204034162360107
vn 0.8461704455327757 0.11478615542282701 -0.5204034162360107
vn 0.8461704455327757 0.11478615542282701 -0.5204034162360107
vn 0.8484529039256727 0.09056650314863134 -0.5214646472461216
vn 0.8484529039256727 0.09056650314863134 -0.5214646472461216
vn 0.8484529039256727 0.09056650314863134 -0.5214646472461216
vn 0.9117338806777578 0.14489456946792592 -0.38437858234165484
vn 0.9117338806777578 0.14489456946792592 -0.38437858234165484
vn 0.9117338806777578 0.14489456946792592 -0.38437858234165484
vn 0.9177687715255015 0.09456429256869038 -0.3856916859144811
vn 0.9177817189670625 0.09456988187297785 -0.3856595049683008
vn 0.9177691944831774 0.09456649853070603 -0.3856901386000703
vn 0.9177817189670625 0.09456988187297785 -0.3856595049683008
vn 0.9177828049611375 0.09457754987224337 -0.38565504013020474
vn 0.9177691944831774 0.09456649853070603 -0.3856901386000703
vn 0.8583605317190832 0.10147952323359469 -0.502910632171577
vn 0.8583605317190832 0.10147952323359469 -0.502910632171577
vn 0.8583605317190832 0.10147952323359469 -0.502910632171577
vn 0.8733455104103796 0.11266849128119827 -0.4738917919931219
vn 0.8735597564946486 0.11266521633370592 -0.4734975193826147
vn 0.8735982614009503 0.11266460543718804 -0.47342661982499423
vn 0.8735597564946486 0.11266521633370592 -0.4734975193826147
vn 0.8736522193534451 0.11266377301944216 -0.4733272376145532
vn 0.8735982614009503 0.11266460543718804 -0.47342661982499423
vn -0.4914435408425476 0.1363701898601225 -0.8601665056729733
vn -0.4914435408425476 0.1363701898601225 -0.8601665056729733
vn -0.4914435408425476 0.1363701898601225 -0.8601665056729733
vn -0.36493291723517696 0.037606593647876295 -0.9302739972892001
vn -0.36493291723517696 0.037606593647876295 -0.9302739972892001
vn -0.36493291723517696 0.037606593647876295 -0.9302739972892001
vn -0.3135171860974237 0.04221764811097563 -0.9486435812303434
vn -0.3135171860974237 0.04221764811097563 -0.9486435812303434
vn -0.3135171860974237 0.04221764811097563 -0.9486435812303434
vn -0.8032078037733316 0.5426318376083479 0.24578021232680392
vn -0.8032078037733316 0.5426318376083479 0.24578021232680392
vn -0.8032078037733316 0.5426318376083479 0.24578021232680392
vn -0.7625005823061931 0.5705963260398617 0.30497982669764917
vn -0.7625005823061931 0.5705963260398617 0.30497982669764917
vn -0.7625005823061931 0.5705963260398617 0.30497982669764917
vn -0.7652993712898041 0.5661505300495283 0.30625226469051386
vn -0.7652993712898041 0.5661505300495283 0.30625226469051386
vn -0.7652993712898041 0.5661505300495283 0.30625226469051386
vn 0.8938284650323366 -0.1562182688958872 0.42031717495375975
vn 0.8938284650323366 -0.1562182688958872 0.42031717495375975
vn 0.8938284650323366 -0.1562182688958872 0.42031717495375975
vn 0.8854095607925182 -0.43308333643700303 -0.16878605794849744
vn 0.8854095607925182 -0.43308333643700303 -0.16878605794849744
vn 0.8854095607925182 -0.43308333643700303 -0.16878605794849744
vn 0.6748714997312252 -0.5017216457150216 -0.5411320070662399
vn 0.6748714997312252 -0.5017216457150216 -0.5411320070662399
vn 0.6748714997312252 -0.5017216457150216 -0.5411320070662399
vn 0.7854087404817596 -0.3191567948539862 -0.5303508750566805
vn 0.7854087404817596 -0.3191567948539862 -0.5303508750566805
vn 0.7854087404817596 -0.3191567948539862 -0.5303508750566805
vn 0.9169581115463109 -0.33782249870397607 0.2122823144749116
vn 0.9169581115463109 -0.33782249870397607 0.2122823144749116
vn 0.9169581115463109 -0.33782249870397607 0.2122823144749116
vn 0.3795656739338127 -0.43489077689023725 -0.8165781722205024
vn 0.3795656739338127 -0.43489077689023725 -0.8165781722205024
vn 0.3795656739338127 -0.43489077689023725 -0.8165781722205024
vn -0.8225960327915954 0.47237614098968456 0.3165383835480651
vn -0.8225960327915954 0.47237614098968456 0.3165383835480651
vn -0.8225960327915954 0.47237614098968456 0.3165383835480651
vn -0.7273181104287662 0.4959633245156718 0.4743719500325576
vn -0.7273181104287662 0.4959633245156718 0.4743719500325576
vn -0.7273181104287662 0.4959633245156718 0.4743719500325576
vn -0.8435987235387596 0.4780238968024903 0.2446106042867679
vn -0.8435987235387596 0.4780238968024903 0.2446106042867679
vn -0.8435987235387596 0.4780238968024903 0.2446106042867679
vn 0.5266878691747299 0.07736470313520132 0.8465309156628509
vn 0.5266878691747299 0.07736470313520132 0.8465309156628509
vn 0.5266878691747299 0.07736470313520132 0.8465309156628509
vn 0.27051288488277053 0.23518715137587592 0.9335468830969884
vn 0.26925471733710854 0.23479778159463693 0.9340085111763977
vn 0.2701757294630476 0.2350827970487153 0.9336707951632967
vn 0.654600954496956 0.020020842022599815 0.7557094390414745
vn 0.6471361898233169 0.018436840425127818 0.7621514513114164
vn 0.6526365994588503 0.0196029086415241 0.7574174509605519
vn -0.6789663937773929 0.5403854987127625 0.496979022597414
vn -0.6789663937773929 0.5403854987127625 0.496979022597414
vn -0.6789663937773929 0.5403854987127625 0.496979022597414
vn -0.6726185238367722 0.5526852344646758 0.4920603143887625
vn -0.6726288901834658 0.55269315788401 0.49203724383298475
vn -0.6723545132912678 0.5526412881797006 0.4924703189593697
vn -0.6723729486145172 0.5526050629315848 0.4924857991798331
vn -0.6723908313706598 0.5526110841154378 0.49245462694692316
vn -0.6726185238367722 0.5526852344646758 0.4920603143887625
vn 0.8652849147078524 -0.47609474554103137 -0.15689426263329473
vn 0.8652849147078524 -0.47609474554103137 -0.15689426263329473
vn 0.8652849147078524 -0.47609474554103137 -0.15689426263329473
vn 0.7300747277902789 -0.6128891209099564 -0.302254557140452
vn 0.7300747277902789 -0.6128891209099564 -0.302254557140452
vn 0.7300747277902789 -0.6128891209099564 -0.302254557140452
vn 0.703369935314536 -0.6129225655730869 -0.35999536484089684
vn 0.702247085363926 -0.6131551278102553 -0.3617869819905914
vn 0.7026612278255137 -0.6125673746221408 -0.36197846684475476
vn -0.12524355966995157 0.2015998310085786 0.971427588088022
vn -0.12524355966995157 0.2015998310085786 0.971427588088022
vn -0.12524355966995157 0.2015998310085786 0.971427588088022
vn -0.11221228275193322 0.2862974397891728 0.9515472555631511
vn -0.11221228275193322 0.2862974397891728 0.9515472555631511
vn -0.11221228275193322 0.2862974397891728 0.9515472555631511
vn 0.3333852044065711 -0.11197815656592966 0.9361170855907315
vn 0.3333852044065711 -0.11197815656592966 0.9361170855907315
vn 0.3333852044065711 -0.11197815656592966 0.9361170855907315
vn 0.7560799146465836 -0.4585391462746199 -0.46699573231642866
vn 0.7560799146465836 -0.4585391462746199 -0.46699573231642866
vn 0.7560799146465836 -0.4585391462746199 -0.46699573231642866
vn 0.553439714760169 -0.5733433530208761 -0.6041373036594925
vn 0.553439714760169 -0.5733433530208761 -0.6041373036594925
vn 0.553439714760169 -0.5733433530208761 -0.6041373036594925
vn 0.2121753584413302 -0.39426735468310203 -0.8941671377888376
vn 0.2121753584413302 -0.39426735468310203 -0.8941671377888376
vn 0.2121753584413302 -0.39426735468310203 -0.8941671377888376
vn 0.24616257382252138 -0.31975185273806617 -0.9149659774656356
vn 0.24616257382252138 -0.31975185273806617 -0.9149659774656356
vn 0.24616257382252138 -0.31975185273806617 -0.9149659774656356
vn 0.4378468633100124 -0.06581927294976853 0.8966370210949062
vn 0.4378468633100124 -0.06581927294976853 0.8966370210949062
vn 0.4378468633100124 -0.06581927294976853 0.8966370210949062
vn 0.7882922764859424 -0.4696198680274258 -0.39755812956914083
vn 0.7882922764859424 -0.4696198680274258 -0.39755812956914083
vn 0.7882922764859424 -0.4696198680274258 -0.39755812956914083
vn -0.8094179021422692 0.5431017634905233 0.2233453249680671
vn -0.8094179021422692 0.5431017634905233 0.2233453249680671
vn -0.8094179021422692 0.5431017634905233 0.2233453249680671
vn 0.6526365994588503 0.0196029086415241 0.7574174509605519
vn 0.6471361898233169 0.018436840425127818 0.7621514513114164
vn 0.6450479714178459 0.01799559583897148 0.7639301493592999
vn -0.7002003712285929 0.49506883711521216 0.5144183964913505
vn -0.7002003712285929 0.49506883711521216 0.5144183964913505
vn -0.7002003712285929 0.49506883711521216 0.5144183964913505
vn 0.19617086171904383 -0.25627431169362125 -0.9464884944775444
vn 0.19617086171904383 -0.25627431169362125 -0.9464884944775444
vn 0.19617086171904383 -0.25627431169362125 -0.9464884944775444
vn 0.8221283978688707 -0.31725908401402586 -0.47270664373175997
vn 0.8221283978688707 -0.31725908401402586 -0.47270664373175997
vn 0.8221283978688707 -0.31725908401402586 -0.47270664373175997
vn -0.810450078637846 0.5303368984151822 0.24882412305738008
vn -0.8106408226439316 0.5303243277191422 0.24822885427042873
vn -0.8101595075356843 0.5303556750349346 0.2497287134227383
vn -0.6772098950999172 0.31412786461908704 -0.6653648943614412
vn -0.6772098950999172 0.31412786461908704 -0.6653648943614412
vn -0.6772098950999172 0.31412786461908704 -0.6653648943614412
vn -0.5421797760328324 0.019925750374800745 -0.8400262227650925
vn -0.5421797760328324 0.019925750374800745 -0.8400262227650925
vn -0.5421797760328324 0.019925750374800745 -0.8400262227650925
vn -0.6820600683964163 0.4891433448935481 0.5436293325837261
vn -0.6820600683964163 0.4891433448935481 0.5436293325837261
vn -0.6820600683964163 0.4891433448935481 0.5436293325837261
vn -0.7453430089538549 0.49132454422139415 0.4506262212180436
vn -0.7453430089538549 0.49132454422139415 0.4506262212180436
vn -0.7453430089538549 0.49132454422139415 0.4506262212180436
vn -0.8755195479774095 0.46909204635059343 0.11583683852749602
vn -0.8755195479774095 0.46909204635059343 0.11583683852749602
vn -0.8755195479774095 0.46909204635059343 0.11583683852749602
vn -0.8215251084410502 0.5106462129195409 0.2536472775959789
vn -0.8215251084410502 0.5106462129195409 0.2536472775959789
vn -0.8215251084410502 0.5106462129195409 0.2536472775959789
vn -0.5017591192861447 0.023273007109498957 -0.864694254261744
vn -0.5017591192861447 0.023273007109498957 -0.864694254261744
vn -0.5017591192861447 0.023273007109498957 -0.864694254261744
vn -0.599683505474447 0.13842602235553514 -0.7881737940306717
vn -0.599683505474447 0.13842602235553514 -0.7881737940306717
vn -0.599683505474447 0.13842602235553514 -0.7881737940306717
vn -0.6798678985747363 0.15201839485609445 -0.7174050795143204
vn -0.6798678985747363 0.15201839485609445 -0.7174050795143204
vn -0.6798678985747363 0.15201839485609445 -0.7174050795143204
vn -0.14308660832459516 -0.21631475036786968 -0.9657816271246054
vn -0.14308660832459516 -0.21631475036786968 -0.9657816271246054
vn -0.14308660832459516 -0.21631475036786968 -0.9657816271246054
vn -0.4563289243476194 0.14564419260942305 -0.877810732426355
vn -0.4563289243476194 0.14564419260942305 -0.877810732426355
vn -0.4563289243476194 0.14564419260942305 -0.877810732426355
vn -0.3321192182782755 0.06341237732379966 -0.9411034455639673
vn -0.3321192182782755 0.06341237732379966 -0.9411034455639673
vn -0.3321192182782755 0.06341237732379966 -0.9411034455639673
vn -0.8418592090373982 0.5306210600171004 0.09856146724382266
vn -0.8418592090373982 0.5306210600171004 0.09856146724382266
vn -0.8418592090373982 0.5306210600171004 0.09856146724382266
vn -0.788385145265221 0.5667422749367487 0.23927401974442422
vn -0.788385145265221 0.5667422749367487 0.23927401974442422
vn -0.788385145265221 0.5667422749367487 0.23927401974442422
vn -0.7910466164887604 0.5619741455218755 0.2417236238075253
vn -0.7910466164887604 0.5619741455218755 0.2417236238075253
vn -0.7910466164887604 0.5619741455218755 0.2417236238075253
vn 0.8347152055288225 -0.32900773441341785 -0.4415930664708463
vn 0.8347152055288225 -0.32900773441341785 -0.4415930664708463
vn 0.8347152055288225 -0.32900773441341785 -0.4415930664708463
vn 0.9105894687910526 -0.3156595433871158 0.2668068065013823
vn 0.9105894687910526 -0.3156595433871158 0.2668068065013823
vn 0.9105894687910526 -0.3156595433871158 0.2668068065013823
vn 0.3069510760571699 -0.4034776307286485 -0.8619668429869805
vn 0.3069510760571699 -0.4034776307286485 -0.8619668429869805
vn 0.3069510760571699 -0.4034776307286485 -0.8619668429869805
vn 0.6104424547397682 -0.3209851048295863 -0.724105359687957
vn 0.6104424547397682 -0.3209851048295863 -0.724105359687957
vn 0.6104424547397682 -0.3209851048295863 -0.724105359687957
vn 0.7302558520605287 -0.5113985153391901 -0.4529878023084326
vn 0.7302558520605287 -0.5113985153391901 -0.4529878023084326
vn 0.7302558520605287 -0.5113985153391901 -0.4529878023084326
vn 0.7319250063023695 -0.4490904423969242 -0.5124485922480531
vn 0.7319250063023695 -0.4490904423969242 -0.5124485922480531
vn 0.7319250063023695 -0.4490904423969242 -0.5124485922480531
vn -0.705304320242905 0.4834751109307301 0.5184569731011553
vn -0.705304320242905 0.4834751109307301 0.5184569731011553
vn -0.705304320242905 0.4834751109307301 0.5184569731011553
vn -0.8197498744560794 0.4841248789407955 0.3059954982018565
vn -0.8197498744560794 0.4841248789407955 0.3059954982018565
vn -0.8197498744560794 0.4841248789407955 0.3059954982018565
vn -0.8559407558606354 0.4715664714021364 0.21210960729316805
vn -0.8559407558606354 0.4715664714021364 0.21210960729316805
vn -0.8559407558606354 0.4715664714021364 0.21210960729316805
vn 0.2701757294630476 0.2350827970487153 0.9336707951632967
vn 0.26925471733710854 0.23479778159463693 0.9340085111763977
vn 0.2688965234160179 0.2346868128381922 0.9341395824900208
vn 0.15124864924495476 0.30969471230793477 0.9387294771498774
vn 0.15124864924495476 0.30969471230793477 0.9387294771498774
vn 0.15124864924495476 0.30969471230793477 0.9387294771498774
vn 0.7043684527036272 -0.040309673951772935 0.7086890806424209
vn 0.7043684527036272 -0.040309673951772935 0.7086890806424209
vn 0.7043684527036272 -0.040309673951772935 0.7086890806424209
vn -0.7005537634712335 0.5439164706833285 0.4619299702397355
vn -0.7005537634712335 0.5439164706833285 0.4619299702397355
vn -0.7005537634712335 0.5439164706833285 0.4619299702397355
vn -0.6726185238367722 0.5526852344646758 0.4920603143887625
vn -0.6723908313706598 0.5526110841154378 0.49245462694692316
vn -0.6726288901834658 0.55269315788401 0.49203724383298475
vn -0.6847998035227268 0.5544486326636415 0.47290162067035973
vn -0.6847998035227268 0.5544486326636415 0.47290162067035973
vn -0.6847998035227268 0.5544486326636415 0.47290162067035973
vn 0.802027867381743 -0.4906525486544413 -0.3406044281009777
vn 0.802027867381743 -0.4906525486544413 -0.3406044281009777
vn 0.802027867381743 -0.4906525486544413 -0.3406044281009777
vn 0.701983327114016 -0.6123859830528974 -0.3635970519878741
vn 0.703369935314536 -0.6129225655730869 -0.35999536484089684
vn 0.7026612278255137 -0.6125673746221408 -0.36197846684475476
vn 0.703369935314536 -0.6129225655730869 -0.35999536484089684
vn 0.7014391322759129 -0.613194933356826 -0.36328379735068295
vn 0.702247085363926 -0.6131551278102553 -0.3617869819905914
vn -0.1892320498807377 0.25898942677235426 0.947161922861166
vn -0.1892320498807377 0.25898942677235426 0.947161922861166
vn -0.1892320498807377 0.25898942677235426 0.947161922861166
vn 0.12318140158568754 0.03530220794943564 0.9917560669929276
vn 0.12318140158568754 0.03530220794943564 0.9917560669929276
vn 0.12318140158568754 0.03530220794943564 0.9917560669929276
vn 0.21494917309230632 0.04522959335680501 0.9755773351568352
vn 0.21494917309230632 0.04522959335680501 0.9755773351568352
vn 0.21494917309230632 0.04522959335680501 0.9755773351568352
vn 0.6269778705553398 -0.4355073498349787 -0.6459350571641121
vn 0.6269778705553398 -0.4355073498349787 -0.6459350571641121
vn 0.6269778705553398 -0.4355073498349787 -0.6459350571641121
vn 0.6928709057858313 -0.5888829235374256 -0.41610913265817195
vn 0.6928709057858313 -0.5888829235374256 -0.41610913265817195
vn 0.6928709057858313 -0.5888829235374256 -0.41610913265817195
vn 0.7184919806499241 -0.5447456418601672 -0.4324597778014778
vn 0.7184919806499241 -0.5447456418601672 -0.4324597778014778
vn 0.7184919806499241 -0.5447456418601672 -0.4324597778014778
vn 0.07041235935180415 0.8161653528177618 0.5735121764272934
vn 0.07041235935180415 0.8161653528177618 0.5735121764272934
vn 0.07041235935180415 0.8161653528177618 0.5735121764272934
vn 0.24443263281941713 0.19175335546087577 -0.9505174057756454
vn 0.24443263281941713 0.19175335546087577 -0.9505174057756454
vn 0.24443263281941713 0.19175335546087577 -0.9505174057756454
vn 0.39075376696349784 0.807097369574858 0.44261194022437006
vn 0.39075376696349784 0.807097369574858 0.44261194022437006
vn 0.39075376696349784 0.807097369574858 0.44261194022437006
vn -0.8041421914821363 -0.4463995433430072 0.39253379928543997
vn -0.8041421914821363 -0.4463995433430072 0.39253379928543997
vn -0.8041421914821363 -0.4463995433430072 0.39253379928543997
vn 0.5628653768943048 0.17436026297697085 -0.8079486779420052
vn 0.5628653768943048 0.17436026297697085 -0.8079486779420052
vn 0.5628653768943048 0.17436026297697085 -0.8079486779420052
vn 0.6687158153675723 0.7113849668165184 0.2162188411418949
vn 0.6687158153675723 0.7113849668165184 0.2162188411418949
vn 0.6687158153675723 0.7113849668165184 0.2162188411418949
vn -0.7102615904610237 0.1528489234423106 0.6871431289900989
vn -0.7102615904610237 0.1528489234423106 0.6871431289900989
vn -0.7102615904610237 0.1528489234423106 0.6871431289900989
vn -0.5784902072145484 -0.6201199662853445 -0.5299059421926989
vn -0.5822728367436266 -0.6200881362003713 -0.5257842208873137
vn -0.5845947970763232 -0.6200595274160476 -0.5232352297885529
vn -0.5633431499673824 -0.8261775702071891 0.008667056672982563
vn -0.5633431499673824 -0.8261775702071891 0.008667056672982563
vn -0.5633431499673824 -0.8261775702071891 0.008667056672982563
vn 0.038049376866550876 0.3545776578455272 0.9342520695598417
vn 0.038049376866550876 0.3545776578455272 0.9342520695598417
vn 0.038049376866550876 0.3545776578455272 0.9342520695598417
vn -0.7627088402899831 0.10214865946029002 -0.638624205862865
vn -0.7627088402899831 0.10214865946029002 -0.638624205862865
vn -0.7627088402899831 0.10214865946029002 -0.638624205862865
vn -0.9453017933676731 -0.003015496429812828 -0.3261831176458139
vn -0.9453017933676731 -0.003015496429812828 -0.3261831176458139
vn -0.9453017933676731 -0.003015496429812828 -0.3261831176458139
vn -0.7305836299542163 -0.02543655986125735 -0.6823492808418175
vn -0.7305836299542163 -0.02543655986125735 -0.6823492808418175
vn -0.7305836299542163 -0.02543655986125735 -0.6823492808418175
vn 0.7251160567229119 0.2537721185843485 -0.6401612422755896
vn 0.7251160567229119 0.2537721185843485 -0.6401612422755896
vn 0.7251160567229119 0.2537721185843485 -0.6401612422755896
vn -0.5720742270319258 -0.6042686333568228 -0.5546084181716883
vn -0.5720742270319258 -0.6042686333568228 -0.5546084181716883
vn -0.5720742270319258 -0.6042686333568228 -0.5546084181716883
vn 0.7063379200637935 0.19851130853330237 -0.6794703842437507
vn 0.7063379200637935 0.19851130853330237 -0.6794703842437507
vn 0.7063379200637935 0.19851130853330237 -0.6794703842437507
vn -0.7301730479960519 -0.20490666941031835 0.651813299044539
vn -0.7265144851021378 -0.2041082430597054 0.6561375831728098
vn -0.7272842919218979 -0.20427643437591947 0.6552317888215774
vn -0.20062356334299625 0.4293513080884084 0.8805723366506193
vn -0.20062356334299625 0.4293513080884084 0.8805723366506193
vn -0.20062356334299625 0.4293513080884084 0.8805723366506193
vn -0.5281828045210835 -0.4857169033756032 -0.69649265235425
vn -0.5281828045210835 -0.4857169033756032 -0.69649265235425
vn -0.5281828045210835 -0.4857169033756032 -0.69649265235425
vn -0.6822545506605883 -0.6925119353588733 0.23442684890691676
vn -0.6822545506605883 -0.6925119353588733 0.23442684890691676
vn -0.6822545506605883 -0.6925119353588733 0.23442684890691676
vn 0.04667239521265192 0.9236654388200178 -0.38034700558113776
vn 0.04667239521265192 0.9236654388200178 -0.38034700558113776
vn 0.04667239521265192 0.9236654388200178 -0.38034700558113776
vn -0.6043038288185991 -0.5896633466234523 -0.5358302157624293
vn -0.6042932099129924 -0.5896664370119561 -0.535838790602805
vn -0.6043017392239518 -0.5896696613659617 -0.5358256231606127
vn -0.6217228363473044 -0.591620129651258 -0.51327023774586
vn -0.6217294543543131 -0.591628893331029 -0.5132521194931297
vn -0.6217273404666047 -0.5916167076034676 -0.5132687263030502
vn 0.40893661387815783 0.8367522831871522 0.36416543275131713
vn 0.40893661387815783 0.8367522831871522 0.36416543275131713
vn 0.40893661387815783 0.8367522831871522 0.36416543275131713
vn -0.7496194826988207 -0.5831512713073551 -0.3130578635507626
vn -0.7496194826988207 -0.5831512713073551 -0.3130578635507626
vn -0.7496194826988207 -0.5831512713073551 -0.3130578635507626
vn 0.4228665156602928 0.8336739372816654 0.35520652616556625
vn 0.4228665156602928 0.8336739372816654 0.35520652616556625
vn 0.4228665156602928 0.8336739372816654 0.35520652616556625
vn -0.8789276072591307 -0.45570279828775107 0.14078785753910933
vn -0.8789276072591307 -0.45570279828775107 0.14078785753910933
vn -0.8789276072591307 -0.45570279828775107 0.14078785753910933
vn -0.8406886193499694 -0.5345128747676772 -0.08682529587070684
vn -0.8406886193499694 -0.5345128747676772 -0.08682529587070684
vn -0.8406886193499694 -0.5345128747676772 -0.08682529587070684
vn -0.7772150439939817 -0.6123272386309079 0.14488660469512166
vn -0.7772150439939817 -0.6123272386309079 0.14488660469512166
vn -0.7772150439939817 -0.6123272386309079 0.14488660469512166
vn -0.7765101607591027 -0.6075962366911449 0.16690950660951218
vn -0.7765101607591027 -0.6075962366911449 0.16690950660951218
vn -0.7765101607591027 -0.6075962366911449 0.16690950660951218
vn 0.42523522190856655 0.8316645208662989 0.35708420684847114
vn 0.42523522190856655 0.8316645208662989 0.35708420684847114
vn 0.42523522190856655 0.8316645208662989 0.35708420684847114
vn 0.22122654773153105 0.9024320436391023 0.36969612006638924
vn 0.22122654773153105 0.9024320436391023 0.36969612006638924
vn 0.22122654773153105 0.9024320436391023 0.36969612006638924
vn 0.21277633153506859 0.907472662843247 0.3622424587630017
vn 0.21277633153506859 0.907472662843247 0.3622424587630017
vn 0.21277633153506859 0.907472662843247 0.3622424587630017
vn -0.5739702167274207 -0.5970095901358362 -0.5604799189941764
vn -0.5739702167274207 -0.5970095901358362 -0.5604799189941764
vn -0.5739702167274207 -0.5970095901358362 -0.5604799189941764
vn -0.7844422275708169 -0.6175565481607165 0.057221511930002154
vn -0.7844422275708169 -0.6175565481607165 0.057221511930002154
vn -0.7844422275708169 -0.6175565481607165 0.057221511930002154
vn -0.759386224208412 -0.6492668770192137 0.04225026494838377
vn -0.759386224208412 -0.6492668770192137 0.04225026494838377
vn -0.759386224208412 -0.6492668770192137 0.04225026494838377
vn 0.4098877702773286 0.8359189223833551 0.3650090012294633
vn 0.4098877702773286 0.8359189223833551 0.3650090012294633
vn 0.4098877702773286 0.8359189223833551 0.3650090012294633
vn 0.27057347376969165 0.9147006394599221 0.3001878336372274
vn 0.27057347376969165 0.9147006394599221 0.3001878336372274
vn 0.27057347376969165 0.9147006394599221 0.3001878336372274
vn 0.35372349804527736 0.9089107920636973 0.22081861108329362
vn 0.35372349804527736 0.9089107920636973 0.22081861108329362
vn 0.35372349804527736 0.9089107920636973 0.22081861108329362
vn -0.6217273404666047 -0.5916167076034676 -0.5132687263030502
vn -0.6217300409816153 -0.5916372290166355 -0.5132418001123021
vn -0.6217326346490555 -0.591609962163092 -0.513270088434665
vn -0.7344801778116894 -0.5308594620136627 -0.4227612801478794
vn -0.7344801778116894 -0.5308594620136627 -0.4227612801478794
vn -0.7344801778116894 -0.5308594620136627 -0.4227612801478794
vn -0.7150876971799257 -0.553948400930391 -0.4263692700565717
vn -0.7150876971799257 -0.553948400930391 -0.4263692700565717
vn -0.7150876971799257 -0.553948400930391 -0.4263692700565717
vn -0.6043017392239518 -0.5896696613659617 -0.5358256231606127
vn -0.604297546260168 -0.5896637985303679 -0.5358368037814109
vn -0.6042983440552393 -0.5896774718139274 -0.5358208568236503
vn -0.6587071462795276 -0.5063709961119565 -0.5565009521437191
vn -0.6587071462795276 -0.5063709961119565 -0.5565009521437191
vn -0.6587071462795276 -0.5063709961119565 -0.5565009521437191
vn -0.7018055735553608 -0.514855511417157 -0.4923339712938856
vn -0.7018055735553608 -0.514855511417157 -0.4923339712938856
vn -0.7018055735553608 -0.514855511417157 -0.4923339712938856
vn 0.17884878796122597 0.9831873228522563 0.036821179060607126
vn 0.17884878796122597 0.9831873228522563 0.036821179060607126
vn 0.17884878796122597 0.9831873228522563 0.036821179060607126
vn -0.34731129457730786 0.8689355394179124 0.35259877055306976
vn -0.34731129457730786 0.8689355394179124 0.35259877055306976
vn -0.34731129457730786 0.8689355394179124 0.35259877055306976
vn 0.023851145096585223 0.9981493874541048 -0.05593677862173412
vn 0.023851145096585223 0.9981493874541048 -0.05593677862173412
vn 0.023851145096585223 0.9981493874541048 -0.05593677862173412
vn -0.666068260270035 -0.710531619662236 0.22693146569175662
vn -0.666068260270035 -0.710531619662236 0.22693146569175662
vn -0.666068260270035 -0.710531619662236 0.22693146569175662
vn -0.7276274146120146 -0.6704345275090385 0.1451753761103019
vn -0.7276274146120146 -0.6704345275090385 0.1451753761103019
vn -0.7276274146120146 -0.6704345275090385 0.1451753761103019
vn -0.8805407652442809 -0.3608669938105306 0.30728321386168583
vn -0.8805407652442809 -0.3608669938105306 0.30728321386168583
vn -0.8805407652442809 -0.3608669938105306 0.30728321386168583
vn 0.07382236996006405 0.24374881461363188 -0.9670247013742352
vn 0.07382236996006405 0.24374881461363188 -0.9670247013742352
vn 0.07382236996006405 0.24374881461363188 -0.9670247013742352
vn 0.4336977202367478 0.09406938486786139 -0.8961346094711607
vn 0.4336977202367478 0.09406938486786139 -0.8961346094711607
vn 0.4336977202367478 0.09406938486786139 -0.8961346094711607
vn 0.3894011034804803 -0.23608429057963287 -0.8902982580852866
vn 0.3894011034804803 -0.23608429057963287 -0.8902982580852866
vn 0.3894011034804803 -0.23608429057963287 -0.8902982580852866
vn -0.8042040410071859 -0.15587692938384878 0.5735488151095555
vn -0.8042040410071859 -0.15587692938384878 0.5735488151095555
vn -0.8042040410071859 -0.15587692938384878 0.5735488151095555
vn -0.7449434980877292 -0.23947312176627178 0.622665085425812
vn -0.7449434980877292 -0.23947312176627178 0.622665085425812
vn -0.7449434980877292 -0.23947312176627178 0.622665085425812
vn -0.8305352665495832 0.1530397464737283 0.5355277836085349
vn -0.8322203237953196 0.15320183222142164 0.5328588286460237
vn -0.8301833429844554 0.15300586903799976 0.5360828490737979
vn -0.46557337979836105 0.18729532821788933 0.864963518335244
vn -0.46557337979836105 0.18729532821788933 0.864963518335244
vn -0.46557337979836105 0.18729532821788933 0.864963518335244
vn -0.7564937360417919 -0.20735812205931686 0.6202578790677028
vn -0.7528375399839176 -0.20626987798977311 0.6250506986037591
vn -0.7530882915183867 -0.20634460593995416 0.6247238820290146
vn -0.6652494501162691 0.43940278673103866 0.603629323453557
vn -0.6652494501162691 0.43940278673103866 0.603629323453557
vn -0.6652494501162691 0.43940278673103866 0.603629323453557
vn 0.754139784036802 0.2872091773242643 -0.5905794396976963
vn 0.7537723992401797 0.2846824536267913 -0.5922694241143409
vn 0.754365051431837 0.2887822714956589 -0.5895236796330147
vn 0.6469628069085381 0.2905481435761103 -0.7049970941369201
vn 0.6469628069085381 0.2905481435761103 -0.7049970941369201
vn 0.6469628069085381 0.2905481435761103 -0.7049970941369201
vn 0.2807602874401763 -0.09536289309758833 -0.9550285752879687
vn 0.2807602874401763 -0.09536289309758833 -0.9550285752879687
vn 0.2807602874401763 -0.09536289309758833 -0.9550285752879687
vn -0.596164863285393 -0.598174223043364 -0.5355138230432307
vn -0.596164863285393 -0.598174223043364 -0.5355138230432307
vn -0.596164863285393 -0.598174223043364 -0.5355138230432307
vn -0.6810344290907854 -0.566268088603142 -0.46425484189476396
vn -0.6810344290907854 -0.566268088603142 -0.46425484189476396
vn -0.6810344290907854 -0.566268088603142 -0.46425484189476396
vn -0.7108846270529597 -0.5841245663581749 -0.3917161446719401
vn -0.7108846270529597 -0.5841245663581749 -0.3917161446719401
vn -0.7108846270529597 -0.5841245663581749 -0.3917161446719401
vn 0.8076168976547616 0.26630753917000827 -0.526151348191481
vn 0.8076168976547616 0.26630753917000827 -0.526151348191481
vn 0.8076168976547616 0.26630753917000827 -0.526151348191481
vn 0.641123837512515 0.4450028159409622 -0.6252461265596456
vn 0.641123837512515 0.4450028159409622 -0.6252461265596456
vn 0.641123837512515 0.4450028159409622 -0.6252461265596456
vn 0.4140515468714224 0.3048834699498424 -0.857675571696388
vn 0.4140515468714224 0.3048834699498424 -0.857675571696388
vn 0.4140515468714224 0.3048834699498424 -0.857675571696388
vn -0.5826149529116769 0.10708204098123261 -0.8056632380486394
vn -0.5826149529116769 0.10708204098123261 -0.8056632380486394
vn -0.5826149529116769 0.10708204098123261 -0.8056632380486394
vn -0.7298176618772497 0.061944449763862576 -0.6808296890966763
vn -0.7298176618772497 0.061944449763862576 -0.6808296890966763
vn -0.7298176618772497 0.061944449763862576 -0.6808296890966763
vn -0.6000036011172228 0.05430382161617464 -0.7981520992920106
vn -0.6000036011172228 0.05430382161617464 -0.7981520992920106
vn -0.6000036011172228 0.05430382161617464 -0.7981520992920106
vn -0.9182730192195082 0.1332246780651755 -0.37286170000137975
vn -0.9182730192195082 0.1332246780651755 -0.37286170000137975
vn -0.9182730192195082 0.1332246780651755 -0.37286170000137975
vn -0.9257423410485431 -0.003898370039797356 -0.3781347917092474
vn -0.9257423410485431 -0.003898370039797356 -0.3781347917092474
vn -0.9257423410485431 -0.003898370039797356 -0.3781347917092474
vn -0.9450712260918832 -0.020289641992135152 -0.3262341307113891
vn -0.9450712260918832 -0.020289641992135152 -0.3262341307113891
vn -0.9450712260918832 -0.020289641992135152 -0.3262341307113891
vn -0.7233481272147356 0.25780368855087393 -0.6405503454253213
vn -0.7233481272147356 0.25780368855087393 -0.6405503454253213
vn -0.7233481272147356 0.25780368855087393 -0.6405503454253213
vn -0.7433029173093364 0.2518889409042099 -0.619719883955312
vn -0.7433029173093364 0.2518889409042099 -0.619719883955312
vn -0.7433029173093364 0.2518889409042099 -0.619719883955312
vn -0.6480114454849607 0.24183613197247134 -0.7222163469439646
vn -0.6480114454849607 0.24183613197247134 -0.7222163469439646
vn -0.6480114454849607 0.24183613197247134 -0.7222163469439646
vn -0.8790454752476523 0.10331302881472394 0.465408928281095
vn -0.8790454752476523 0.10331302881472394 0.465408928281095
vn -0.8790454752476523 0.10331302881472394 0.465408928281095
vn -0.7701545758592456 -0.25617434348992335 0.5841546327990325
vn -0.7701545758592456 -0.25617434348992335 0.5841546327990325
vn -0.7701545758592456 -0.25617434348992335 0.5841546327990325
vn 0.001496678610012791 0.4655235791804876 0.8850342124348226
vn 0.001496678610012791 0.4655235791804876 0.8850342124348226
vn 0.001496678610012791 0.4655235791804876 0.8850342124348226
vn -0.31501829763482986 -0.8841577177416979 -0.34500522070404327
vn -0.31501829763482986 -0.8841577177416979 -0.34500522070404327
vn -0.31501829763482986 -0.8841577177416979 -0.34500522070404327
vn 0.27466106166233933 -0.31979026973647956 -0.9068050973546554
vn 0.27466106166233933 -0.31979026973647956 -0.9068050973546554
vn 0.27466106166233933 -0.31979026973647956 -0.9068050973546554
vn 0.008681746116671777 -0.4075266975498418 -0.9131520235253742
vn 0.008681746116671777 -0.4075266975498418 -0.9131520235253742
vn 0.008681746116671777 -0.4075266975498418 -0.9131520235253742
vn -0.5624743647563055 -0.6127396477156585 -0.5551330589230667
vn -0.5624743647563055 -0.6127396477156585 -0.5551330589230667
vn -0.5624743647563055 -0.6127396477156585 -0.5551330589230667
vn -0.5538050419005666 -0.586583162180976 -0.5909485336400104
vn -0.5538050419005666 -0.586583162180976 -0.5909485336400104
vn -0.5538050419005666 -0.586583162180976 -0.5909485336400104
vn -0.6023123997905562 -0.5876204193808052 -0.5402980804937841
vn -0.599429831971413 -0.5879044089922824 -0.5431871523058689
vn -0.5977948459680537 -0.5880601250845037 -0.5448179617263265
vn -0.8658719328412936 -0.41442361160286034 0.2802121804342628
vn -0.8658719328412936 -0.41442361160286034 0.2802121804342628
vn -0.8658719328412936 -0.41442361160286034 0.2802121804342628
vn -0.8326531101000905 -0.23238573364431206 0.5026784947053552
vn -0.8326531101000905 -0.23238573364431206 0.5026784947053552
vn -0.8326531101000905 -0.23238573364431206 0.5026784947053552
vn -0.4765617823368531 0.4240466993482368 0.7701125011242113
vn -0.4765617823368531 0.4240466993482368 0.7701125011242113
vn -0.4765617823368531 0.4240466993482368 0.7701125011242113
vn 0.6556441346154499 0.7176800925802298 0.23466157218085465
vn 0.6531673855821083 0.7186705467273744 0.23850578961192978
vn 0.6515840128448659 0.7192928407033231 0.2409483005084818
vn 0.7335928881965791 0.6784367685044674 -0.03956040354466934
vn 0.7335928881965791 0.6784367685044674 -0.03956040354466934
vn 0.7335928881965791 0.6784367685044674 -0.03956040354466934
vn 0.5911884353171548 0.7558180610294798 0.28148764194701614
vn 0.5911884353171548 0.7558180610294798 0.28148764194701614
vn 0.5911884353171548 0.7558180610294798 0.28148764194701614
vn 0.7654538753490271 0.3152253311019962 -0.5609931865404365
vn 0.7654538753490271 0.3152253311019962 -0.5609931865404365
vn 0.7654538753490271 0.3152253311019962 -0.5609931865404365
vn 0.4096404841532479 0.4933864333712633 -0.7673099120354674
vn 0.4096404841532479 0.4933864333712633 -0.7673099120354674
vn 0.4096404841532479 0.4933864333712633 -0.7673099120354674
vn 0.5550611691100713 0.0932931758238537 -0.8265612390445491
vn 0.5610118942530187 0.09111506980374391 -0.8227780372380503
vn 0.5555455191388641 0.09311647835076595 -0.8262557095864943
vn -0.5136399305028653 -0.7667995180013495 -0.3849578171513206
vn -0.5136399305028653 -0.7667995180013495 -0.3849578171513206
vn -0.5136399305028653 -0.7667995180013495 -0.3849578171513206
vn -0.619905404013795 -0.7076708537262385 -0.3389974230888345
vn -0.619905404013795 -0.7076708537262385 -0.3389974230888345
vn -0.619905404013795 -0.7076708537262385 -0.3389974230888345
vn -0.7155304437810953 -0.6954784390328325 -0.06577176341625263
vn -0.7155304437810953 -0.6954784390328325 -0.06577176341625263
vn -0.7155304437810953 -0.6954784390328325 -0.06577176341625263
vn 0.45871583104735186 0.7697882263439734 0.4438534363151162
vn 0.45871583104735186 0.7697882263439734 0.4438534363151162
vn 0.45871583104735186 0.7697882263439734 0.4438534363151162
vn 0.4907125417728316 0.5185437625801483 0.7002239410617648
vn 0.4907125417728316 0.5185437625801483 0.7002239410617648
vn 0.4907125417728316 0.5185437625801483 0.7002239410617648
vn 0.5363577709751546 0.5895104316096178 0.6039849274096215
vn 0.5363577709751546 0.5895104316096178 0.6039849274096215
vn 0.5363577709751546 0.5895104316096178 0.6039849274096215
vn 0.430817755563012 0.7196774829282756 -0.5444817554865089
vn 0.430817755563012 0.7196774829282756 -0.5444817554865089
vn 0.430817755563012 0.7196774829282756 -0.5444817554865089
vn 0.8047794650424382 0.5460375134797486 -0.23275103978040643
vn 0.8047794650424382 0.5460375134797486 -0.23275103978040643
vn 0.8047794650424382 0.5460375134797486 -0.23275103978040643
vn 0.7921365453483685 0.13934910966134179 -0.5942234589446493
vn 0.7921365453483685 0.13934910966134179 -0.5942234589446493
vn 0.7921365453483685 0.13934910966134179 -0.5942234589446493
vn 0.24598669782979807 0.9533540805167824 0.1749472539161218
vn 0.24598669782979807 0.9533540805167824 0.1749472539161218
vn 0.24598669782979807 0.9533540805167824 0.1749472539161218
vn -0.364547457293514 0.9141729085653315 -0.17718082465671994
vn -0.364547457293514 0.9141729085653315 -0.17718082465671994
vn -0.364547457293514 0.9141729085653315 -0.17718082465671994
vn -0.1775566621987339 0.9493060798442067 -0.25940624217560615
vn -0.1775566621987339 0.9493060798442067 -0.25940624217560615
vn -0.1775566621987339 0.9493060798442067 -0.25940624217560615
vn 0.5931447858853259 0.8047026510127703 -0.025157631646684313
vn 0.5931447858853259 0.8047026510127703 -0.025157631646684313
vn 0.5931447858853259 0.8047026510127703 -0.025157631646684313
vn 0.38739009837578153 0.5771150440955387 0.7189347241293932
vn 0.38739009837578153 0.5771150440955387 0.7189347241293932
vn 0.38739009837578153 0.5771150440955387 0.7189347241293932
vn 0.2775333747238143 0.8518867136333405 -0.4441444056265909
vn 0.2775333747238143 0.8518867136333405 -0.4441444056265909
vn 0.2775333747238143 0.8518867136333405 -0.4441444056265909
vn -0.7218321134057806 -0.1564024668006947 0.6741636807443738
vn -0.7218321134057806 -0.1564024668006947 0.6741636807443738
vn -0.7218321134057806 -0.1564024668006947 0.6741636807443738
vn -0.6239753304736915 -0.0704170233737071 0.7782648840718912
vn -0.6239753304736915 -0.0704170233737071 0.7782648840718912
vn -0.6239753304736915 -0.0704170233737071 0.7782648840718912
vn -0.3995888842360543 0.061299201305061765 0.9146426250259423
vn -0.3995888842360543 0.061299201305061765 0.9146426250259423
vn -0.3995888842360543 0.061299201305061765 0.9146426250259423
vn -0.3001923890618421 -0.5082467970749112 -0.8071986885596617
vn -0.3001923890618421 -0.5082467970749112 -0.8071986885596617
vn -0.3001923890618421 -0.5082467970749112 -0.8071986885596617
vn -0.17386549156603565 -0.6976491526586871 -0.6950226259893391
vn -0.17451866735386035 -0.697822476143136 -0.6946848397183395
vn -0.17479937523698527 -0.6978968023906713 -0.6945395824786632
vn 0.12331006993881659 -0.5276922300739283 -0.8404377055863741
vn 0.12331006993881659 -0.5276922300739283 -0.8404377055863741
vn 0.12331006993881659 -0.5276922300739283 -0.8404377055863741
vn 0.09916041841957184 -0.5061872234905899 -0.8567039781591673
vn 0.09916041841957184 -0.5061872234905899 -0.8567039781591673
vn 0.09916041841957184 -0.5061872234905899 -0.8567039781591673
vn -0.29078215097421806 0.568830491094614 0.7693358259407053
vn -0.29078215097421806 0.568830491094614 0.7693358259407053
vn -0.29078215097421806 0.568830491094614 0.7693358259407053
vn 0.39310647065958426 0.7333286304438429 0.5547039052475861
vn 0.39310647065958426 0.7333286304438429 0.5547039052475861
vn 0.39310647065958426 0.7333286304438429 0.5547039052475861
vn 0.10108922126738619 0.9419246562652621 0.3202482025915546
vn 0.10108922126738619 0.9419246562652621 0.3202482025915546
vn 0.10108922126738619 0.9419246562652621 0.3202482025915546
vn 0.23352118900889285 0.2276511547839716 -0.9453268249708124
vn 0.23352118900889285 0.2276511547839716 -0.9453268249708124
vn 0.23352118900889285 0.2276511547839716 -0.9453268249708124
vn 0.3485469440958181 0.9251968895091147 0.15008578681582585
vn 0.3485469440958181 0.9251968895091147 0.15008578681582585
vn 0.3485469440958181 0.9251968895091147 0.15008578681582585
vn -0.7395693389718089 -0.181694097353091 0.6480929314842488
vn -0.7380860371387132 -0.18334683437969657 0.6493172876982515
vn -0.7366474413247672 -0.1849437673063535 0.6504970023944819
vn 0.5555455191388641 0.09311647835076595 -0.8262557095864943
vn 0.5610118942530187 0.09111506980374391 -0.8227780372380503
vn 0.5614315779137309 0.09096062051017473 -0.8225088138358775
vn 0.6598495444049383 0.7143434285266677 0.23304944726250984
vn 0.6598495444049383 0.7143434285266677 0.23304944726250984
vn 0.6598495444049383 0.7143434285266677 0.23304944726250984
vn -0.7581495127338699 0.02915012863539732 0.6514288804942067
vn -0.7581495127338699 0.02915012863539732 0.6514288804942067
vn -0.7581495127338699 0.02915012863539732 0.6514288804942067
vn -0.5784902072145484 -0.6201199662853445 -0.5299059421926989
vn -0.5760915716820261 -0.6201298337615481 -0.5325011646145081
vn -0.5822728367436266 -0.6200881362003713 -0.5257842208873137
vn -0.6390250405166487 -0.7572681182808833 0.13487770248646022
vn -0.6390250405166487 -0.7572681182808833 0.13487770248646022
vn -0.6390250405166487 -0.7572681182808833 0.13487770248646022
vn 0.05675199995870414 0.46054556459705354 0.8858199554258577
vn 0.05675199995870414 0.46054556459705354 0.8858199554258577
vn 0.05675199995870414 0.46054556459705354 0.8858199554258577
vn 0.7497750760285489 0.3278322580272305 -0.5747724297173198
vn 0.7497750760285489 0.3278322580272305 -0.5747724297173198
vn 0.7497750760285489 0.3278322580272305 -0.5747724297173198
vn -0.45182429969371585 -0.5857283276752212 -0.672887158716134
vn -0.45182429969371585 -0.5857283276752212 -0.672887158716134
vn -0.45182429969371585 -0.5857283276752212 -0.672887158716134
vn 0.5149683910461272 -0.07521207325228302 -0.8539032148085965
vn 0.5149683910461272 -0.07521207325228302 -0.8539032148085965
vn 0.5149683910461272 -0.07521207325228302 -0.8539032148085965
vn -0.6953627982305066 -0.09812958746523841 0.7119277792732503
vn -0.6953627982305066 -0.09812958746523841 0.7119277792732503
vn -0.6953627982305066 -0.09812958746523841 0.7119277792732503
vn -0.24097409513882811 0.6047415098969176 0.7590910299032781
vn -0.24097409513882811 0.6047415098969176 0.7590910299032781
vn -0.24097409513882811 0.6047415098969176 0.7590910299032781
vn -0.28004857268829364 -0.8600180650868949 -0.42654627493326314
vn -0.28004857268829364 -0.8600180650868949 -0.42654627493326314
vn -0.28004857268829364 -0.8600180650868949 -0.42654627493326314
vn -0.7520844342464756 -0.47395966949963997 0.4579642294458715
vn -0.7520844342464756 -0.47395966949963997 0.4579642294458715
vn -0.7520844342464756 -0.47395966949963997 0.4579642294458715
vn -0.06826364266707485 0.9894314821607444 -0.12792739033926395
vn -0.06826364266707485 0.9894314821607444 -0.12792739033926395
vn -0.06826364266707485 0.9894314821607444 -0.12792739033926395
vn -0.6043038288185991 -0.5896633466234523 -0.5358302157624293
vn -0.6042874563462418 -0.5896711731833135 -0.5358400672021488
vn -0.6042932099129924 -0.5896664370119561 -0.535838790602805
vn -0.6217228363473044 -0.591620129651258 -0.51327023774586
vn -0.6217300862915413 -0.5916171286523781 -0.5132649149172657
vn -0.6217294543543131 -0.591628893331029 -0.5132521194931297
vn 0.4563270276259693 0.8337912588558107 0.31073747845036376
vn 0.4563270276259693 0.8337912588558107 0.31073747845036376
vn 0.4563270276259693 0.8337912588558107 0.31073747845036376
vn -0.657922640533488 -0.6030172385929972 -0.4511186196923368
vn -0.657922640533488 -0.6030172385929972 -0.4511186196923368
vn -0.657922640533488 -0.6030172385929972 -0.4511186196923368
vn 0.3202148161147926 0.8282530075087373 0.4598471779768811
vn 0.3202148161147926 0.8282530075087373 0.4598471779768811
vn 0.3202148161147926 0.8282530075087373 0.4598471779768811
vn -0.6653573061041691 -0.6398291160862236 -0.3846015567078801
vn -0.6653573061041691 -0.6398291160862236 -0.3846015567078801
vn -0.6653573061041691 -0.6398291160862236 -0.3846015567078801
vn -0.6905080081577173 -0.612384203344343 -0.3849471108663842
vn -0.6905080081577173 -0.612384203344343 -0.3849471108663842
vn -0.6905080081577173 -0.612384203344343 -0.3849471108663842
vn -0.7288980938138947 -0.6844737969310796 0.014254478216407131
vn -0.7288980938138947 -0.6844737969310796 0.014254478216407131
vn -0.7288980938138947 -0.6844737969310796 0.014254478216407131
vn -0.791021382431828 -0.5701945484308921 0.22172809807358781
vn -0.791021382431828 -0.5701945484308921 0.22172809807358781
vn -0.791021382431828 -0.5701945484308921 0.22172809807358781
vn 0.3224736765191215 0.8257303434435552 0.46279598946925765
vn 0.3224736765191215 0.8257303434435552 0.46279598946925765
vn 0.3224736765191215 0.8257303434435552 0.46279598946925765
vn 0.041281087769727574 0.8543369128768288 0.5180775145561116
vn 0.041281087769727574 0.8543369128768288 0.5180775145561116
vn 0.041281087769727574 0.8543369128768288 0.5180775145561116
vn 0.22335511648047437 0.9088279069068801 0.3523412090137242
vn 0.22335511648047437 0.9088279069068801 0.3523412090137242
vn 0.22335511648047437 0.9088279069068801 0.3523412090137242
vn -0.6136153901084958 -0.597371480091025 -0.5163559506734252
vn -0.6136153901084958 -0.597371480091025 -0.5163559506734252
vn -0.6136153901084958 -0.597371480091025 -0.5163559506734252
vn -0.48090081153065745 -0.7346507302941768 -0.47856317654766095
vn -0.48090081153065745 -0.7346507302941768 -0.47856317654766095
vn -0.48090081153065745 -0.7346507302941768 -0.47856317654766095
vn -0.6378242933980396 -0.7419941720350282 -0.20645779088555738
vn -0.6378242933980396 -0.7419941720350282 -0.20645779088555738
vn -0.6378242933980396 -0.7419941720350282 -0.20645779088555738
vn 0.3758340832801659 0.8354827349044024 0.4008956741118783
vn 0.3758340832801659 0.8354827349044024 0.4008956741118783
vn 0.3758340832801659 0.8354827349044024 0.4008956741118783
vn 0.4039395033813999 0.9024933552630848 0.1494611030133502
vn 0.4039395033813999 0.9024933552630848 0.1494611030133502
vn 0.4039395033813999 0.9024933552630848 0.1494611030133502
vn 0.5545155399129007 0.8295007825260189 -0.06664058661076303
vn 0.5545155399129007 0.8295007825260189 -0.06664058661076303
vn 0.5545155399129007 0.8295007825260189 -0.06664058661076303
vn -0.6217273404666047 -0.5916167076034676 -0.5132687263030502
vn -0.6217294543543131 -0.591628893331029 -0.5132521194931297
vn -0.6217300409816153 -0.5916372290166355 -0.5132418001123021
vn -0.6429967286196807 -0.5528661281788623 -0.5299945766674432
vn -0.6429967286196807 -0.5528661281788623 -0.5299945766674432
vn -0.6429967286196807 -0.5528661281788623 -0.5299945766674432
vn -0.6308837132497276 -0.5754195285934884 -0.5204595147266339
vn -0.6308837132497276 -0.5754195285934884 -0.5204595147266339
vn -0.6308837132497276 -0.5754195285934884 -0.5204595147266339
vn -0.6043017392239518 -0.5896696613659617 -0.5358256231606127
vn -0.6042932099129924 -0.5896664370119561 -0.535838790602805
vn -0.604297546260168 -0.5896637985303679 -0.5358368037814109
vn -0.6448171098312263 -0.5077416603677566 -0.5713224144000459
vn -0.6448171098312263 -0.5077416603677566 -0.5713224144000459
vn -0.6448171098312263 -0.5077416603677566 -0.5713224144000459
vn -0.6369501729039909 -0.5250592970571192 -0.5644530200215603
vn -0.6369501729039909 -0.5250592970571192 -0.5644530200215603
vn -0.6369501729039909 -0.5250592970571192 -0.5644530200215603
vn -0.04031696534523351 0.9032158932510237 0.4272886524167318
vn -0.04031696534523351 0.9032158932510237 0.4272886524167318
vn -0.04031696534523351 0.9032158932510237 0.4272886524167318
vn -0.0891597704947155 0.9864775022028934 0.13752335428162749
vn -0.0891597704947155 0.9864775022028934 0.13752335428162749
vn -0.0891597704947155 0.9864775022028934 0.13752335428162749
vn -0.02137102893802721 0.999759238282858 -0.004974393451421265
vn -0.02137102893802721 0.999759238282858 -0.004974393451421265
vn -0.02137102893802721 0.999759238282858 -0.004974393451421265
vn -0.6635800479105569 -0.719317091598709 0.20553452690241034
vn -0.6635800479105569 -0.719317091598709 0.20553452690241034
vn -0.6635800479105569 -0.719317091598709 0.20553452690241034
vn -0.7895012077485063 -0.6111730564618828 -0.05617239552208849
vn -0.7890375532126396 -0.6118146485543883 -0.05570076691107115
vn -0.7897148914446998 -0.610876881815269 -0.056389941426996285
vn -0.7366474413247672 -0.1849437673063535 0.6504970023944819
vn -0.7380860371387132 -0.18334683437969657 0.6493172876982515
vn -0.7364619287016857 -0.18514914421688392 0.6506486163581298
vn 0.640193626602732 0.10323305456592351 -0.7612457270173874
vn 0.640193626602732 0.10323305456592351 -0.7612457270173874
vn 0.640193626602732 0.10323305456592351 -0.7612457270173874
vn 0.16834895525155108 0.17659737984083432 -0.9697793536155859
vn 0.16834895525155108 0.17659737984083432 -0.9697793536155859
vn 0.16834895525155108 0.17659737984083432 -0.9697793536155859
vn 0.24914653121437355 -0.16762060244540283 -0.9538497468782415
vn 0.24914653121437355 -0.16762060244540283 -0.9538497468782415
vn 0.24914653121437355 -0.16762060244540283 -0.9538497468782415
vn -0.7572708989019825 -0.20758969655153187 0.6192312197893662
vn -0.7564937360417919 -0.20735812205931686 0.6202578790677028
vn -0.7530882915183867 -0.20634460593995416 0.6247238820290146
vn -0.8369151727234374 -0.19231414875392938 0.5124336658089029
vn -0.8369151727234374 -0.19231414875392938 0.5124336658089029
vn -0.8369151727234374 -0.19231414875392938 0.5124336658089029
vn -0.8305352665495832 0.1530397464737283 0.5355277836085349
vn -0.8327108369658571 0.15324892858091 0.5320784038921564
vn -0.8322203237953196 0.15320183222142164 0.5328588286460237
vn -0.6190013876702368 -0.02148407010981062 0.7850959920887624
vn -0.6190013876702368 -0.02148407010981062 0.7850959920887624
vn -0.6190013876702368 -0.02148407010981062 0.7850959920887624
vn -0.7923881432605746 0.13586161324800206 0.5946954283208418
vn -0.7923881432605746 0.13586161324800206 0.5946954283208418
vn -0.7923881432605746 0.13586161324800206 0.5946954283208418
vn -0.7308635024871482 -0.20505730377973524 0.6509915843532876
vn -0.7301730479960519 -0.20490666941031835 0.651813299044539
vn -0.7272842919218979 -0.20427643437591947 0.6552317888215774
vn 0.754139784036802 0.2872091773242643 -0.5905794396976963
vn 0.7535604234650165 0.2832443044223302 -0.5932279091542605
vn 0.7537723992401797 0.2846824536267913 -0.5922694241143409
vn 0.6423303013473622 0.3062788354936695 -0.7025703230991531
vn 0.6423303013473622 0.3062788354936695 -0.7025703230991531
vn 0.6423303013473622 0.3062788354936695 -0.7025703230991531
vn 0.007068856283073658 -0.47311044057362384 -0.8809747682488306
vn 0.007068856283073658 -0.47311044057362384 -0.8809747682488306
vn 0.007068856283073658 -0.47311044057362384 -0.8809747682488306
vn -0.4721448684870521 -0.5770197958099946 -0.6664288247102883
vn -0.4721448684870521 -0.5770197958099946 -0.6664288247102883
vn -0.4721448684870521 -0.5770197958099946 -0.6664288247102883
vn -0.6172286290214923 -0.5583323563802254 -0.5543408692629057
vn -0.6172286290214923 -0.5583323563802254 -0.5543408692629057
vn -0.6172286290214923 -0.5583323563802254 -0.5543408692629057
vn -0.5792070895639043 -0.5915573235162618 -0.5608734976741084
vn -0.5792070895639043 -0.5915573235162618 -0.5608734976741084
vn -0.5792070895639043 -0.5915573235162618 -0.5608734976741084
vn 0.8078392177959592 0.41014286091854557 -0.4232949702374966
vn 0.8078392177959592 0.41014286091854557 -0.4232949702374966
vn 0.8078392177959592 0.41014286091854557 -0.4232949702374966
vn 0.5539099507321618 0.7311656930241117 -0.3982216666938959
vn 0.5539099507321618 0.7311656930241117 -0.3982216666938959
vn 0.5539099507321618 0.7311656930241117 -0.3982216666938959
vn 0.40556178237760027 0.14263555859617813 -0.9028702775585539
vn 0.40556178237760027 0.14263555859617813 -0.9028702775585539
vn 0.40556178237760027 0.14263555859617813 -0.9028702775585539
vn -0.8720994443585731 -0.19555185545762463 0.4485554937536139
vn -0.8720994443585731 -0.19555185545762463 0.4485554937536139
vn -0.8720994443585731 -0.19555185545762463 0.4485554937536139
vn -0.8265136411154219 0.06758231777145199 0.5588450870990692
vn -0.8265136411154219 0.06758231777145199 0.5588450870990692
vn -0.8265136411154219 0.06758231777145199 0.5588450870990692
vn -0.01654811564951663 0.36945301283298604 0.9291020563840551
vn -0.01654811564951663 0.36945301283298604 0.9291020563840551
vn -0.01654811564951663 0.36945301283298604 0.9291020563840551
vn -0.6090852053684976 -0.7671279022878343 0.20132062520437785
vn -0.6090852053684976 -0.7671279022878343 0.20132062520437785
vn -0.6090852053684976 -0.7671279022878343 0.20132062520437785
vn 0.047419573584380224 -0.9988280407881955 0.009691696254547069
vn 0.047419573584380224 -0.9988280407881955 0.009691696254547069
vn 0.047419573584380224 -0.9988280407881955 0.009691696254547069
vn -0.7431128646378965 -0.6429577793819173 -0.1854415388793279
vn -0.7431128646378965 -0.6429577793819173 -0.1854415388793279
vn -0.7431128646378965 -0.6429577793819173 -0.1854415388793279
vn -0.5057015838038077 -0.6078028271517883 -0.6122431146567624
vn -0.5057015838038077 -0.6078028271517883 -0.6122431146567624
vn -0.5057015838038077 -0.6078028271517883 -0.6122431146567624
vn -0.578144585088065 -0.5861847477453552 -0.567570506848324
vn -0.578144585088065 -0.5861847477453552 -0.567570506848324
vn -0.578144585088065 -0.5861847477453552 -0.567570506848324
vn -0.6023123997905562 -0.5876204193808052 -0.5402980804937841
vn -0.6039877387755738 -0.5874509354659617 -0.5386095151674689
vn -0.599429831971413 -0.5879044089922824 -0.5431871523058689
vn -0.7546602945904252 0.10303664145479197 0.6479747605319283
vn -0.7546602945904252 0.10303664145479197 0.6479747605319283
vn -0.7546602945904252 0.10303664145479197 0.6479747605319283
vn -0.7727872499011831 -0.45586574465699686 0.44157251866311614
vn -0.7727872499011831 -0.45586574465699686 0.44157251866311614
vn -0.7727872499011831 -0.45586574465699686 0.44157251866311614
vn -0.5742386045799163 0.11471883872620475 0.8106106420788107
vn -0.5742386045799163 0.11471883872620475 0.8106106420788107
vn -0.5742386045799163 0.11471883872620475 0.8106106420788107
vn 0.6556441346154499 0.7176800925802298 0.23466157218085465
vn 0.6572358744043706 0.7170318891514775 0.23217724982389154
vn 0.6531673855821083 0.7186705467273744 0.23850578961192978
vn 0.6225643230427291 0.7466934791833251 0.23422747878814223
vn 0.6225643230427291 0.7466934791833251 0.23422747878814223
vn 0.6225643230427291 0.7466934791833251 0.23422747878814223
vn 0.6128934602092153 0.7673183962223089 0.18863744392775955
vn 0.6128934602092153 0.7673183962223089 0.18863744392775955
vn 0.6128934602092153 0.7673183962223089 0.18863744392775955
vn 0.739010990278363 0.46160147578471816 -0.49070035031693593
vn 0.739010990278363 0.46160147578471816 -0.49070035031693593
vn 0.739010990278363 0.46160147578471816 -0.49070035031693593
vn 0.6582078435740776 0.21359630407010952 -0.7218996145899732
vn 0.6582078435740776 0.21359630407010952 -0.7218996145899732
vn 0.6582078435740776 0.21359630407010952 -0.7218996145899732
vn 0.5555045634929909 -0.06947284318309056 -0.8286061814870315
vn 0.5555045634929909 -0.06947284318309056 -0.8286061814870315
vn 0.5555045634929909 -0.06947284318309056 -0.8286061814870315
vn -0.7882818750276646 -0.6128572447705527 -0.054933441864826155
vn -0.7890375532126396 -0.6118146485543883 -0.05570076691107115
vn -0.7895012077485063 -0.6111730564618828 -0.05617239552208849
vn -0.5535388136949799 -0.7237613464769616 -0.4120246292140924
vn -0.5535388136949799 -0.7237613464769616 -0.4120246292140924
vn -0.5535388136949799 -0.7237613464769616 -0.4120246292140924
vn -0.8328414264693834 -0.40989474892383626 0.3719696938745253
vn -0.8328414264693834 -0.40989474892383626 0.3719696938745253
vn -0.8328414264693834 -0.40989474892383626 0.3719696938745253
vn 0.5196368713915852 0.8531271175877511 -0.04638580738523984
vn 0.5196368713915852 0.8531271175877511 -0.04638580738523984
vn 0.5196368713915852 0.8531271175877511 -0.04638580738523984
vn 0.6535723197901655 0.6065114271442892 0.4527550237683721
vn 0.6535723197901655 0.6065114271442892 0.4527550237683721
vn 0.6535723197901655 0.6065114271442892 0.4527550237683721
vn 0.563385176022577 0.6387682672386651 0.5239964162157249
vn 0.563385176022577 0.6387682672386651 0.5239964162157249
vn 0.563385176022577 0.6387682672386651 0.5239964162157249
vn 0.5216336061399984 0.6017149675582725 -0.6048450039156544
vn 0.5216336061399984 0.6017149675582725 -0.6048450039156544
vn 0.5216336061399984 0.6017149675582725 -0.6048450039156544
vn 0.9041191985966934 0.2732968704588532 -0.32844679223014156
vn 0.9041191985966934 0.2732968704588532 -0.32844679223014156
vn 0.9041191985966934 0.2732968704588532 -0.32844679223014156
vn 0.8136591767831147 0.06382874558614339 -0.5778275134272541
vn 0.8136591767831147 0.06382874558614339 -0.5778275134272541
vn 0.8136591767831147 0.06382874558614339 -0.5778275134272541
vn 0.10538041557849095 0.8456390729383777 0.5232490098723797
vn 0.10538041557849095 0.8456390729383777 0.5232490098723797
vn 0.10538041557849095 0.8456390729383777 0.5232490098723797
vn -0.5211700827926584 0.8441624299937676 0.12558477849210467
vn -0.5211700827926584 0.8441624299937676 0.12558477849210467
vn -0.5211700827926584 0.8441624299937676 0.12558477849210467
vn -0.47211655387027 0.7116857930033128 0.5202012029964042
vn -0.47211655387027 0.7116857930033128 0.5202012029964042
vn -0.47211655387027 0.7116857930033128 0.5202012029964042
vn 0.2571860857585073 0.7295042734816639 0.6337813757631311
vn 0.2571860857585073 0.7295042734816639 0.6337813757631311
vn 0.2571860857585073 0.7295042734816639 0.6337813757631311
vn 0.22392796022468725 0.9597744087923638 -0.16937931649667023
vn 0.22392796022468725 0.9597744087923638 -0.16937931649667023
vn 0.22392796022468725 0.9597744087923638 -0.16937931649667023
vn 0.48175023441321096 0.7973772521044661 0.36346420658594025
vn 0.4905188894222635 0.7901697026925038 0.3674548408536615
vn 0.4826386878556947 0.796654940913808 0.36386921016012125
vn -0.721078996486358 -0.28164784907344304 0.6330241464103324
vn -0.721078996486358 -0.28164784907344304 0.6330241464103324
vn -0.721078996486358 -0.28164784907344304 0.6330241464103324
vn -0.6236383743514521 -0.19655167110544278 0.7565993778889433
vn -0.6236383743514521 -0.19655167110544278 0.7565993778889433
vn -0.6236383743514521 -0.19655167110544278 0.7565993778889433
vn -0.39723077894678105 0.12219891016470259 0.9095466643399297
vn -0.39691146119394094 0.12209733905427993 0.909699693178334
vn -0.39523007354749373 0.12156186588989963 0.9105031036328262
vn 0.2445421822222083 -0.2878740158851654 -0.9259199058731526
vn 0.2445421822222083 -0.2878740158851654 -0.9259199058731526
vn 0.2445421822222083 -0.2878740158851654 -0.9259199058731526
vn -0.17386549156603565 -0.6976491526586871 -0.6950226259893391
vn -0.17355192431520822 -0.6975658767428541 -0.6951845633862
vn -0.17451866735386035 -0.697822476143136 -0.6946848397183395
vn -0.3401906469360386 -0.6557520493534977 -0.6739878140633755
vn -0.3401906469360386 -0.6557520493534977 -0.6739878140633755
vn -0.3401906469360386 -0.6557520493534977 -0.6739878140633755
vn -0.48313481315736395 -0.7679355940934026 -0.4205421211244027
vn -0.4826323452739318 -0.7684981415179168 -0.42009121126118765
vn -0.4819808848779689 -0.7687333828874732 -0.4204086257995091
vn 0.09040500194470406 0.7936377883868743 0.6016360997046045
vn 0.09040500194470406 0.7936377883868743 0.6016360997046045
vn 0.09040500194470406 0.7936377883868743 0.6016360997046045
vn -0.3611089224739631 -0.7674006353837711 -0.5298080887663736
vn -0.3611089224739631 -0.7674006353837711 -0.5298080887663736
vn -0.3611089224739631 -0.7674006353837711 -0.5298080887663736
vn -0.1318933794122566 -0.9876908046312867 -0.08408930320805437
vn -0.1318933794122566 -0.9876908046312867 -0.08408930320805437
vn -0.1318933794122566 -0.9876908046312867 -0.08408930320805437
vn -0.1318933794122566 -0.9876908046312867 -0.08408930320805437
vn -0.1318933794122566 -0.9876908046312867 -0.08408930320805437
vn -0.1318933794122566 -0.9876908046312867 -0.08408930320805437
vn -0.1318933794122566 -0.9876908046312867 -0.08408930320805437
vn -0.1318933794122566 -0.9876908046312867 -0.08408930320805437
vn -0.1318933794122566 -0.9876908046312867 -0.08408930320805437
vn 0.21228853336537737 0.26861387677701404 -0.9395638157168463
vn 0.21228853336537737 0.26861387677701404 -0.9395638157168463
vn 0.21228853336537737 0.26861387677701404 -0.9395638157168463
vn 0.21228853336537737 0.26861387677701404 -0.9395638157168463
vn 0.21228853336537737 0.26861387677701404 -0.9395638157168463
vn 0.21228853336537737 0.26861387677701404 -0.9395638157168463
vn 0.21228853336537737 0.26861387677701404 -0.9395638157168463
vn 0.21228853336537737 0.26861387677701404 -0.9395638157168463
vn 0.21228853336537737 0.26861387677701404 -0.9395638157168463
vn 0.6076171279580656 -0.1382080371701133 -0.7821125010339476
vn 0.6076171279580656 -0.1382080371701133 -0.7821125010339476
vn 0.6076171279580656 -0.1382080371701133 -0.7821125010339476
vn -0.8473012089109254 0.13992774285772908 0.5123484050495577
vn -0.8473012089109254 0.13992774285772908 0.5123484050495577
vn -0.8473012089109254 0.13992774285772908 0.5123484050495577
vn -0.5239589781797934 -0.6783107725369935 -0.5151324927094525
vn -0.5239589781797934 -0.6783107725369935 -0.5151324927094525
vn -0.5239589781797934 -0.6783107725369935 -0.5151324927094525
vn -0.7730446434073777 0.1835413217704636 0.6072187105993287
vn -0.7730446434073777 0.1835413217704636 0.6072187105993287
vn -0.7730446434073777 0.1835413217704636 0.6072187105993287
vn 0.7638791797629302 0.1678763208403952 -0.6231421504165852
vn 0.7638791797629302 0.1678763208403952 -0.6231421504165852
vn 0.7638791797629302 0.1678763208403952 -0.6231421504165852
vn 0.6431086637197062 0.6317750302678831 0.4327488391419082
vn 0.6431086637197062 0.6317750302678831 0.4327488391419082
vn 0.6431086637197062 0.6317750302678831 0.4327488391419082
vn -0.6916407317190872 -0.6381771492144385 -0.3381760258321368
vn -0.6916407317190872 -0.6381771492144385 -0.3381760258321368
vn -0.6916407317190872 -0.6381771492144385 -0.3381760258321368
vn 0.8852349390927893 0.2232369679269073 -0.408073962364896
vn 0.8852349390927893 0.2232369679269073 -0.408073962364896
vn 0.8852349390927893 0.2232369679269073 -0.408073962364896
vn -0.5412939889312869 -0.6871087874647179 -0.48464660499751866
vn -0.5408134449051037 -0.6862648907406164 -0.486375695883999
vn -0.5377175846163825 -0.6875015149118463 -0.48805887573963863
vn 0.20924622168344237 0.8375605710217893 0.5046863467351361
vn 0.20924622168344237 0.8375605710217893 0.5046863467351361
vn 0.20924622168344237 0.8375605710217893 0.5046863467351361
vn -0.46141723411367197 0.5287898284611636 -0.7123731138798698
vn -0.46141723411367197 0.5287898284611636 -0.7123731138798698
vn -0.46141723411367197 0.5287898284611636 -0.7123731138798698
vn -0.6295431599002973 0.34424313090372227 -0.6965429467364891
vn -0.6295431599002973 0.34424313090372227 -0.6965429467364891
vn -0.6295431599002973 0.34424313090372227 -0.6965429467364891
vn -0.6374933612739634 0.5256927199692594 -0.5632489489585807
vn -0.6374933612739634 0.5256927199692594 -0.5632489489585807
vn -0.6374933612739634 0.5256927199692594 -0.5632489489585807
vn -0.5301660451074869 -0.6790797539902929 -0.5077151291182581
vn -0.5312505516029071 -0.6766944359159808 -0.5097621914402434
vn -0.5301748579762529 -0.6790604906528708 -0.507731690959056
vn -0.8988156952878045 -0.2061933402673242 0.38680053300597206
vn -0.8988156952878045 -0.2061933402673242 0.38680053300597206
vn -0.8988156952878045 -0.2061933402673242 0.38680053300597206
vn 0.45440158681076004 0.7004312048190043 0.5503774388723264
vn 0.45440158681076004 0.7004312048190043 0.5503774388723264
vn 0.45440158681076004 0.7004312048190043 0.5503774388723264
vn -0.8088645176665309 0.21502483925058358 0.5472682254300455
vn -0.8088645176665309 0.21502483925058358 0.5472682254300455
vn -0.8088645176665309 0.21502483925058358 0.5472682254300455
vn -0.9415525571080767 0.009180807205178235 0.33674099094452886
vn -0.9415525571080767 0.009180807205178235 0.33674099094452886
vn -0.9415525571080767 0.009180807205178235 0.33674099094452886
vn -0.40504199786008355 -0.6799748430840946 -0.6112079783038445
vn -0.40504199786008355 -0.6799748430840946 -0.6112079783038445
vn -0.40504199786008355 -0.6799748430840946 -0.6112079783038445
vn -0.32625764951329633 -0.7161947973152158 -0.6169448585025049
vn -0.32625764951329633 -0.7161947973152158 -0.6169448585025049
vn -0.32625764951329633 -0.7161947973152158 -0.6169448585025049
vn -0.4429962741146544 -0.7032462240754466 -0.5560566962497265
vn -0.4429962741146544 -0.7032462240754466 -0.5560566962497265
vn -0.4429962741146544 -0.7032462240754466 -0.5560566962497265
vn -0.6626199252705959 0.33096682845670716 -0.6718599505073202
vn -0.6626199252705959 0.33096682845670716 -0.6718599505073202
vn -0.6626199252705959 0.33096682845670716 -0.6718599505073202
vn -0.5829158207233119 0.5313739768424182 -0.6146957317934957
vn -0.5829158207233119 0.5313739768424182 -0.6146957317934957
vn -0.5829158207233119 0.5313739768424182 -0.6146957317934957
vn -0.6057574347070686 0.524874904617322 -0.5979667756657295
vn -0.6057574347070686 0.524874904617322 -0.5979667756657295
vn -0.6057574347070686 0.524874904617322 -0.5979667756657295
vn -0.5828571935127608 0.3493512877407492 -0.733642399077581
vn -0.5828571935127608 0.3493512877407492 -0.733642399077581
vn -0.5828571935127608 0.3493512877407492 -0.733642399077581
vn -0.6036460758925251 0.3501175231831263 -0.7162605217514567
vn -0.6036460758925251 0.3501175231831263 -0.7162605217514567
vn -0.6036460758925251 0.3501175231831263 -0.7162605217514567
vn -0.5425556899341124 0.5527278943715078 -0.6325545020816457
vn -0.5425556899341124 0.5527278943715078 -0.6325545020816457
vn -0.5425556899341124 0.5527278943715078 -0.6325545020816457
vn -0.5340068240048289 0.32702250873258865 -0.7796749262984669
vn -0.5340068240048289 0.32702250873258865 -0.7796749262984669
vn -0.5340068240048289 0.32702250873258865 -0.7796749262984669
vn -0.5058186546833571 0.33514074756700146 -0.794876196583185
vn -0.5058186546833571 0.33514074756700146 -0.794876196583185
vn -0.5058186546833571 0.33514074756700146 -0.794876196583185
vn -0.45111075938115464 0.33052085900144756 -0.8290084707260253
vn -0.45111075938115464 0.33052085900144756 -0.8290084707260253
vn -0.45111075938115464 0.33052085900144756 -0.8290084707260253
vn -0.027803109966442856 0.745460201727474 0.6659700253890016
vn -0.027803109966442856 0.745460201727474 0.6659700253890016
vn -0.027803109966442856 0.745460201727474 0.6659700253890016
vn -0.024860140932909988 0.6930564305445217 0.7204545492074308
vn -0.024860140932909988 0.6930564305445217 0.7204545492074308
vn -0.024860140932909988 0.6930564305445217 0.7204545492074308
vn 0.21021190964953795 0.763681357055153 0.6104111220545496
vn 0.21021190964953795 0.763681357055153 0.6104111220545496
vn 0.21021190964953795 0.763681357055153 0.6104111220545496
vn -0.5786935724644855 -0.6797453347306022 -0.4506218249267038
vn -0.5786935724644855 -0.6797453347306022 -0.4506218249267038
vn -0.5786935724644855 -0.6797453347306022 -0.4506218249267038
vn -0.6605021036056672 -0.6409952351878964 -0.3909758043650551
vn -0.6605021036056672 -0.6409952351878964 -0.3909758043650551
vn -0.6605021036056672 -0.6409952351878964 -0.3909758043650551
vn -0.5752532963178945 -0.6573677128569003 -0.48677647351601155
vn -0.5752532963178945 -0.6573677128569003 -0.48677647351601155
vn -0.5752532963178945 -0.6573677128569003 -0.48677647351601155
vn 0.900415497314143 0.21193458315063426 -0.37991533880759737
vn 0.900415497314143 0.21193458315063426 -0.37991533880759737
vn 0.900415497314143 0.21193458315063426 -0.37991533880759737
vn 0.8899127908223508 0.43098987021568924 -0.14934174400427405
vn 0.8899127908223508 0.43098987021568924 -0.14934174400427405
vn 0.8899127908223508 0.43098987021568924 -0.14934174400427405
vn 0.8801610553876518 -0.027648965995501474 -0.4738692343445336
vn 0.8801610553876518 -0.027648965995501474 -0.4738692343445336
vn 0.8801610553876518 -0.027648965995501474 -0.4738692343445336
vn -0.6212608423185512 -0.6615361281777281 -0.4200058534321455
vn -0.6212608423185512 -0.6615361281777281 -0.4200058534321455
vn -0.6212608423185512 -0.6615361281777281 -0.4200058534321455
vn -0.5408134449051037 -0.6862648907406164 -0.486375695883999
vn -0.5408714419391885 -0.6781964523757962 -0.49750141233920897
vn -0.538613810186305 -0.6828899768430357 -0.49351437973366996
vn -0.6041089934934102 -0.6546109509204939 -0.454463229442543
vn -0.6041089934934102 -0.6546109509204939 -0.454463229442543
vn -0.6041089934934102 -0.6546109509204939 -0.454463229442543
vn 0.7042965925399387 0.6136125343462812 0.35699575267748723
vn 0.7042965925399387 0.6136125343462812 0.35699575267748723
vn 0.7042965925399387 0.6136125343462812 0.35699575267748723
vn 0.46151112338798733 0.8474285815050409 0.26243529152442957
vn 0.46151112338798733 0.8474285815050409 0.26243529152442957
vn 0.46151112338798733 0.8474285815050409 0.26243529152442957
vn 0.4946161459816223 0.8383291654607837 0.22925766829511343
vn 0.499748716184623 0.8338913859448078 0.23425707485339387
vn 0.4993892905040407 0.8342050689926979 0.233906475747806
vn 0.8776802664629197 0.37272976937537605 -0.3012471890042415
vn 0.8776802664629197 0.37272976937537605 -0.3012471890042415
vn 0.8776802664629197 0.37272976937537605 -0.3012471890042415
vn 0.810319268787357 0.47155226962033386 -0.3478809273987794
vn 0.8108375115693549 0.47134861909231446 -0.34694813605463354
vn 0.816296634474645 0.4691468211400228 -0.3369882264405976
vn 0.8281234969408878 0.08000945821628437 -0.5548062368163609
vn 0.8281234969408878 0.08000945821628437 -0.5548062368163609
vn 0.8281234969408878 0.08000945821628437 -0.5548062368163609
vn -0.9303990058433779 -0.3538029355562478 0.09581843620846421
vn -0.9303990058433779 -0.3538029355562478 0.09581843620846421
vn -0.9303990058433779 -0.3538029355562478 0.09581843620846421
vn -0.9253876674115047 -0.13543400169505412 0.3539990059132347
vn -0.9253876674115047 -0.13543400169505412 0.3539990059132347
vn -0.9253876674115047 -0.13543400169505412 0.3539990059132347
vn -0.6704747738043784 0.11242690812121996 0.7333646896478386
vn -0.6704747738043784 0.11242690812121996 0.7333646896478386
vn -0.6704747738043784 0.11242690812121996 0.7333646896478386
vn -0.39798702893368343 -0.6583921609771661 -0.6388474678390428
vn -0.39798702893368343 -0.6583921609771661 -0.6388474678390428
vn -0.39798702893368343 -0.6583921609771661 -0.6388474678390428
vn -0.2323268875437013 -0.6096265554048806 -0.7578784073117776
vn -0.2323268875437013 -0.6096265554048806 -0.7578784073117776
vn -0.2323268875437013 -0.6096265554048806 -0.7578784073117776
vn -0.5490193330892593 -0.6460283028022147 -0.5303067073616128
vn -0.5490193330892593 -0.6460283028022147 -0.5303067073616128
vn -0.5490193330892593 -0.6460283028022147 -0.5303067073616128
vn -0.9098714848918906 -0.34260141991987186 0.23400458980437405
vn -0.9098714848918906 -0.34260141991987186 0.23400458980437405
vn -0.9098714848918906 -0.34260141991987186 0.23400458980437405
vn -0.8814818529833416 -0.4265610672765883 0.20257195942408338
vn -0.8814818529833416 -0.4265610672765883 0.20257195942408338
vn -0.8814818529833416 -0.4265610672765883 0.20257195942408338
vn -0.8092049213057955 0.059902091578634464 0.5844648276491806
vn -0.8092049213057955 0.059902091578634464 0.5844648276491806
vn -0.8092049213057955 0.059902091578634464 0.5844648276491806
vn 0.8343250170500215 0.35299640019486594 -0.4234327660608557
vn 0.8343250170500215 0.35299640019486594 -0.4234327660608557
vn 0.8343250170500215 0.35299640019486594 -0.4234327660608557
vn 0.8323670111820337 0.31971706840646674 -0.4527097909980109
vn 0.8323670111820337 0.31971706840646674 -0.4527097909980109
vn 0.8323670111820337 0.31971706840646674 -0.4527097909980109
vn 0.7853468573904225 0.24179286656517232 -0.5698829031171089
vn 0.7853468573904225 0.24179286656517232 -0.5698829031171089
vn 0.7853468573904225 0.24179286656517232 -0.5698829031171089
vn -0.49033661420425223 -0.7665097000719063 -0.41476847091646984
vn -0.4889828018428832 -0.7667989297350669 -0.41583075987598545
vn -0.48313481315736395 -0.7679355940934026 -0.4205421211244027
vn -0.23942786455961698 -0.799043566466876 -0.5515466222907333
vn -0.23942786455961698 -0.799043566466876 -0.5515466222907333
vn -0.23942786455961698 -0.799043566466876 -0.5515466222907333
vn -0.2559418428419046 -0.7599494977594637 -0.5974701113343063
vn -0.2559418428419046 -0.7599494977594637 -0.5974701113343063
vn -0.2559418428419046 -0.7599494977594637 -0.5974701113343063
vn 0.08529710064492473 0.842488975526983 0.5319179736924333
vn 0.08529710064492473 0.842488975526983 0.5319179736924333
vn 0.08529710064492473 0.842488975526983 0.5319179736924333
vn 0.11564876550665736 0.9211958986356367 0.3715151132506832
vn 0.11564876550665736 0.9211958986356367 0.3715151132506832
vn 0.11564876550665736 0.9211958986356367 0.3715151132506832
vn 0.16769552499325208 0.9159377957955356 0.36460412111007917
vn 0.16769552499325208 0.9159377957955356 0.36460412111007917
vn 0.16769552499325208 0.9159377957955356 0.36460412111007917
vn -0.16925755384388835 -0.7510172679457411 -0.6382201373461182
vn -0.17037855035021152 -0.7512031616779541 -0.6377028771031272
vn -0.16888024925504616 -0.7545857653170964 -0.634097614088214
vn -0.4753784863671336 -0.712671964245881 -0.5158623518703517
vn -0.4753784863671336 -0.712671964245881 -0.5158623518703517
vn -0.4753784863671336 -0.712671964245881 -0.5158623518703517
vn -0.5463631573306157 -0.7537631744771541 -0.3651415850240071
vn -0.5463631573306157 -0.7537631744771541 -0.3651415850240071
vn -0.5463631573306157 -0.7537631744771541 -0.3651415850240071
vn -0.48313481315736395 -0.7679355940934026 -0.4205421211244027
vn -0.4889828018428832 -0.7667989297350669 -0.41583075987598545
vn -0.4826323452739318 -0.7684981415179168 -0.42009121126118765
vn 0.16064191952569534 0.8335402664402916 0.5285875499042213
vn 0.16064191952569534 0.8335402664402916 0.5285875499042213
vn 0.16064191952569534 0.8335402664402916 0.5285875499042213
vn -0.5518242699919809 -0.7102808450529798 -0.4370252809605437
vn -0.5518242699919809 -0.7102808450529798 -0.4370252809605437
vn -0.5518242699919809 -0.7102808450529798 -0.4370252809605437
vn 0.7646200585728836 0.2380363986369758 -0.598911378212118
vn 0.7646200585728836 0.2380363986369758 -0.598911378212118
vn 0.7646200585728836 0.2380363986369758 -0.598911378212118
vn -0.8752748466452499 -0.0594245202280678 0.4799611122016015
vn -0.8752748466452499 -0.0594245202280678 0.4799611122016015
vn -0.8752748466452499 -0.0594245202280678 0.4799611122016015
vn -0.45279866215665515 -0.6831564608210015 -0.5729490567124329
vn -0.45279866215665515 -0.6831564608210015 -0.5729490567124329
vn -0.45279866215665515 -0.6831564608210015 -0.5729490567124329
vn -0.7517418055550051 0.036225089898666005 0.6584618444851107
vn -0.7517418055550051 0.036225089898666005 0.6584618444851107
vn -0.7517418055550051 0.036225089898666005 0.6584618444851107
vn 0.793065128355678 0.08626626268006773 -0.6029973748777068
vn 0.793065128355678 0.08626626268006773 -0.6029973748777068
vn 0.793065128355678 0.08626626268006773 -0.6029973748777068
vn 0.5928097485767619 0.6411269037213638 0.4873734659550246
vn 0.5928097485767619 0.6411269037213638 0.4873734659550246
vn 0.5928097485767619 0.6411269037213638 0.4873734659550246
vn -0.4528338344201103 -0.7005707376085961 -0.5514908521552536
vn -0.4528338344201103 -0.7005707376085961 -0.5514908521552536
vn -0.4528338344201103 -0.7005707376085961 -0.5514908521552536
vn 0.5987737351825566 -0.22622313855434656 -0.7683053466156216
vn 0.5987737351825566 -0.22622313855434656 -0.7683053466156216
vn 0.5987737351825566 -0.22622313855434656 -0.7683053466156216
vn -0.5938960492585958 -0.6754637679959475 -0.4370768591446451
vn -0.5938960492585958 -0.6754637679959475 -0.4370768591446451
vn -0.5938960492585958 -0.6754637679959475 -0.4370768591446451
vn 0.4942778097579773 0.8386186217438661 0.228928491117369
vn 0.4946161459816223 0.8383291654607837 0.22925766829511343
vn 0.4993892905040407 0.8342050689926979 0.233906475747806
vn -0.3828453637653167 -0.6859392789025055 -0.6188026608718754
vn -0.3828453637653167 -0.6859392789025055 -0.6188026608718754
vn -0.3828453637653167 -0.6859392789025055 -0.6188026608718754
vn -0.8110833938706318 0.01316718627060351 0.5847823128250484
vn -0.8110833938706318 0.01316718627060351 0.5847823128250484
vn -0.8110833938706318 0.01316718627060351 0.5847823128250484
vn -0.7711537964641229 0.03157483296805892 0.6358654355459256
vn -0.7711537964641229 0.03157483296805892 0.6358654355459256
vn -0.7711537964641229 0.03157483296805892 0.6358654355459256
vn 0.2627026730258037 0.7981367974856136 0.5421853539929924
vn 0.2627026730258037 0.7981367974856136 0.5421853539929924
vn 0.2627026730258037 0.7981367974856136 0.5421853539929924
vn -0.9449416115847759 -0.1870939089114544 0.2684794590723826
vn -0.9449416115847759 -0.1870939089114544 0.2684794590723826
vn -0.9449416115847759 -0.1870939089114544 0.2684794590723826
vn -0.3395936698985252 -0.6770165258580925 -0.6529354968753732
vn -0.3395936698985252 -0.6770165258580925 -0.6529354968753732
vn -0.3395936698985252 -0.6770165258580925 -0.6529354968753732
vn -0.3926681745002221 -0.7096425414834314 -0.5849950154074814
vn -0.3926681745002221 -0.7096425414834314 -0.5849950154074814
vn -0.3926681745002221 -0.7096425414834314 -0.5849950154074814
vn -0.5290818303791491 -0.681444202382214 -0.5056740212847772
vn -0.5301660451074869 -0.6790797539902929 -0.5077151291182581
vn -0.5301748579762529 -0.6790604906528708 -0.507731690959056
vn 0.4942775172276498 0.8200281304983812 0.2885196720409204
vn 0.4942775172276498 0.8200281304983812 0.2885196720409204
vn 0.4942775172276498 0.8200281304983812 0.2885196720409204
vn 0.004714302451046357 0.7083254712034049 0.7058702445895241
vn 0.004714302451046357 0.7083254712034049 0.7058702445895241
vn 0.004714302451046357 0.7083254712034049 0.7058702445895241
vn 0.25588237911706996 0.7802782292554385 0.5706926432041904
vn 0.25588237911706996 0.7802782292554385 0.5706926432041904
vn 0.25588237911706996 0.7802782292554385 0.5706926432041904
vn -0.5377175846163825 -0.6875015149118463 -0.48805887573963863
vn -0.5408134449051037 -0.6862648907406164 -0.486375695883999
vn -0.538613810186305 -0.6828899768430357 -0.49351437973366996
vn -0.5889717498890797 -0.656818782294386 -0.4708517442443168
vn -0.5889717498890797 -0.656818782294386 -0.4708517442443168
vn -0.5889717498890797 -0.656818782294386 -0.4708517442443168
vn -0.5534173356133885 -0.6599784255474384 -0.5080922460090318
vn -0.5534173356133885 -0.6599784255474384 -0.5080922460090318
vn -0.5534173356133885 -0.6599784255474384 -0.5080922460090318
vn 0.8974455035294693 0.4265416694577216 -0.11248898795418615
vn 0.8974455035294693 0.4265416694577216 -0.11248898795418615
vn 0.8974455035294693 0.4265416694577216 -0.11248898795418615
vn 0.9363472934468166 0.2682409180196651 -0.22649626035497475
vn 0.9363472934468166 0.2682409180196651 -0.22649626035497475
vn 0.9363472934468166 0.2682409180196651 -0.22649626035497475
vn 0.8586193817814473 -0.07874830776010462 -0.5065288355603905
vn 0.8586193817814473 -0.07874830776010462 -0.5065288355603905
vn 0.8586193817814473 -0.07874830776010462 -0.5065288355603905
vn -0.4326676154601553 -0.6924277927510915 -0.5773581958869858
vn -0.4326676154601553 -0.6924277927510915 -0.5773581958869858
vn -0.4326676154601553 -0.6924277927510915 -0.5773581958869858
vn -0.6287868428898168 -0.6448532855879805 -0.43450126153446716
vn -0.6287868428898168 -0.6448532855879805 -0.43450126153446716
vn -0.6287868428898168 -0.6448532855879805 -0.43450126153446716
vn -0.7082072577221913 -0.6025191617712662 -0.36798524400859384
vn -0.7082072577221913 -0.6025191617712662 -0.36798524400859384
vn -0.7082072577221913 -0.6025191617712662 -0.36798524400859384
vn 0.6112120674036075 0.6391360847352515 0.46682424299676345
vn 0.6112120674036075 0.6391360847352515 0.46682424299676345
vn 0.6112120674036075 0.6391360847352515 0.46682424299676345
vn 0.56053084225962 0.8049785228628933 0.19446015685789145
vn 0.56053084225962 0.8049785228628933 0.19446015685789145
vn 0.56053084225962 0.8049785228628933 0.19446015685789145
vn 0.4845720059191595 0.8398402949687013 0.24465945725920119
vn 0.4845720059191595 0.8398402949687013 0.24465945725920119
vn 0.4845720059191595 0.8398402949687013 0.24465945725920119
vn 0.816296634474645 0.4691468211400228 -0.3369882264405976
vn 0.8108375115693549 0.47134861909231446 -0.34694813605463354
vn 0.8168115442716121 0.4689336666309712 -0.33603588713805205
vn 0.8518249775489063 0.4169774924750175 -0.3170551661667915
vn 0.8518249775489063 0.4169774924750175 -0.3170551661667915
vn 0.8518249775489063 0.4169774924750175 -0.3170551661667915
vn 0.816080033431621 0.10751593542670022 -0.5678500705851552
vn 0.816080033431621 0.10751593542670022 -0.5678500705851552
vn 0.816080033431621 0.10751593542670022 -0.5678500705851552
vn -0.9063422663941267 -0.4079035035702699 0.11026526163147107
vn -0.9063422663941267 -0.4079035035702699 0.11026526163147107
vn -0.9063422663941267 -0.4079035035702699 0.11026526163147107
vn -0.8246433354196163 -0.3758823281104408 0.42270065621227165
vn -0.8246433354196163 -0.3758823281104408 0.42270065621227165
vn -0.8246433354196163 -0.3758823281104408 0.42270065621227165
vn -0.6752214596695988 0.12960323917333658 0.7261397804813033
vn -0.6752214596695988 0.12960323917333658 0.7261397804813033
vn -0.6752214596695988 0.12960323917333658 0.7261397804813033
vn -0.35339373415412145 -0.6521924646679271 -0.6706398867432363
vn -0.35339373415412145 -0.6521924646679271 -0.6706398867432363
vn -0.35339373415412145 -0.6521924646679271 -0.6706398867432363
vn -0.40834875573921253 -0.6308574951250886 -0.6597500394321595
vn -0.40834875573921253 -0.6308574951250886 -0.6597500394321595
vn -0.40834875573921253 -0.6308574951250886 -0.6597500394321595
vn -0.5371340301968297 -0.6475778847954938 -0.5404904409222288
vn -0.5371340301968297 -0.6475778847954938 -0.5404904409222288
vn -0.5371340301968297 -0.6475778847954938 -0.5404904409222288
vn -0.7934164224739572 0.21724094280112913 0.5685919040221236
vn -0.7934164224739572 0.21724094280112913 0.5685919040221236
vn -0.7934164224739572 0.21724094280112913 0.5685919040221236
vn -0.9054653846587379 -0.3427760269775289 0.25027391496978707
vn -0.9054653846587379 -0.3427760269775289 0.25027391496978707
vn -0.9054653846587379 -0.3427760269775289 0.25027391496978707
vn -0.8022931720449801 0.10864967602901245 0.5869590394472127
vn -0.8022931720449801 0.10864967602901245 0.5869590394472127
vn -0.8022931720449801 0.10864967602901245 0.5869590394472127
vn 0.8456082102254765 0.3110198476888897 -0.433835693716926
vn 0.8456082102254765 0.3110198476888897 -0.433835693716926
vn 0.8456082102254765 0.3110198476888897 -0.433835693716926
vn 0.8009114342721803 0.4074714402367758 -0.4387572219843757
vn 0.8009114342721803 0.4074714402367758 -0.4387572219843757
vn 0.8009114342721803 0.4074714402367758 -0.4387572219843757
vn 0.787381094766302 0.16123395040318955 -0.5950080880475507
vn 0.787381094766302 0.16123395040318955 -0.5950080880475507
vn 0.787381094766302 0.16123395040318955 -0.5950080880475507
vn -0.629144349068437 -0.7035391032793111 -0.33046954200379114
vn -0.629144349068437 -0.7035391032793111 -0.33046954200379114
vn -0.629144349068437 -0.7035391032793111 -0.33046954200379114
vn -0.5011559837286673 -0.7455392170896971 -0.43933353588615703
vn -0.5011559837286673 -0.7455392170896971 -0.43933353588615703
vn -0.5011559837286673 -0.7455392170896971 -0.43933353588615703
vn -0.3721016524001353 -0.7440435355566482 -0.5549230374362304
vn -0.3721016524001353 -0.7440435355566482 -0.5549230374362304
vn -0.3721016524001353 -0.7440435355566482 -0.5549230374362304
vn -0.06445661969032823 0.742391520373652 0.6668584367430569
vn -0.06445661969032823 0.742391520373652 0.6668584367430569
vn -0.06445661969032823 0.742391520373652 0.6668584367430569
vn 0.0376116867418296 0.8793532674773237 0.47468220105391445
vn 0.0376116867418296 0.8793532674773237 0.47468220105391445
vn 0.0376116867418296 0.8793532674773237 0.47468220105391445
vn 0.04197633682403292 0.8442307476431993 0.5343336334918849
vn 0.04197633682403292 0.8442307476431993 0.5343336334918849
vn 0.04197633682403292 0.8442307476431993 0.5343336334918849
vn -0.16925755384388835 -0.7510172679457411 -0.6382201373461182
vn -0.16923543860445805 -0.7511380780366282 -0.6380838142781845
vn -0.17037855035021152 -0.7512031616779541 -0.6377028771031272
vn -0.16698904747475063 -0.757961871461685 -0.6305620187053573
vn -0.16925755384388835 -0.7510172679457411 -0.6382201373461182
vn -0.16888024925504616 -0.7545857653170964 -0.634097614088214
vn -0.4690896160846701 -0.7879010305051865 -0.3989572636391049
vn -0.4690896160846701 -0.7879010305051865 -0.3989572636391049
vn -0.4690896160846701 -0.7879010305051865 -0.3989572636391049
vn -0.237796039762388 0.7349565510171039 0.635052684106105
vn -0.237796039762388 0.7349565510171039 0.635052684106105
vn -0.237796039762388 0.7349565510171039 0.635052684106105
vn -0.237796039762388 0.7349565510171039 0.635052684106105
vn -0.237796039762388 0.7349565510171039 0.635052684106105
vn -0.237796039762388 0.7349565510171039 0.635052684106105
vn -0.19857425419139357 0.6896494968038938 0.6963848340755764
vn -0.19857425419139357 0.6896494968038938 0.6963848340755764
vn -0.19857425419139357 0.6896494968038938 0.6963848340755764
vn -0.19857425419139357 0.6896494968038938 0.6963848340755764
vn -0.19857425419139357 0.6896494968038938 0.6963848340755764
vn -0.19857425419139357 0.6896494968038938 0.6963848340755764
vn -0.4027976885225456 0.10795911773125447 0.9088998025192784
vn -0.4027976885225456 0.10795911773125447 0.9088998025192784
vn -0.4027976885225456 0.10795911773125447 0.9088998025192784
vn -0.11588153282131762 0.032856130767674296 0.9927194694484235
vn -0.11588153282131762 0.032856130767674296 0.9927194694484235
vn -0.11588153282131762 0.032856130767674296 0.9927194694484235
vn -0.11588153282131762 0.032856130767674296 0.9927194694484235
vn -0.11588153282131762 0.032856130767674296 0.9927194694484235
vn -0.11588153282131762 0.032856130767674296 0.9927194694484235
vn -0.6585603514264265 0.068664674518536 0.7493887015443754
vn -0.6585603514264265 0.068664674518536 0.7493887015443754
vn -0.6585603514264265 0.068664674518536 0.7493887015443754
vn 0.07015427757157035 0.10286246480793766 0.9922185700096764
vn 0.07015427757157035 0.10286246480793766 0.9922185700096764
vn 0.07015427757157035 0.10286246480793766 0.9922185700096764
vn -0.5897394289765466 -0.018611166928317158 0.8073791119269701
vn -0.5897394289765466 -0.018611166928317158 0.8073791119269701
vn -0.5897394289765466 -0.018611166928317158 0.8073791119269701
vn -0.5897394289765466 -0.018611166928317158 0.8073791119269701
vn -0.5897394289765466 -0.018611166928317158 0.8073791119269701
vn -0.5897394289765466 -0.018611166928317158 0.8073791119269701
vn 0.21312113681222283 0.42587063290296584 0.8793256422251616
vn 0.21312113681222283 0.42587063290296584 0.8793256422251616
vn 0.21312113681222283 0.42587063290296584 0.8793256422251616
vn 0.21312113681222283 0.42587063290296584 0.8793256422251616
vn 0.21312113681222283 0.42587063290296584 0.8793256422251616
vn 0.21312113681222283 0.42587063290296584 0.8793256422251616
vn -0.003117929896001135 0.6187682209309283 0.785567417399129
vn -0.003117929896001135 0.6187682209309283 0.785567417399129
vn -0.003117929896001135 0.6187682209309283 0.785567417399129
vn -0.003117929896001135 0.6187682209309283 0.785567417399129
vn -0.003117929896001135 0.6187682209309283 0.785567417399129
vn -0.003117929896001135 0.6187682209309283 0.785567417399129
vn -0.4830297200856868 -0.1727597645055265 0.8583917248447458
vn -0.4830297200856868 -0.1727597645055265 0.8583917248447458
vn -0.4830297200856868 -0.1727597645055265 0.8583917248447458
vn -0.756720859735714 0.03973323778275935 0.6525295474199928
vn -0.756720859735714 0.03973323778275935 0.6525295474199928
vn -0.756720859735714 0.03973323778275935 0.6525295474199928
vn -0.5867859201257535 -0.5127299665520015 0.6267298184558925
vn -0.5867859201257535 -0.5127299665520015 0.6267298184558925
vn -0.5867859201257535 -0.5127299665520015 0.6267298184558925
vn -0.5867859201257535 -0.5127299665520015 0.6267298184558925
vn -0.5867859201257535 -0.5127299665520015 0.6267298184558925
vn -0.5867859201257535 -0.5127299665520015 0.6267298184558925
vn -0.8861104659443894 -0.01907116226835211 0.4630815618371687
vn -0.8861104659443894 -0.01907116226835211 0.4630815618371687
vn -0.8861104659443894 -0.01907116226835211 0.4630815618371687
vn -0.2457158366456791 -0.3032303678863619 0.9206927129140402
vn -0.2457158366456791 -0.3032303678863619 0.9206927129140402
vn -0.2457158366456791 -0.3032303678863619 0.9206927129140402
vn -0.2457158366456791 -0.3032303678863619 0.9206927129140402
vn -0.2457158366456791 -0.3032303678863619 0.9206927129140402
vn -0.2457158366456791 -0.3032303678863619 0.9206927129140402
vn -0.2659233780919388 -0.3098349243951407 0.9128455929724528
vn -0.2659233780919388 -0.3098349243951407 0.9128455929724528
vn -0.2659233780919388 -0.3098349243951407 0.9128455929724528
vn -0.06948465820185044 -0.5659376209019152 0.8215147542938301
vn -0.06948465820185044 -0.5659376209019152 0.8215147542938301
vn -0.06948465820185044 -0.5659376209019152 0.8215147542938301
vn -0.06948465820185044 -0.5659376209019152 0.8215147542938301
vn -0.06948465820185044 -0.5659376209019152 0.8215147542938301
vn -0.06948465820185044 -0.5659376209019152 0.8215147542938301
vn -0.7182377789059358 0.6243996112783265 0.30701729330404626
vn -0.7182377789059358 0.6243996112783265 0.30701729330404626
vn -0.7182377789059358 0.6243996112783265 0.30701729330404626
vn -0.7182377789059358 0.6243996112783265 0.30701729330404626
vn -0.7182377789059358 0.6243996112783265 0.30701729330404626
vn -0.7182377789059358 0.6243996112783265 0.30701729330404626
vn -0.759008124172576 -0.3614145300618847 0.5415590502430688
vn -0.759008124172576 -0.3614145300618847 0.5415590502430688
vn -0.759008124172576 -0.3614145300618847 0.5415590502430688
vn -0.759008124172576 -0.3614145300618847 0.5415590502430688
vn -0.759008124172576 -0.3614145300618847 0.5415590502430688
vn -0.759008124172576 -0.3614145300618847 0.5415590502430688
vn -0.1881708057701468 -0.5847679289242189 0.7890742786059455
vn -0.1881708057701468 -0.5847679289242189 0.7890742786059455
vn -0.1881708057701468 -0.5847679289242189 0.7890742786059455
vn -0.1881708057701468 -0.5847679289242189 0.7890742786059455
vn -0.1881708057701468 -0.5847679289242189 0.7890742786059455
vn -0.1881708057701468 -0.5847679289242189 0.7890742786059455
vn -0.7513693551094739 -0.19293509522142255 0.6310468613615585
vn -0.7513693551094739 -0.19293509522142255 0.6310468613615585
vn -0.7513693551094739 -0.19293509522142255 0.6310468613615585
f 1//1 2//2 3//3
f 4//4 5//5 6//6
f 7//7 8//8 9//9
f 10//10 11//11 12//12
f 13//13 14//14 15//15
f 16//16 17//17 18//18
f 19//19 20//20 21//21
f 22//22 23//23 24//24
f 25//25 26//26 27//27
f 28//28 29//29 30//30
f 31//31 32//32 33//33
f 34//34 35//35 36//36
f 37//37 38//38 39//39
f 40//40 41//41 42//42
f 43//43 44//44 45//45
f 46//46 47//47 48//48
f 49//49 50//50 51//51
f 52//52 53//53 54//54
f 55//55 56//56 57//57
f 58//58 59//59 60//60
f 61//61 62//62 63//63
f 64//64 65//65 66//66
f 67//67 68//68 69//69
f 70//70 71//71 72//72
f 73//73 74//74 75//75
f 76//76 77//77 78//78
f 79//79 80//80 81//81
f 82//82 83//83 84//84
f 85//85 86//86 87//87
f 88//88 89//89 90//90
f 91//91 92//92 93//93
f 94//94 95//95 96//96
f 97//97 98//98 99//99
f 100//100 101//101 102//102
f 103//103 104//104 105//105
f 106//106 107//107 108//108
f 109//109 110//110 111//111
f 112//112 113//113 114//114
f 115//115 116//116 117//117
f 118//118 119//119 120//120
f 121//121 122//122 123//123
f 124//124 125//125 126//126
f 127//127 128//128 129//129
f 130//130 131//131 132//132
f 133//133 134//134 135//135
f 136//136 137//137 138//138
f 139//139 140//140 141//141
f 142//142 143//143 144//144
f 145//145 146//146 147//147
f 148//148 149//149 150//150
f 151//151 152//152 153//153
f 154//154 155//155 156//156
f 157//157 158//158 159//159
f 160//160 161//161 162//162
f 163//163 164//164 165//165
f 166//166 167//167 168//168
f 169//169 170//170 171//171
f 172//172 173//173 174//174
f 175//175 176//176 177//177
f 178//178 179//179 180//180
f 181//181 182//182 183//183
f 184//184 185//185 186//186
f 187//187 188//188 189//189
f 190//190 191//191 192//192
f 193//193 194//194 195//195
f 196//196 197//197 198//198
f 199//199 200//200 201//201
f 202//202 203//203 204//204
f 205//205 206//206 207//207
f 208//208 209//209 210//210
f 211//211 212//212 213//213
f 214//214 215//215 216//216
f 217//217 218//218 219//219
f 220//220 221//221 222//222
f 223//223 224//224 225//225
f 226//226 227//227 228//228
f 229//229 230//230 231//231
f 232//232 233//233 234//234
f 235//235 236//236 237//237
f 238//238 239//239 240//240
f 241//241 242//242 243//243
f 244//244 245//245 246//246
f 247//247 248//248 249//249
f 250//250 251//251 252//252
f 253//253 254//254 255//255
f 256//256 257//257 258//258
f 259//259 260//260 261//261
f 262//262 263//263 264//264
f 265//265 266//266 267//267
f 268//268 269//269 270//270
f 271//271 272//272 273//273
f 274//274 275//275 276//276
f 277//277 278//278 279//279
f 280//280 281//281 282//282
f 283//283 284//284 285//285
f 286//286 287//287 288//288
f 289//289 290//290 291//291
f 292//292 293//293 294//294
f 295//295 296//296 297//297
f 298//298 299//299 300//300
f 301//301 302//302 303//303
f 304//304 305//305 306//306
f 307//307 308//308 309//309
f 310//310 311//311 312//312
f 313//313 314//314 315//315
f 316//316 317//317 318//318
f 319//319 320//320 321//321
f 322//322 323//323 324//324
f 325//325 326//326 327//327
f 328//328 329//329 330//330
f 331//331 332//332 333//333
f 334//334 335//335 336//336
f 337//337 338//338 339//339
f 340//340 341//341 342//342
f 343//343 344//344 345//345
f 346//346 347//347 348//348
f 349//349 350//350 351//351
f 352//352 353//353 354//354
f 355//355 356//356 357//357
f 358//358 359//359 360//360
f 361//361 362//362 363//363
f 364//364 365//365 366//366
f 367//367 368//368 369//369
f 370//370 371//371 372//372
f 373//373 374//374 375//375
f 376//376 377//377 378//378
f 379//379 380//380 381//381
f 382//382 383//383 384//384
f 385//385 386//386 387//387
f 388//388 389//389 390//390
f 391//391 392//392 393//393
f 394//394 395//395 396//396
f 397//397 398//398 399//399
f 400//400 401//401 402//402
f 403//403 404//404 405//405
f 406//406 407//407 408//408
f 409//409 410//410 411//411
f 412//412 413//413 414//414
f 415//415 416//416 417//417
f 418//418 419//419 420//420
f 421//421 422//422 423//423
f 424//424 425//425 426//426
f 427//427 428//428 429//429
f 430//430 431//431 432//432
f 433//433 434//434 435//435
f 436//436 437//437 438//438
f 439//439 440//440 441//441
f 442//442 443//443 444//444
f 445//445 446//446 447//447
f 448//448 449//449 450//450
f 451//451 452//452 453//453
f 454//454 455//455 456//456
f 457//457 458//458 459//459
f 460//460 461//461 462//462
f 463//463 464//464 465//465
f 466//466 467//467 468//468
f 469//469 470//470 471//471
f 472//472 473//473 474//474
f 475//475 476//476 477//477
f 478//478 479//479 480//480
f 481//481 482//482 483//483
f 484//484 485//485 486//486
f 487//487 488//488 489//489
f 490//490 491//491 492//492
f 493//493 494//494 495//495
f 496//496 497//497 498//498
f 499//499 500//500 501//501
f 502//502 503//503 504//504
f 505//505 506//506 507//507
f 508//508 509//509 510//510
f 511//511 512//512 513//513
f 514//514 515//515 516//516
f 517//517 518//518 519//519
f 520//520 521//521 522//522
f 523//523 524//524 525//525
f 526//526 527//527 528//528
f 529//529 530//530 531//531
f 532//532 533//533 534//534
f 535//535 536//536 537//537
f 538//538 539//539 540//540
f 541//541 542//542 543//543
f 544//544 545//545 546//546
f 547//547 548//548 549//549
f 550//550 551//551 552//552
f 553//553 554//554 555//555
f 556//556 557//557 558//558
f 559//559 560//560 561//561
f 562//562 563//563 564//564
f 565//565 566//566 567//567
f 568//568 569//569 570//570
f 571//571 572//572 573//573
f 574//574 575//575 576//576
f 577//577 578//578 579//579
f 580//580 581//581 582//582
f 583//583 584//584 585//585
f 586//586 587//587 588//588
f 589//589 590//590 591//591
f 592//592 593//593 594//594
f 595//595 596//596 597//597
f 598//598 599//599 600//600
f 601//601 602//602 603//603
f 604//604 605//605 606//606
f 607//607 608//608 609//609
f 610//610 611//611 612//612
f 613//613 614//614 615//615
f 616//616 617//617 618//618
f 619//619 620//620 621//621
f 622//622 623//623 624//624
f 625//625 626//626 627//627
f 628//628 629//629 630//630
f 631//631 632//632 633//633
f 634//634 635//635 636//636
f 637//637 638//638 639//639
f 640//640 641//641 642//642
f 643//643 644//644 645//645
f 646//646 647//647 648//648
f 649//649 650//650 651//651
f 652//652 653//653 654//654
f 655//655 656//656 657//657
f 658//658 659//659 660//660
f 661//661 662//662 663//663
f 664//664 665//665 666//666
f 667//667 668//668 669//669
f 670//670 671//671 672//672
f 673//673 674//674 675//675
f 676//676 677//677 678//678
f 679//679 680//680 681//681
f 682//682 683//683 684//684
f 685//685 686//686 687//687
f 688//688 689//689 690//690
f 691//691 692//692 693//693
f 694//694 695//695 696//696
f 697//697 698//698 699//699
f 700//700 701//701 702//702
f 703//703 704//704 705//705
f 706//706 707//707 708//708
f 709//709 710//710 711//711
f 712//712 713//713 714//714
f 715//715 716//716 717//717
f 718//718 719//719 720//720
f 721//721 722//722 723//723
f 724//724 725//725 726//726
f 727//727 728//728 729//729
f 730//730 731//731 732//732
f 733//733 734//734 735//735
f 736//736 737//737 738//738
f 739//739 740//740 741//741
f 742//742 743//743 744//744
f 745//745 746//746 747//747
f 748//748 749//749 750//750
f 751//751 752//752 753//753
f 754//754 755//755 756//756
f 757//757 758//758 759//759
f 760//760 761//761 762//762
f 763//763 764//764 765//765
f 766//766 767//767 768//768
f 769//769 770//770 771//771
f 772//772 773//773 774//774
f 775//775 776//776 777//777
f 778//778 779//779 780//780
f 781//781 782//782 783//783
f 784//784 785//785 786//786
f 787//787 788//788 789//789
f 790//790 791//791 792//792
f 793//793 794//794 795//795
f 796//796 797//797 798//798
f 799//799 800//800 801//801
f 802//802 803//803 804//804
f 805//805 806//806 807//807
f 808//808 809//809 810//810
f 811//811 812//812 813//813
f 814//814 815//815 816//816
f 817//817 818//818 819//819
f 820//820 821//821 822//822
f 823//823 824//824 825//825
f 826//826 827//827 828//828
f 829//829 830//830 831//831
f 832//832 833//833 834//834
f 835//835 836//836 837//837
f 838//838 839//839 840//840
f 841//841 842//842 843//843
f 844//844 845//845 846//846
f 847//847 848//848 849//849
f 850//850 851//851 852//852
f 853//853 854//854 855//855
f 856//856 857//857 858//858
f 859//859 860//860 861//861
f 862//862 863//863 864//864
f 865//865 866//866 867//867
f 868//868 869//869 870//870
f 871//871 872//872 873//873
f 874//874 875//875 876//876
f 877//877 878//878 879//879
f 880//880 881//881 882//882
f 883//883 884//884 885//885
f 886//886 887//887 888//888
f 889//889 890//890 891//891
f 892//892 893//893 894//894
f 895//895 896//896 897//897
f 898//898 899//899 900//900
f 901//901 902//902 903//903
f 904//904 905//905 906//906
f 907//907 908//908 909//909
f 910//910 911//911 912//912
f 913//913 914//914 915//915
f 916//916 917//917 918//918
f 919//919 920//920 921//921
f 922//922 923//923 924//924
f 925//925 926//926 927//927
f 928//928 929//929 930//930
f 931//931 932//932 933//933
f 934//934 935//935 936//936
f 937//937 938//938 939//939
f 940//940 941//941 942//942
f 943//943 944//944 945//945
f 946//946 947//947 948//948
f 949//949 950//950 951//951
f 952//952 953//953 954//954
f 955//955 956//956 957//957
f 958//958 959//959 960//960
f 961//961 962//962 963//963
f 964//964 965//965 966//966
f 967//967 968//968 969//969
f 970//970 971//971 972//972
f 973//973 974//974 975//975
f 976//976 977//977 978//978
f 979//979 980//980 981//981
f 982//982 983//983 984//984
f 985//985 986//986 987//987
f 988//988 989//989 990//990
f 991//991 992//992 993//993
f 994//994 995//995 996//996
f 997//997 998//998 999//999
f 1000//1000 1001//1001 1002//1002
f 1003//1003 1004//1004 1005//1005
f 1006//1006 1007//1007 1008//1008
f 1009//1009 1010//1010 1011//1011
f 1012//1012 1013//1013 1014//1014
f 1015//1015 1016//1016 1017//1017
f 1018//1018 1019//1019 1020//1020
f 1021//1021 1022//1022 1023//1023
f 1024//1024 1025//1025 1026//1026
f 1027//1027 1028//1028 1029//1029
f 1030//1030 1031//1031 1032//1032
f 1033//1033 1034//1034 1035//1035
f 1036//1036 1037//1037 1038//1038
f 1039//1039 1040//1040 1041//1041
f 1042//1042 1043//1043 1044//1044
f 1045//1045 1046//1046 1047//1047
f 1048//1048 1049//1049 1050//1050
f 1051//1051 1052//1052 1053//1053
f 1054//1054 1055//1055 1056//1056
f 1057//1057 1058//1058 1059//1059
f 1060//1060 1061//1061 1062//1062
f 1063//1063 1064//1064 1065//1065
f 1066//1066 1067//1067 1068//1068
f 1069//1069 1070//1070 1071//1071
f 1072//1072 1073//1073 1074//1074
f 1075//1075 1076//1076 1077//1077
f 1078//1078 1079//1079 1080//1080
f 1081//1081 1082//1082 1083//1083
f 1084//1084 1085//1085 1086//1086
f 1087//1087 1088//1088 1089//1089
f 1090//1090 1091//1091 1092//1092
f 1093//1093 1094//1094 1095//1095
f 1096//1096 1097//1097 1098//1098
f 1099//1099 1100//1100 1101//1101
f 1102//1102 1103//1103 1104//1104
f 1105//1105 1106//1106 1107//1107
f 1108//1108 1109//1109 1110//1110
f 1111//1111 1112//1112 1113//1113
f 1114//1114 1115//1115 1116//1116
f 1117//1117 1118//1118 1119//1119
f 1120//1120 1121//1121 1122//1122
f 1123//1123 1124//1124 1125//1125
f 1126//1126 1127//1127 1128//1128
f 1129//1129 1130//1130 1131//1131
f 1132//1132 1133//1133 1134//1134
f 1135//1135 1136//1136 1137//1137
f 1138//1138 1139//1139 1140//1140
f 1141//1141 1142//1142 1143//1143
f 1144//1144 1145//1145 1146//1146
f 1147//1147 1148//1148 1149//1149
f 1150//1150 1151//1151 1152//1152
f 1153//1153 1154//1154 1155//1155
f 1156//1156 1157//1157 1158//1158
f 1159//1159 1160//1160 1161//1161
f 1162//1162 1163//1163 1164//1164
f 1165//1165 1166//1166 1167//1167
f 1168//1168 1169//1169 1170//1170
f 1171//1171 1172//1172 1173//1173
f 1174//1174 1175//1175 1176//1176
f 1177//1177 1178//1178 1179//1179
f 1180//1180 1181//1181 1182//1182
f 1183//1183 1184//1184 1185//1185
f 1186//1186 1187//1187 1188//1188
f 1189//1189 1190//1190 1191//1191
f 1192//1192 1193//1193 1194//1194
f 1195//1195 1196//1196 1197//1197
f 1198//1198 1199//1199 1200//1200
f 1201//1201 1202//1202 1203//1203
f 1204//1204 1205//1205 1206//1206
f 1207//1207 1208//1208 1209//1209
f 1210//1210 1211//1211 1212//1212
f 1213//1213 1214//1214 1215//1215
f 1216//1216 1217//1217 1218//1218
f 1219//1219 1220//1220 1221//1221
f 1222//1222 1223//1223 1224//1224
f 1225//1225 1226//1226 1227//1227
f 1228//1228 1229//1229 1230//1230
f 1231//1231 1232//1232 1233//1233
f 1234//1234 1235//1235 1236//1236
f 1237//1237 1238//1238 1239//1239
f 1240//1240 1241//1241 1242//1242
f 1243//1243 1244//1244 1245//1245
f 1246//1246 1247//1247 1248//1248
f 1249//1249 1250//1250 1251//1251
f 1252//1252 1253//1253 1254//1254
f 1255//1255 1256//1256 1257//1257
f 1258//1258 1259//1259 1260//1260
f 1261//1261 1262//1262 1263//1263
f 1264//1264 1265//1265 1266//1266
f 1267//1267 1268//1268 1269//1269
f 1270//1270 1271//1271 1272//1272
f 1273//1273 1274//1274 1275//1275
f 1276//1276 1277//1277 1278//1278
f 1279//1279 1280//1280 1281//1281
f 1282//1282 1283//1283 1284//1284
f 1285//1285 1286//1286 1287//1287
f 1288//1288 1289//1289 1290//1290
f 1291//1291 1292//1292 1293//1293
f 1294//1294 1295//1295 1296//1296
f 1297//1297 1298//1298 1299//1299
f 1300//1300 1301//1301 1302//1302
f 1303//1303 1304//1304 1305//1305
f 1306//1306 1307//1307 1308//1308
f 1309//1309 1310//1310 1311//1311
f 1312//1312 1313//1313 1314//1314
f 1315//1315 1316//1316 1317//1317
f 1318//1318 1319//1319 1320//1320
f 1321//1321 1322//1322 1323//1323
f 1324//1324 1325//1325 1326//1326
f 1327//1327 1328//1328 1329//1329
f 1330//1330 1331//1331 1332//1332
f 1333//1333 1334//1334 1335//1335
f 1336//1336 1337//1337 1338//1338
f 1339//1339 1340//1340 1341//1341
f 1342//1342 1343//1343 1344//1344
f 1345//1345 1346//1346 1347//1347
f 1348//1348 1349//1349 1350//1350
f 1351//1351 1352//1352 1353//1353
f 1354//1354 1355//1355 1356//1356
f 1357//1357 1358//1358 1359//1359
f 1360//1360 1361//1361 1362//1362
f 1363//1363 1364//1364 1365//1365
f 1366//1366 1367//1367 1368//1368
f 1369//1369 1370//1370 1371//1371
f 1372//1372 1373//1373 1374//1374
f 1375//1375 1376//1376 1377//1377
f 1378//1378 1379//1379 1380//1380
f 1381//1381 1382//1382 1383//1383
f 1384//1384 1385//1385 1386//1386
f 1387//1387 1388//1388 1389//1389
f 1390//1390 1391//1391 1392//1392
f 1393//1393 1394//1394 1395//1395
f 1396//1396 1397//1397 1398//1398
f 1399//1399 1400//1400 1401//1401
f 1402//1402 1403//1403 1404//1404
f 1405//1405 1406//1406 1407//1407
f 1408//1408 1409//1409 1410//1410
f 1411//1411 1412//1412 1413//1413
f 1414//1414 1415//1415 1416//1416
f 1417//1417 1418//1418 1419//1419
f 1420//1420 1421//1421 1422//1422
f 1423//1423 1424//1424 1425//1425
f 1426//1426 1427//1427 1428//1428
f 1429//1429 1430//1430 1431//1431
f 1432//1432 1433//1433 1434//1434
f 1435//1435 1436//1436 1437//1437
f 1438//1438 1439//1439 1440//1440
f 1441//1441 1442//1442 1443//1443
f 1444//1444 1445//1445 1446//1446
f 1447//1447 1448//1448 1449//1449
f 1450//1450 1451//1451 1452//1452
f 1453//1453 1454//1454 1455//1455
f 1456//1456 1457//1457 1458//1458
f 1459//1459 1460//1460 1461//1461
f 1462//1462 1463//1463 1464//1464
f 1465//1465 1466//1466 1467//1467
f 1468//1468 1469//1469 1470//1470
f 1471//1471 1472//1472 1473//1473
f 1474//1474 1475//1475 1476//1476
f 1477//1477 1478//1478 1479//1479
f 1480//1480 1481//1481 1482//1482
f 1483//1483 1484//1484 1485//1485
f 1486//1486 1487//1487 1488//1488
f 1489//1489 1490//1490 1491//1491
f 1492//1492 1493//1493 1494//1494
f 1495//1495 1496//1496 1497//1497
f 1498//1498 1499//1499 1500//1500
f 1501//1501 1502//1502 1503//1503
f 1504//1504 1505//1505 1506//1506
f 1507//1507 1508//1508 1509//1509
f 1510//1510 1511//1511 1512//1512
f 1513//1513 1514//1514 1515//1515
f 1516//1516 1517//1517 1518//1518
f 1519//1519 1520//1520 1521//1521
f 1522//1522 1523//1523 1524//1524
f 1525//1525 1526//1526 1527//1527
f 1528//1528 1529//1529 1530//1530
f 1531//1531 1532//1532 1533//1533
f 1534//1534 1535//1535 1536//1536
f 1537//1537 1538//1538 1539//1539
f 1540//1540 1541//1541 1542//1542
f 1543//1543 1544//1544 1545//1545
f 1546//1546 1547//1547 1548//1548
f 1549//1549 1550//1550 1551//1551
f 1552//1552 1553//1553 1554//1554
f 1555//1555 1556//1556 1557//1557
f 1558//1558 1559//1559 1560//1560
f 1561//1561 1562//1562 1563//1563
f 1564//1564 1565//1565 1566//1566
f 1567//1567 1568//1568 1569//1569
f 1570//1570 1571//1571 1572//1572
f 1573//1573 1574//1574 1575//1575
f 1576//1576 1577//1577 1578//1578
f 1579//1579 1580//1580 1581//1581
f 1582//1582 1583//1583 1584//1584
f 1585//1585 1586//1586 1587//1587
f 1588//1588 1589//1589 1590//1590
f 1591//1591 1592//1592 1593//1593
f 1594//1594 1595//1595 1596//1596
f 1597//1597 1598//1598 1599//1599
f 1600//1600 1601//1601 1602//1602
f 1603//1603 1604//1604 1605//1605
f 1606//1606 1607//1607 1608//1608
f 1609//1609 1610//1610 1611//1611
f 1612//1612 1613//1613 1614//1614
f 1615//1615 1616//1616 1617//1617
f 1618//1618 1619//1619 1620//1620
f 1621//1621 1622//1622 1623//1623
f 1624//1624 1625//1625 1626//1626
f 1627//1627 1628//1628 1629//1629
f 1630//1630 1631//1631 1632//1632
f 1633//1633 1634//1634 1635//1635
f 1636//1636 1637//1637 1638//1638
f 1639//1639 1640//1640 1641//1641
f 1642//1642 1643//1643 1644//1644
f 1645//1645 1646//1646 1647//1647
f 1648//1648 1649//1649 1650//1650
f 1651//1651 1652//1652 1653//1653
f 1654//1654 1655//1655 1656//1656
f 1657//1657 1658//1658 1659//1659
f 1660//1660 1661//1661 1662//1662
f 1663//1663 1664//1664 1665//1665
f 1666//1666 1667//1667 1668//1668
f 1669//1669 1670//1670 1671//1671
f 1672//1672 1673//1673 1674//1674
f 1675//1675 1676//1676 1677//1677
f 1678//1678 1679//1679 1680//1680
f 1681//1681 1682//1682 1683//1683
f 1684//1684 1685//1685 1686//1686
f 1687//1687 1688//1688 1689//1689
f 1690//1690 1691//1691 1692//1692
f 1693//1693 1694//1694 1695//1695
f 1696//1696 1697//1697 1698//1698
f 1699//1699 1700//1700 1701//1701
f 1702//1702 1703//1703 1704//1704
f 1705//1705 1706//1706 1707//1707
f 1708//1708 1709//1709 1710//1710
f 1711//1711 1712//1712 1713//1713
f 1714//1714 1715//1715 1716//1716
f 1717//1717 1718//1718 1719//1719
f 1720//1720 1721//1721 1722//1722
f 1723//1723 1724//1724 1725//1725
f 1726//1726 1727//1727 1728//1728
f 1729//1729 1730//1730 1731//1731
f 1732//1732 1733//1733 1734//1734
f 1735//1735 1736//1736 1737//1737
f 1738//1738 1739//1739 1740//1740
f 1741//1741 1742//1742 1743//1743
f 1744//1744 1745//1745 1746//1746
f 1747//1747 1748//1748 1749//1749
f 1750//1750 1751//1751 1752//1752
f 1753//1753 1754//1754 1755//1755
f 1756//1756 1757//1757 1758//1758
f 1759//1759 1760//1760 1761//1761
f 1762//1762 1763//1763 1764//1764
f 1765//1765 1766//1766 1767//1767
f 1768//1768 1769//1769 1770//1770
f 1771//1771 1772//1772 1773//1773
f 1774//1774 1775//1775 1776//1776
f 1777//1777 1778//1778 1779//1779
f 1780//1780 1781//1781 1782//1782
f 1783//1783 1784//1784 1785//1785
f 1786//1786 1787//1787 1788//1788
f 1789//1789 1790//1790 1791//1791
f 1792//1792 1793//1793 1794//1794
f 1795//1795 1796//1796 1797//1797
f 1798//1798 1799//1799 1800//1800
f 1801//1801 1802//1802 1803//1803
f 1804//1804 1805//1805 1806//1806
f 1807//1807 1808//1808 1809//1809
f 1810//1810 1811//1811 1812//1812
f 1813//1813 1814//1814 1815//1815
f 1816//1816 1817//1817 1818//1818
f 1819//1819 1820//1820 1821//1821
f 1822//1822 1823//1823 1824//1824
f 1825//1825 1826//1826 1827//1827
f 1828//1828 1829//1829 1830//1830
f 1831//1831 1832//1832 1833//1833
f 1834//1834 1835//1835 1836//1836
f 1837//1837 1838//1838 1839//1839
f 1840//1840 1841//1841 1842//1842
f 1843//1843 1844//1844 1845//1845
f 1846//1846 1847//1847 1848//1848
f 1849//1849 1850//1850 1851//1851
f 1852//1852 1853//1853 1854//1854
f 1855//1855 1856//1856 1857//1857
f 1858//1858 1859//1859 1860//1860
f 1861//1861 1862//1862 1863//1863
f 1864//1864 1865//1865 1866//1866
f 1867//1867 1868//1868 1869//1869
f 1870//1870 1871//1871 1872//1872
f 1873//1873 1874//1874 1875//1875
f 1876//1876 1877//1877 1878//1878
f 1879//1879 1880//1880 1881//1881
f 1882//1882 1883//1883 1884//1884
f 1885//1885 1886//1886 1887//1887
f 1888//1888 1889//1889 1890//1890
f 1891//1891 1892//1892 1893//1893
f 1894//1894 1895//1895 1896//1896
f 1897//1897 1898//1898 1899//1899
f 1900//1900 1901//1901 1902//1902
f 1903//1903 1904//1904 1905//1905
f 1906//1906 1907//1907 1908//1908
f 1909//1909 1910//1910 1911//1911
f 1912//1912 1913//1913 1914//1914
f 1915//1915 1916//1916 1917//1917
f 1918//1918 1919//1919 1920//1920
f 1921//1921 1922//1922 1923//1923
f 1924//1924 1925//1925 1926//1926
f 1927//1927 1928//1928 1929//1929
f 1930//1930 1931//1931 1932//1932
f 1933//1933 1934//1934 1935//1935
f 1936//1936 1937//1937 1938//1938
f 1939//1939 1940//1940 1941//1941
f 1942//1942 1943//1943 1944//1944
f 1945//1945 1946//1946 1947//1947
f 1948//1948 1949//1949 1950//1950
f 1951//1951 1952//1952 1953//1953
f 1954//1954 1955//1955 1956//1956
f 1957//1957 1958//1958 1959//1959
f 1960//1960 1961//1961 1962//1962
f 1963//1963 1964//1964 1965//1965
f 1966//1966 1967//1967 1968//1968
f 1969//1969 1970//1970 1971//1971
f 1972//1972 1973//1973 1974//1974
f 1975//1975 1976//1976 1977//1977
f 1978//1978 1979//1979 1980//1980
f 1981//1981 1982//1982 1983//1983
f 1984//1984 1985//1985 1986//1986
f 1987//1987 1988//1988 1989//1989
f 1990//1990 1991//1991 1992//1992
f 1993//1993 1994//1994 1995//1995
f 1996//1996 1997//1997 1998//1998
f 1999//1999 2000//2000 2001//2001
f 2002//2002 2003//2003 2004//2004
f 2005//2005 2006//2006 2007//2007
f 2008//2008 2009//2009 2010//2010
f 2011//2011 2012//2012 2013//2013
f 2014//2014 2015//2015 2016//2016
f 2017//2017 2018//2018 2019//2019
f 2020//2020 2021//2021 2022//2022
f 2023//2023 2024//2024 2025//2025
f 2026//2026 2027//2027 2028//2028
f 2029//2029 2030//2030 2031//2031
f 2032//2032 2033//2033 2034//2034
f 2035//2035 2036//2036 2037//2037
f 2038//2038 2039//2039 2040//2040
f 2041//2041 2042//2042 2043//2043
f 2044//2044 2045//2045 2046//2046
f 2047//2047 2048//2048 2049//2049
f 2050//2050 2051//2051 2052//2052
f 2053//2053 2054//2054 2055//2055
f 2056//2056 2057//2057 2058//2058
f 2059//2059 2060//2060 2061//2061
f 2062//2062 2063//2063 2064//2064
f 2065//2065 2066//2066 2067//2067
f 2068//2068 2069//2069 2070//2070
f 2071//2071 2072//2072 2073//2073
f 2074//2074 2075//2075 2076//2076
f 2077//2077 2078//2078 2079//2079
f 2080//2080 2081//2081 2082//2082
f 2083//2083 2084//2084 2085//2085
f 2086//2086 2087//2087 2088//2088
f 2089//2089 2090//2090 2091//2091
f 2092//2092 2093//2093 2094//2094
f 2095//2095 2096//2096 2097//2097
f 2098//2098 2099//2099 2100//2100
f 2101//2101 2102//2102 2103//2103
f 2104//2104 2105//2105 2106//2106
f 2107//2107 2108//2108 2109//2109
f 2110//2110 2111//2111 2112//2112
f 2113//2113 2114//2114 2115//2115
f 2116//2116 2117//2117 2118//2118
f 2119//2119 2120//2120 2121//2121
f 2122//2122 2123//2123 2124//2124
f 2125//2125 2126//2126 2127//2127
f 2128//2128 2129//2129 2130//2130
f 2131//2131 2132//2132 2133//2133
f 2134//2134 2135//2135 2136//2136
f 2137//2137 2138//2138 2139//2139
f 2140//2140 2141//2141 2142//2142
f 2143//2143 2144//2144 2145//2145
f 2146//2146 2147//2147 2148//2148
f 2149//2149 2150//2150 2151//2151
f 2152//2152 2153//2153 2154//2154
f 2155//2155 2156//2156 2157//2157
f 2158//2158 2159//2159 2160//2160
f 2161//2161 2162//2162 2163//2163
f 2164//2164 2165//2165 2166//2166
f 2167//2167 2168//2168 2169//2169
f 2170//2170 2171//2171 2172//2172
f 2173//2173 2174//2174 2175//2175
f 2176//2176 2177//2177 2178//2178
f 2179//2179 2180//2180 2181//2181
f 2182//2182 2183//2183 2184//2184
f 2185//2185 2186//2186 2187//2187
f 2188//2188 2189//2189 2190//2190
f 2191//2191 2192//2192 2193//2193
f 2194//2194 2195//2195 2196//2196
f 2197//2197 2198//2198 2199//2199
f 2200//2200 2201//2201 2202//2202
f 2203//2203 2204//2204 2205//2205
f 2206//2206 2207//2207 2208//2208
f 2209//2209 2210//2210 2211//2211
f 2212//2212 2213//2213 2214//2214
f 2215//2215 2216//2216 2217//2217
f 2218//2218 2219//2219 2220//2220
f 2221//2221 2222//2222 2223//2223
f 2224//2224 2225//2225 2226//2226
f 2227//2227 2228//2228 2229//2229
f 2230//2230 2231//2231 2232//2232
f 2233//2233 2234//2234 2235//2235
f 2236//2236 2237//2237 2238//2238
f 2239//2239 2240//2240 2241//2241
f 2242//2242 2243//2243 2244//2244
f 2245//2245 2246//2246 2247//2247
f 2248//2248 2249//2249 2250//2250
f 2251//2251 2252//2252 2253//2253
f 2254//2254 2255//2255 2256//2256
f 2257//2257 2258//2258 2259//2259
f 2260//2260 2261//2261 2262//2262
f 2263//2263 2264//2264 2265//2265
f 2266//2266 2267//2267 2268//2268
f 2269//2269 2270//2270 2271//2271
f 2272//2272 2273//2273 2274//2274
f 2275//2275 2276//2276 2277//2277
f 2278//2278 2279//2279 2280//2280
f 2281//2281 2282//2282 2283//2283
f 2284//2284 2285//2285 2286//2286
f 2287//2287 2288//2288 2289//2289
f 2290//2290 2291//2291 2292//2292
f 2293//2293 2294//2294 2295//2295
f 2296//2296 2297//2297 2298//2298
f 2299//2299 2300//2300 2301//2301
f 2302//2302 2303//2303 2304//2304
f 2305//2305 2306//2306 2307//2307
f 2308//2308 2309//2309 2310//2310
f 2311//2311 2312//2312 2313//2313
f 2314//2314 2315//2315 2316//2316
f 2317//2317 2318//2318 2319//2319
f 2320//2320 2321//2321 2322//2322
f 2323//2323 2324//2324 2325//2325
f 2326//2326 2327//2327 2328//2328
f 2329//2329 2330//2330 2331//2331
f 2332//2332 2333//2333 2334//2334
f 2335//2335 2336//2336 2337//2337
f 2338//2338 2339//2339 2340//2340
f 2341//2341 2342//2342 2343//2343
f 2344//2344 2345//2345 2346//2346
f 2347//2347 2348//2348 2349//2349
f 2350//2350 2351//2351 2352//2352
f 2353//2353 2354//2354 2355//2355
f 2356//2356 2357//2357 2358//2358
f 2359//2359 2360//2360 2361//2361
f 2362//2362 2363//2363 2364//2364
f 2365//2365 2366//2366 2367//2367
f 2368//2368 2369//2369 2370//2370
f 2371//2371 2372//2372 2373//2373
f 2374//2374 2375//2375 2376//2376
f 2377//2377 2378//2378 2379//2379
f 2380//2380 2381//2381 2382//2382
f 2383//2383 2384//2384 2385//2385
f 2386//2386 2387//2387 2388//2388
f 2389//2389 2390//2390 2391//2391
f 2392//2392 2393//2393 2394//2394
f 2395//2395 2396//2396 2397//2397
f 2398//2398 2399//2399 2400//2400
f 2401//2401 2402//2402 2403//2403
f 2404//2404 2405//2405 2406//2406
f 2407//2407 2408//2408 2409//2409
f 2410//2410 2411//2411 2412//2412
f 2413//2413 2414//2414 2415//2415
f 2416//2416 2417//2417 2418//2418
f 2419//2419 2420//2420 2421//2421
f 2422//2422 2423//2423 2424//2424
f 2425//2425 2426//2426 2427//2427
f 2428//2428 2429//2429 2430//2430
f 2431//2431 2432//2432 2433//2433
f 2434//2434 2435//2435 2436//2436
f 2437//2437 2438//2438 2439//2439
f 2440//2440 2441//2441 2442//2442
f 2443//2443 2444//2444 2445//2445
f 2446//2446 2447//2447 2448//2448
f 2449//2449 2450//2450 2451//2451
f 2452//2452 2453//2453 2454//2454
f 2455//2455 2456//2456 2457//2457
f 2458//2458 2459//2459 2460//2460
f 2461//2461 2462//2462 2463//2463
f 2464//2464 2465//2465 2466//2466
f 2467//2467 2468//2468 2469//2469
f 2470//2470 2471//2471 2472//2472
f 2473//2473 2474//2474 2475//2475
f 2476//2476 2477//2477 2478//2478
f 2479//2479 2480//2480 2481//2481
f 2482//2482 2483//2483 2484//2484
f 2485//2485 2486//2486 2487//2487
f 2488//2488 2489//2489 2490//2490
f 2491//2491 2492//2492 2493//2493
f 2494//2494 2495//2495 2496//2496
f 2497//2497 2498//2498 2499//2499
f 2500//2500 2501//2501 2502//2502
f 2503//2503 2504//2504 2505//2505
f 2506//2506 2507//2507 2508//2508
f 2509//2509 2510//2510 2511//2511
f 2512//2512 2513//2513 2514//2514
f 2515//2515 2516//2516 2517//2517
f 2518//2518 2519//2519 2520//2520
f 2521//2521 2522//2522 2523//2523
f 2524//2524 2525//2525 2526//2526
f 2527//2527 2528//2528 2529//2529
f 2530//2530 2531//2531 2532//2532
f 2533//2533 2534//2534 2535//2535
f 2536//2536 2537//2537 2538//2538
f 2539//2539 2540//2540 2541//2541
f 2542//2542 2543//2543 2544//2544
f 2545//2545 2546//2546 2547//2547
f 2548//2548 2549//2549 2550//2550
f 2551//2551 2552//2552 2553//2553
f 2554//2554 2555//2555 2556//2556
f 2557//2557 2558//2558 2559//2559
f 2560//2560 2561//2561 2562//2562
f 2563//2563 2564//2564 2565//2565
f 2566//2566 2567//2567 2568//2568
f 2569//2569 2570//2570 2571//2571
f 2572//2572 2573//2573 2574//2574
f 2575//2575 2576//2576 2577//2577
f 2578//2578 2579//2579 2580//2580
f 2581//2581 2582//2582 2583//2583
f 2584//2584 2585//2585 2586//2586
f 2587//2587 2588//2588 2589//2589
f 2590//2590 2591//2591 2592//2592
f 2593//2593 2594//2594 2595//2595
f 2596//2596 2597//2597 2598//2598
f 2599//2599 2600//2600 2601//2601
f 2602//2602 2603//2603 2604//2604
f 2605//2605 2606//2606 2607//2607
f 2608//2608 2609//2609 2610//2610
f 2611//2611 2612//2612 2613//2613
f 2614//2614 2615//2615 2616//2616
f 2617//2617 2618//2618 2619//2619
f 2620//2620 2621//2621 2622//2622
f 2623//2623 2624//2624 2625//2625
f 2626//2626 2627//2627 2628//2628
f 2629//2629 2630//2630 2631//2631
f 2632//2632 2633//2633 2634//2634
f 2635//2635 2636//2636 2637//2637
f 2638//2638 2639//2639 2640//2640
f 2641//2641 2642//2642 2643//2643
f 2644//2644 2645//2645 2646//2646
f 2647//2647 2648//2648 2649//2649
f 2650//2650 2651//2651 2652//2652
f 2653//2653 2654//2654 2655//2655
f 2656//2656 2657//2657 2658//2658
f 2659//2659 2660//2660 2661//2661
f 2662//2662 2663//2663 2664//2664
f 2665//2665 2666//2666 2667//2667
f 2668//2668 2669//2669 2670//2670
f 2671//2671 2672//2672 2673//2673
f 2674//2674 2675//2675 2676//2676
f 2677//2677 2678//2678 2679//2679
f 2680//2680 2681//2681 2682//2682
f 2683//2683 2684//2684 2685//2685
f 2686//2686 2687//2687 2688//2688
f 2689//2689 2690//2690 2691//2691
f 2692//2692 2693//2693 2694//2694
f 2695//2695 2696//2696 2697//2697
f 2698//2698 2699//2699 2700//2700
f 2701//2701 2702//2702 2703//2703
f 2704//2704 2705//2705 2706//2706
f 2707//2707 2708//2708 2709//2709
f 2710//2710 2711//2711 2712//2712
f 2713//2713 2714//2714 2715//2715
f 2716//2716 2717//2717 2718//2718
f 2719//2719 2720//2720 2721//2721
f 2722//2722 2723//2723 2724//2724
f 2725//2725 2726//2726 2727//2727
f 2728//2728 2729//2729 2730//2730
f 2731//2731 2732//2732 2733//2733
f 2734//2734 2735//2735 2736//2736
f 2737//2737 2738//2738 2739//2739
f 2740//2740 2741//2741 2742//2742
f 2743//2743 2744//2744 2745//2745
f 2746//2746 2747//2747 2748//2748
f 2749//2749 2750//2750 2751//2751
f 2752//2752 2753//2753 2754//2754
f 2755//2755 2756//2756 2757//2757
f 2758//2758 2759//2759 2760//2760
f 2761//2761 2762//2762 2763//2763
f 2764//2764 2765//2765 2766//2766
f 2767//2767 2768//2768 2769//2769
f 2770//2770 2771//2771 2772//2772
f 2773//2773 2774//2774 2775//2775
f 2776//2776 2777//2777 2778//2778
f 2779//2779 2780//2780 2781//2781
f 2782//2782 2783//2783 2784//2784
f 2785//2785 2786//2786 2787//2787
f 2788//2788 2789//2789 2790//2790
f 2791//2791 2792//2792 2793//2793
f 2794//2794 2795//2795 2796//2796
f 2797//2797 2798//2798 2799//2799
f 2800//2800 2801//2801 2802//2802
f 2803//2803 2804//2804 2805//2805
f 2806//2806 2807//2807 2808//2808
f 2809//2809 2810//2810 2811//2811
f 2812//2812 2813//2813 2814//2814
f 2815//2815 2816//2816 2817//2817
f 2818//2818 2819//2819 2820//2820
f 2821//2821 2822//2822 2823//2823
f 2824//2824 2825//2825 2826//2826
f 2827//2827 2828//2828 2829//2829
f 2830//2830 2831//2831 2832//2832
f 2833//2833 2834//2834 2835//2835
f 2836//2836 2837//2837 2838//2838
f 2839//2839 2840//2840 2841//2841
f 2842//2842 2843//2843 2844//2844
f 2845//2845 2846//2846 2847//2847
f 2848//2848 2849//2849 2850//2850
f 2851//2851 2852//2852 2853//2853
f 2854//2854 2855//2855 2856//2856
f 2857//2857 2858//2858 2859//2859
f 2860//2860 2861//2861 2862//2862
f 2863//2863 2864//2864 2865//2865
f 2866//2866 2867//2867 2868//2868
f 2869//2869 2870//2870 2871//2871
f 2872//2872 2873//2873 2874//2874
f 2875//2875 2876//2876 2877//2877
f 2878//2878 2879//2879 2880//2880
f 2881//2881 2882//2882 2883//2883
f 2884//2884 2885//2885 2886//2886
f 2887//2887 2888//2888 2889//2889
f 2890//2890 2891//2891 2892//2892
f 2893//2893 2894//2894 2895//2895
f 2896//2896 2897//2897 2898//2898
f 2899//2899 2900//2900 2901//2901
f 2902//2902 2903//2903 2904//2904
f 2905//2905 2906//2906 2907//2907
f 2908//2908 2909//2909 2910//2910
f 2911//2911 2912//2912 2913//2913
f 2914//2914 2915//2915 2916//2916
f 2917//2917 2918//2918 2919//2919
f 2920//2920 2921//2921 2922//2922
f 2923//2923 2924//2924 2925//2925
f 2926//2926 2927//2927 2928//2928
f 2929//2929 2930//2930 2931//2931
f 2932//2932 2933//2933 2934//2934
f 2935//2935 2936//2936 2937//2937
f 2938//2938 2939//2939 2940//2940
f 2941//2941 2942//2942 2943//2943
f 2944//2944 2945//2945 2946//2946
f 2947//2947 2948//2948 2949//2949
f 2950//2950 2951//2951 2952//2952
f 2953//2953 2954//2954 2955//2955
f 2956//2956 2957//2957 2958//2958
f 2959//2959 2960//2960 2961//2961
f 2962//2962 2963//2963 2964//2964
f 2965//2965 2966//2966 2967//2967
f 2968//2968 2969//2969 2970//2970
f 2971//2971 2972//2972 2973//2973
f 2974//2974 2975//2975 2976//2976
f 2977//2977 2978//2978 2979//2979
f 2980//2980 2981//2981 2982//2982
f 2983//2983 2984//2984 2985//2985
f 2986//2986 2987//2987 2988//2988
f 2989//2989 2990//2990 2991//2991
f 2992//2992 2993//2993 2994//2994
f 2995//2995 2996//2996 2997//2997
f 2998//2998 2999//2999 3000//3000
f 3001//3001 3002//3002 3003//3003
f 3004//3004 3005//3005 3006//3006
f 3007//3007 3008//3008 3009//3009
f 3010//3010 3011//3011 3012//3012
f 3013//3013 3014//3014 3015//3015
f 3016//3016 3017//3017 3018//3018
f 3019//3019 3020//3020 3021//3021
f 3022//3022 3023//3023 3024//3024
f 3025//3025 3026//3026 3027//3027
f 3028//3028 3029//3029 3030//3030
f 3031//3031 3032//3032 3033//3033
f 3034//3034 3035//3035 3036//3036
f 3037//3037 3038//3038 3039//3039
f 3040//3040 3041//3041 3042//3042
f 3043//3043 3044//3044 3045//3045
f 3046//3046 3047//3047 3048//3048
f 3049//3049 3050//3050 3051//3051
f 3052//3052 3053//3053 3054//3054
f 3055//3055 3056//3056 3057//3057
f 3058//3058 3059//3059 3060//3060
f 3061//3061 3062//3062 3063//3063
f 3064//3064 3065//3065 3066//3066
f 3067//3067 3068//3068 3069//3069
f 3070//3070 3071//3071 3072//3072
f 3073//3073 3074//3074 3075//3075
f 3076//3076 3077//3077 3078//3078
f 3079//3079 3080//3080 3081//3081
f 3082//3082 3083//3083 3084//3084
f 3085//3085 3086//3086 3087//3087
f 3088//3088 3089//3089 3090//3090
f 3091//3091 3092//3092 3093//3093
f 3094//3094 3095//3095 3096//3096
f 3097//3097 3098//3098 3099//3099
f 3100//3100 3101//3101 3102//3102
f 3103//3103 3104//3104 3105//3105
f 3106//3106 3107//3107 3108//3108
f 3109//3109 3110//3110 3111//3111
f 3112//3112 3113//3113 3114//3114
f 3115//3115 3116//3116 3117//3117
f 3118//3118 3119//3119 3120//3120
f 3121//3121 3122//3122 3123//3123
f 3124//3124 3125//3125 3126//3126
f 3127//3127 3128//3128 3129//3129
f 3130//3130 3131//3131 3132//3132
f 3133//3133 3134//3134 3135//3135
f 3136//3136 3137//3137 3138//3138
f 3139//3139 3140//3140 3141//3141
f 3142//3142 3143//3143 3144//3144
f 3145//3145 3146//3146 3147//3147
f 3148//3148 3149//3149 3150//3150
f 3151//3151 3152//3152 3153//3153
f 3154//3154 3155//3155 3156//3156
f 3157//3157 3158//3158 3159//3159
f 3160//3160 3161//3161 3162//3162
f 3163//3163 3164//3164 3165//3165
f 3166//3166 3167//3167 3168//3168
f 3169//3169 3170//3170 3171//3171
f 3172//3172 3173//3173 3174//3174
f 3175//3175 3176//3176 3177//3177
f 3178//3178 3179//3179 3180//3180
f 3181//3181 3182//3182 3183//3183
f 3184//3184 3185//3185 3186//3186
f 3187//3187 3188//3188 3189//3189
f 3190//3190 3191//3191 3192//3192
f 3193//3193 3194//3194 3195//3195
f 3196//3196 3197//3197 3198//3198
f 3199//3199 3200//3200 3201//3201
f 3202//3202 3203//3203 3204//3204
f 3205//3205 3206//3206 3207//3207
f 3208//3208 3209//3209 3210//3210
f 3211//3211 3212//3212 3213//3213
f 3214//3214 3215//3215 3216//3216
f 3217//3217 3218//3218 3219//3219
f 3220//3220 3221//3221 3222//3222
f 3223//3223 3224//3224 3225//3225
f 3226//3226 3227//3227 3228//3228
f 3229//3229 3230//3230 3231//3231
f 3232//3232 3233//3233 3234//3234
f 3235//3235 3236//3236 3237//3237
f 3238//3238 3239//3239 3240//3240
f 3241//3241 3242//3242 3243//3243
f 3244//3244 3245//3245 3246//3246
f 3247//3247 3248//3248 3249//3249
f 3250//3250 3251//3251 3252//3252
f 3253//3253 3254//3254 3255//3255
f 3256//3256 3257//3257 3258//3258
f 3259//3259 3260//3260 3261//3261
f 3262//3262 3263//3263 3264//3264
f 3265//3265 3266//3266 3267//3267
f 3268//3268 3269//3269 3270//3270
f 3271//3271 3272//3272 3273//3273
f 3274//3274 3275//3275 3276//3276
f 3277//3277 3278//3278 3279//3279
f 3280//3280 3281//3281 3282//3282
f 3283//3283 3284//3284 3285//3285
f 3286//3286 3287//3287 3288//3288
f 3289//3289 3290//3290 3291//3291
f 3292//3292 3293//3293 3294//3294
f 3295//3295 3296//3296 3297//3297
f 3298//3298 3299//3299 3300//3300
f 3301//3301 3302//3302 3303//3303
f 3304//3304 3305//3305 3306//3306
f 3307//3307 3308//3308 3309//3309
f 3310//3310 3311//3311 3312//3312
f 3313//3313 3314//3314 3315//3315
f 3316//3316 3317//3317 3318//3318
f 3319//3319 3320//3320 3321//3321
f 3322//3322 3323//3323 3324//3324
f 3325//3325 3326//3326 3327//3327
f 3328//3328 3329//3329 3330//3330
f 3331//3331 3332//3332 3333//3333
f 3334//3334 3335//3335 3336//3336
f 3337//3337 3338//3338 3339//3339
f 3340//3340 3341//3341 3342//3342
f 3343//3343 3344//3344 3345//3345
o Icosphere
usemtl __DEFAULT
v 371.59381034281705 724.4681872973798 -121.66303073198318
v 600.274022481166 825.490957471569 42.3657536308522
v 360.54930185616865 655.088972501396 161.0970461679205
v 770.2303176687201 1027.267111695944 185.5458765849525
v 600.274022481166 825.490957471569 42.3657536308522
v 827.8795790765598 997.5665423550846 -124.25893699011536
v 371.59381034281705 724.4681872973798 -121.66303073198318
v 360.54930185616865 655.088972501396 161.0970461679205
v 89.7329460869405 863.8194291651746 -117.18231930816852
v 371.59381034281705 724.4681872973798 -121.66303073198318
v 89.7329460869405 863.8194291651746 -117.18231930816852
v 285.5570258493708 787.9295042953497 -410.66037792595824
v 371.59381034281705 724.4681872973798 -121.66303073198318
v 285.5570258493708 787.9295042953497 -410.66037792595824
v 589.9033425917123 810.5457179390372 -280.56488133651976
v 770.2303176687201 1027.267111695944 185.5458765849525
v 827.8795790765598 997.5665423550846 -124.25893699011536
v 871.883798899773 1286.3658992810851 54.813348750793836
v 213.2346279730382 1069.0299549498636 305.2883077122375
v 650.2350753448463 901.4077476371367 395.017076284995
v 350.5349416545241 1291.1916795009256 379.48064613453175
v -93.78326388404457 1069.031988366311 -117.2819032657132
v 8.667359518065496 1030.025981026305 131.09757491318587
v -121.91570265928567 1291.191734612243 36.22378645462905
v 223.4338846918754 1035.9519916093893 -590.666591210072
v 8.667359518065496 1030.0259000940005 -365.66136873482867
v 58.544144250892714 1291.1916441269973 -519.1706903175467
v 839.2910710537453 1005.039944312964 -432.21671045031854
v 545.928495216077 954.5300558397213 -596.8576799421128
v 698.5408782720951 1290.583037055345 -578.4740764084222
v 770.2303176687201 1027.267111695944 185.5458765849525
v 871.883798899773 1286.3658992810851 54.813348750793836
v 736.7210332553841 1294.1609830124958 329.5047881260123
v 213.2346279730382 1069.0299549498636 305.2883077122375
v 350.5349416545241 1291.1916795009256 379.48064613453175
v 58.544144250892714 1291.1917750789742 284.6068113972949
v -93.78326388404457 1069.031988366311 -117.2819032657132
v -121.91570265928567 1291.191734612243 36.22378645462905
v -121.91570265928567 1291.1916845937285 -270.78766537488093
v 223.4338846918754 1035.9519916093893 -590.666591210072
v 58.544144250892714 1291.1916441269973 -519.1706903175467
v 410.6549240858535 1300.7922116663844 -767.7689025731116
v 839.2910710537453 1005.039944312964 -432.21671045031854
v 698.5408782720951 1290.583037055345 -578.4740764084222
v 884.6402055078834 1286.4607276196282 -281.14340659053676
v 523.3999759705375 1540.9967660654843 333.4444754893381
v 799.5304296724662 1631.8679791177838 218.5950520673046
v 421.5882329125661 1703.8992137837188 128.08690768586803
v -8.926914236952143 1513.3534127986834 143.878374882024
v 219.9504515729659 1552.3582547451288 284.60425205549143
v 141.05408835915023 1755.7401191675658 43.78739730992717
v -8.926914236952143 1513.35332770184 -378.4423261917332
v -72.03583855695433 1552.357330599208 -117.28198200940632
v 139.26649955734683 1718.5020220347824 -272.6968108431768
v 547.2992587852432 1559.9818541468364 -633.9293605445368
v 222.98175034256838 1562.1529597277106 -530.5752682492276
v 457.96679388467237 1819.196787964735 -424.1101659991284
v 905.394622997861 1559.1135416283512 -115.35591625072841
v 795.775434655412 1608.5171069981045 -407.46356349424923
v 663.1492700307208 1814.5863121158184 -111.55018414025125
v 663.1492700307208 1814.5863121158184 -111.55018414025125
v 457.96679388467237 1819.196787964735 -424.1101659991284
v 389.8637836340731 1941.187600388686 -118.23470002621643
v 663.1492700307208 1814.5863121158184 -111.55018414025125
v 795.775434655412 1608.5171069981045 -407.46356349424923
v 457.96679388467237 1819.196787964735 -424.1101659991284
v 795.775434655412 1608.5171069981045 -407.46356349424923
v 547.2992587852432 1559.9818541468364 -633.9293605445368
v 457.96679388467237 1819.196787964735 -424.1101659991284
v 457.96679388467237 1819.196787964735 -424.1101659991284
v 139.26649955734683 1718.5020220347824 -272.6968108431768
v 389.8637836340731 1941.187600388686 -118.23470002621643
v 457.96679388467237 1819.196787964735 -424.1101659991284
v 222.98175034256838 1562.1529597277106 -530.5752682492276
v 139.26649955734683 1718.5020220347824 -272.6968108431768
v 222.98175034256838 1562.1529597277106 -530.5752682492276
v -8.926914236952143 1513.35332770184 -378.4423261917332
v 139.26649955734683 1718.5020220347824 -272.6968108431768
v 139.26649955734683 1718.5020220347824 -272.6968108431768
v 141.05408835915023 1755.7401191675658 43.78739730992717
v 389.8637836340731 1941.187600388686 -118.23470002621643
v 139.26649955734683 1718.5020220347824 -272.6968108431768
v -72.03583855695433 1552.357330599208 -117.28198200940632
v 141.05408835915023 1755.7401191675658 43.78739730992717
v -72.03583855695433 1552.357330599208 -117.28198200940632
v -8.926914236952143 1513.3534127986834 143.878374882024
v 141.05408835915023 1755.7401191675658 43.78739730992717
v 141.05408835915023 1755.7401191675658 43.78739730992717
v 421.5882329125661 1703.8992137837188 128.08690768586803
v 389.8637836340731 1941.187600388686 -118.23470002621643
v 141.05408835915023 1755.7401191675658 43.78739730992717
v 219.9504515729659 1552.3582547451288 284.60425205549143
v 421.5882329125661 1703.8992137837188 128.08690768586803
v 219.9504515729659 1552.3582547451288 284.60425205549143
v 523.3999759705375 1540.9967660654843 333.4444754893381
v 421.5882329125661 1703.8992137837188 128.08690768586803
v 421.5882329125661 1703.8992137837188 128.08690768586803
v 663.1492700307208 1814.5863121158184 -111.55018414025125
v 389.8637836340731 1941.187600388686 -118.23470002621643
v 421.5882329125661 1703.8992137837188 128.08690768586803
v 799.5304296724662 1631.8679791177838 218.5950520673046
v 663.1492700307208 1814.5863121158184 -111.55018414025125
v 799.5304296724662 1631.8679791177838 218.5950520673046
v 905.394622997861 1559.1135416283512 -115.35591625072841
v 663.1492700307208 1814.5863121158184 -111.55018414025125
v 884.6402055078834 1286.4607276196282 -281.14340659053676
v 795.775434655412 1608.5171069981045 -407.46356349424923
v 905.394622997861 1559.1135416283512 -115.35591625072841
v 884.6402055078834 1286.4607276196282 -281.14340659053676
v 698.5408782720951 1290.583037055345 -578.4740764084222
v 795.775434655412 1608.5171069981045 -407.46356349424923
v 698.5408782720951 1290.583037055345 -578.4740764084222
v 547.2992587852432 1559.9818541468364 -633.9293605445368
v 795.775434655412 1608.5171069981045 -407.46356349424923
v 410.6549240858535 1300.7922116663844 -767.7689025731116
v 222.98175034256838 1562.1529597277106 -530.5752682492276
v 547.2992587852432 1559.9818541468364 -633.9293605445368
v 410.6549240858535 1300.7922116663844 -767.7689025731116
v 58.544144250892714 1291.1916441269973 -519.1706903175467
v 222.98175034256838 1562.1529597277106 -530.5752682492276
v 58.544144250892714 1291.1916441269973 -519.1706903175467
v -8.926914236952143 1513.35332770184 -378.4423261917332
v 222.98175034256838 1562.1529597277106 -530.5752682492276
v -121.91570265928567 1291.1916845937285 -270.78766537488093
v -72.03583855695433 1552.357330599208 -117.28198200940632
v -8.926914236952143 1513.35332770184 -378.4423261917332
v -121.91570265928567 1291.1916845937285 -270.78766537488093
v -121.91570265928567 1291.191734612243 36.22378645462905
v -72.03583855695433 1552.357330599208 -117.28198200940632
v -121.91570265928567 1291.191734612243 36.22378645462905
v -8.926914236952143 1513.3534127986834 143.878374882024
v -72.03583855695433 1552.357330599208 -117.28198200940632
v 58.544144250892714 1291.1917750789742 284.6068113972949
v 219.9504515729659 1552.3582547451288 284.60425205549143
v -8.926914236952143 1513.3534127986834 143.878374882024
v 58.544144250892714 1291.1917750789742 284.6068113972949
v 350.5349416545241 1291.1916795009256 379.48064613453175
v 219.9504515729659 1552.3582547451288 284.60425205549143
v 350.5349416545241 1291.1916795009256 379.48064613453175
v 523.3999759705375 1540.9967660654843 333.4444754893381
v 219.9504515729659 1552.3582547451288 284.60425205549143
v 736.7210332553841 1294.1609830124958 329.5047881260123
v 799.5304296724662 1631.8679791177838 218.5950520673046
v 523.3999759705375 1540.9967660654843 333.4444754893381
v 736.7210332553841 1294.1609830124958 329.5047881260123
v 871.883798899773 1286.3658992810851 54.813348750793836
v 799.5304296724662 1631.8679791177838 218.5950520673046
v 871.883798899773 1286.3658992810851 54.813348750793836
v 905.394622997861 1559.1135416283512 -115.35591625072841
v 799.5304296724662 1631.8679791177838 218.5950520673046
v 698.5408782720951 1290.583037055345 -578.4740764084222
v 410.6549240858535 1300.7922116663844 -767.7689025731116
v 547.2992587852432 1559.9818541468364 -633.9293605445368
v 698.5408782720951 1290.583037055345 -578.4740764084222
v 545.928495216077 954.5300558397213 -596.8576799421128
v 410.6549240858535 1300.7922116663844 -767.7689025731116
v 545.928495216077 954.5300558397213 -596.8576799421128
v 223.4338846918754 1035.9519916093893 -590.666591210072
v 410.6549240858535 1300.7922116663844 -767.7689025731116
v 58.544144250892714 1291.1916441269973 -519.1706903175467
v -121.91570265928567 1291.1916845937285 -270.78766537488093
v -8.926914236952143 1513.35332770184 -378.4423261917332
v 58.544144250892714 1291.1916441269973 -519.1706903175467
v 8.667359518065496 1030.0259000940005 -365.66136873482867
v -121.91570265928567 1291.1916845937285 -270.78766537488093
v 8.667359518065496 1030.0259000940005 -365.66136873482867
v -93.78326388404457 1069.031988366311 -117.2819032657132
v -121.91570265928567 1291.1916845937285 -270.78766537488093
v -121.91570265928567 1291.191734612243 36.22378645462905
v 58.544144250892714 1291.1917750789742 284.6068113972949
v -8.926914236952143 1513.3534127986834 143.878374882024
v -121.91570265928567 1291.191734612243 36.22378645462905
v 8.667359518065496 1030.025981026305 131.09757491318587
v 58.544144250892714 1291.1917750789742 284.6068113972949
v 8.667359518065496 1030.025981026305 131.09757491318587
v 213.2346279730382 1069.0299549498636 305.2883077122375
v 58.544144250892714 1291.1917750789742 284.6068113972949
v 350.5349416545241 1291.1916795009256 379.48064613453175
v 736.7210332553841 1294.1609830124958 329.5047881260123
v 523.3999759705375 1540.9967660654843 333.4444754893381
v 350.5349416545241 1291.1916795009256 379.48064613453175
v 650.2350753448463 901.4077476371367 395.017076284995
v 736.7210332553841 1294.1609830124958 329.5047881260123
v 650.2350753448463 901.4077476371367 395.017076284995
v 770.2303176687201 1027.267111695944 185.5458765849525
v 736.7210332553841 1294.1609830124958 329.5047881260123
v 871.883798899773 1286.3658992810851 54.813348750793836
v 884.6402055078834 1286.4607276196282 -281.14340659053676
v 905.394622997861 1559.1135416283512 -115.35591625072841
v 871.883798899773 1286.3658992810851 54.813348750793836
v 827.8795790765598 997.5665423550846 -124.25893699011536
v 884.6402055078834 1286.4607276196282 -281.14340659053676
v 827.8795790765598 997.5665423550846 -124.25893699011536
v 839.2910710537453 1005.039944312964 -432.21671045031854
v 884.6402055078834 1286.4607276196282 -281.14340659053676
v 589.9033425917123 810.5457179390372 -280.56488133651976
v 545.928495216077 954.5300558397213 -596.8576799421128
v 839.2910710537453 1005.039944312964 -432.21671045031854
v 589.9033425917123 810.5457179390372 -280.56488133651976
v 285.5570258493708 787.9295042953497 -410.66037792595824
v 545.928495216077 954.5300558397213 -596.8576799421128
v 285.5570258493708 787.9295042953497 -410.66037792595824
v 223.4338846918754 1035.9519916093893 -590.666591210072
v 545.928495216077 954.5300558397213 -596.8576799421128
v 285.5570258493708 787.9295042953497 -410.66037792595824
v 8.667359518065496 1030.0259000940005 -365.66136873482867
v 223.4338846918754 1035.9519916093893 -590.666591210072
v 285.5570258493708 787.9295042953497 -410.66037792595824
v 89.7329460869405 863.8194291651746 -117.18231930816852
v 8.667359518065496 1030.0259000940005 -365.66136873482867
v 89.7329460869405 863.8194291651746 -117.18231930816852
v -93.78326388404457 1069.031988366311 -117.2819032657132
v 8.667359518065496 1030.0259000940005 -365.66136873482867
v 89.7329460869405 863.8194291651746 -117.18231930816852
v 8.667359518065496 1030.025981026305 131.09757491318587
v -93.78326388404457 1069.031988366311 -117.2819032657132
v 89.7329460869405 863.8194291651746 -117.18231930816852
v 360.54930185616865 655.088972501396 161.0970461679205
v 8.667359518065496 1030.025981026305 131.09757491318587
v 360.54930185616865 655.088972501396 161.0970461679205
v 213.2346279730382 1069.0299549498636 305.2883077122375
v 8.667359518065496 1030.025981026305 131.09757491318587
v 827.8795790765598 997.5665423550846 -124.25893699011536
v 589.9033425917123 810.5457179390372 -280.56488133651976
v 839.2910710537453 1005.039944312964 -432.21671045031854
v 827.8795790765598 997.5665423550846 -124.25893699011536
v 600.274022481166 825.490957471569 42.3657536308522
v 589.9033425917123 810.5457179390372 -280.56488133651976
v 600.274022481166 825.490957471569 42.3657536308522
v 371.59381034281705 724.4681872973798 -121.66303073198318
v 589.9033425917123 810.5457179390372 -280.56488133651976
v 360.54930185616865 655.088972501396 161.0970461679205
v 650.2350753448463 901.4077476371367 395.017076284995
v 213.2346279730382 1069.0299549498636 305.2883077122375
v 360.54930185616865 655.088972501396 161.0970461679205
v 600.274022481166 825.490957471569 42.3657536308522
v 650.2350753448463 901.4077476371367 395.017076284995
v 600.274022481166 825.490957471569 42.3657536308522
v 770.2303176687201 1027.267111695944 185.5458765849525
v 650.2350753448463 901.4077476371367 395.017076284995
v 276.06621657707547 627.9266655572496 416.4932951675472
v 627.3917497861548 807.5837444108586 597.5324191958374
v 196.83474985977045 725.2896369750853 776.3185533599737
v 615.3356332563326 1263.1062646783316 542.4805613600067
v 627.3917497861548 807.5837444108586 597.5324191958374
v 639.3511622698188 1169.7354971826612 235.597185060838
v 276.06621657707547 627.9266655572496 416.4932951675472
v 196.83474985977045 725.2896369750853 776.3185533599737
v -95.02644088404486 634.9996271807775 448.31508394029345
v 276.06621657707547 627.9266655572496 416.4932951675472
v -95.02644088404486 634.9996271807775 448.31508394029345
v 60.64690948237512 580.0289822691151 141.10288986241926
v 276.06621657707547 627.9266655572496 416.4932951675472
v 60.64690948237512 580.0289822691151 141.10288986241926
v 464.0659515344082 745.5411249469566 137.9142053848732
v 615.3356332563326 1263.1062646783316 542.4805613600067
v 639.3511622698188 1169.7354971826612 235.597185060838
v 608.6212753178515 1579.0558405607594 375.39702957049866
v 56.043696213546355 1036.5054993444214 990.1675089600083
v 501.840836323031 1104.8904384367536 921.8899406139838
v 130.48903807441002 1447.2267148208807 1013.6156564460252
v -439.16588043406955 784.549155423369 494.31041748575456
v -239.61089283815818 812.2349311987417 818.6614095612056
v -583.0811024888353 1105.8030469002747 678.3771900726343
v -155.0337590989875 867.5332059259391 -129.94834705708126
v -347.4533145860514 726.1421139631151 200.36894450168342
v -505.0704281239814 1067.6919696518253 -53.58045177708841
v 441.3684592896607 1136.1821737188845 -98.32223616899296
v 169.9161008322908 954.3076673859554 -189.39814235023925
v 221.5810073347202 1324.6282811253595 -275.06569971065534
v 615.3356332563326 1263.1062646783316 542.4805613600067
v 608.6212753178515 1579.0558405607594 375.39702957049866
v 484.6557782048567 1562.087705429564 770.1383000894256
v 56.043696213546355 1036.5054993444214 990.1675089600083
v 130.48903807441002 1447.2267148208807 1013.6156564460252
v -316.23863420244015 1267.622293396587 997.4370336445129
v -439.16588043406955 784.549155423369 494.31041748575456
v -583.0811024888353 1105.8030469002747 678.3771900726343
v -645.0710016966332 1029.88041702692 284.77758132186466
v -155.0337590989875 867.5332059259391 -129.94834705708126
v -505.0704281239814 1067.6919696518253 -53.58045177708841
v -128.8072427815423 1169.9933225566906 -296.1131058594467
v 441.3684592896607 1136.1821737188845 -98.32223616899296
v 221.5810073347202 1324.6282811253595 -275.06569971065534
v 484.2075818953963 1466.4922863124848 -34.17064377432702
v 160.892423030974 1760.3621373865265 789.3517569328072
v 353.56172297221093 1878.4370752573172 475.80429448462075
v -75.61593130803885 1954.3915731987663 557.711187958651
v -574.6907088697699 1483.6416598577455 796.3228431685384
v -236.9767291019598 1679.2930141205627 890.146640247847
v -525.5036436872215 1810.0623825930895 553.9187902726026
v -637.4397910976222 1326.766215297789 68.5741413983387
v -661.6888192256229 1405.0621656140931 416.92439872396915
v -575.9103760679791 1686.1182832881716 130.70373806082597
v -66.83919525349484 1503.0868294648214 -279.88458674732703
v -387.78944275273534 1434.6137640902812 -175.60676091935153
v -197.02048853852466 1771.9627499913124 -83.21773623986049
v 374.52605667689784 1753.999786363203 131.70712771071442
v 185.58793012775004 1682.9133260115682 -140.87961891793796
v 90.00683231687435 2018.0022839509438 177.34798941390227
v 90.00683231687435 2018.0022839509438 177.34798941390227
v -197.02048853852466 1771.9627499913124 -83.21773623986049
v -274.2237166882114 1916.833280867154 241.29422262832742
v 90.00683231687435 2018.0022839509438 177.34798941390227
v 185.58793012775004 1682.9133260115682 -140.87961891793796
v -197.02048853852466 1771.9627499913124 -83.21773623986049
v 185.58793012775004 1682.9133260115682 -140.87961891793796
v -66.83919525349484 1503.0868294648214 -279.88458674732703
v -197.02048853852466 1771.9627499913124 -83.21773623986049
v -197.02048853852466 1771.9627499913124 -83.21773623986049
v -575.9103760679791 1686.1182832881716 130.70373806082597
v -274.2237166882114 1916.833280867154 241.29422262832742
v -197.02048853852466 1771.9627499913124 -83.21773623986049
v -387.78944275273534 1434.6137640902812 -175.60676091935153
v -575.9103760679791 1686.1182832881716 130.70373806082597
v -387.78944275273534 1434.6137640902812 -175.60676091935153
v -637.4397910976222 1326.766215297789 68.5741413983387
v -575.9103760679791 1686.1182832881716 130.70373806082597
v -575.9103760679791 1686.1182832881716 130.70373806082597
v -525.5036436872215 1810.0623825930895 553.9187902726026
v -274.2237166882114 1916.833280867154 241.29422262832742
v -575.9103760679791 1686.1182832881716 130.70373806082597
v -661.6888192256229 1405.0621656140931 416.92439872396915
v -525.5036436872215 1810.0623825930895 553.9187902726026
v -661.6888192256229 1405.0621656140931 416.92439872396915
v -574.6907088697699 1483.6416598577455 796.3228431685384
v -525.5036436872215 1810.0623825930895 553.9187902726026
v -525.5036436872215 1810.0623825930895 553.9187902726026
v -75.61593130803885 1954.3915731987663 557.711187958651
v -274.2237166882114 1916.833280867154 241.29422262832742
v -525.5036436872215 1810.0623825930895 553.9187902726026
v -236.9767291019598 1679.2930141205627 890.146640247847
v -75.61593130803885 1954.3915731987663 557.711187958651
v -236.9767291019598 1679.2930141205627 890.146640247847
v 160.892423030974 1760.3621373865265 789.3517569328072
v -75.61593130803885 1954.3915731987663 557.711187958651
v -75.61593130803885 1954.3915731987663 557.711187958651
v 90.00683231687435 2018.0022839509438 177.34798941390227
v -274.2237166882114 1916.833280867154 241.29422262832742
v -75.61593130803885 1954.3915731987663 557.711187958651
v 353.56172297221093 1878.4370752573172 475.80429448462075
v 90.00683231687435 2018.0022839509438 177.34798941390227
v 353.56172297221093 1878.4370752573172 475.80429448462075
v 374.52605667689784 1753.999786363203 131.70712771071442
v 90.00683231687435 2018.0022839509438 177.34798941390227
v 484.2075818953963 1466.4922863124848 -34.17064377432702
v 185.58793012775004 1682.9133260115682 -140.87961891793796
v 374.52605667689784 1753.999786363203 131.70712771071442
v 484.2075818953963 1466.4922863124848 -34.17064377432702
v 221.5810073347202 1324.6282811253595 -275.06569971065534
v 185.58793012775004 1682.9133260115682 -140.87961891793796
v 221.5810073347202 1324.6282811253595 -275.06569971065534
v -66.83919525349484 1503.0868294648214 -279.88458674732703
v 185.58793012775004 1682.9133260115682 -140.87961891793796
v -128.8072427815423 1169.9933225566906 -296.1131058594467
v -387.78944275273534 1434.6137640902812 -175.60676091935153
v -66.83919525349484 1503.0868294648214 -279.88458674732703
v -128.8072427815423 1169.9933225566906 -296.1131058594467
v -505.0704281239814 1067.6919696518253 -53.58045177708841
v -387.78944275273534 1434.6137640902812 -175.60676091935153
v -505.0704281239814 1067.6919696518253 -53.58045177708841
v -637.4397910976222 1326.766215297789 68.5741413983387
v -387.78944275273534 1434.6137640902812 -175.60676091935153
v -645.0710016966332 1029.88041702692 284.77758132186466
v -661.6888192256229 1405.0621656140931 416.92439872396915
v -637.4397910976222 1326.766215297789 68.5741413983387
v -645.0710016966332 1029.88041702692 284.77758132186466
v -583.0811024888353 1105.8030469002747 678.3771900726343
v -661.6888192256229 1405.0621656140931 416.92439872396915
v -583.0811024888353 1105.8030469002747 678.3771900726343
v -574.6907088697699 1483.6416598577455 796.3228431685384
v -661.6888192256229 1405.0621656140931 416.92439872396915
v -316.23863420244015 1267.622293396587 997.4370336445129
v -236.9767291019598 1679.2930141205627 890.146640247847
v -574.6907088697699 1483.6416598577455 796.3228431685384
v -316.23863420244015 1267.622293396587 997.4370336445129
v 130.48903807441002 1447.2267148208807 1013.6156564460252
v -236.9767291019598 1679.2930141205627 890.146640247847
v 130.48903807441002 1447.2267148208807 1013.6156564460252
v 160.892423030974 1760.3621373865265 789.3517569328072
v -236.9767291019598 1679.2930141205627 890.146640247847
v 484.6557782048567 1562.087705429564 770.1383000894256
v 353.56172297221093 1878.4370752573172 475.80429448462075
v 160.892423030974 1760.3621373865265 789.3517569328072
v 484.6557782048567 1562.087705429564 770.1383000894256
v 608.6212753178515 1579.0558405607594 375.39702957049866
v 353.56172297221093 1878.4370752573172 475.80429448462075
v 608.6212753178515 1579.0558405607594 375.39702957049866
v 374.52605667689784 1753.999786363203 131.70712771071442
v 353.56172297221093 1878.4370752573172 475.80429448462075
v 221.5810073347202 1324.6282811253595 -275.06569971065534
v -128.8072427815423 1169.9933225566906 -296.1131058594467
v -66.83919525349484 1503.0868294648214 -279.88458674732703
v 221.5810073347202 1324.6282811253595 -275.06569971065534
v 169.9161008322908 954.3076673859554 -189.39814235023925
v -128.8072427815423 1169.9933225566906 -296.1131058594467
v 169.9161008322908 954.3076673859554 -189.39814235023925
v -155.0337590989875 867.5332059259391 -129.94834705708126
v -128.8072427815423 1169.9933225566906 -296.1131058594467
v -505.0704281239814 1067.6919696518253 -53.58045177708841
v -645.0710016966332 1029.88041702692 284.77758132186466
v -637.4397910976222 1326.766215297789 68.5741413983387
v -505.0704281239814 1067.6919696518253 -53.58045177708841
v -347.4533145860514 726.1421139631151 200.36894450168342
v -645.0710016966332 1029.88041702692 284.77758132186466
v -347.4533145860514 726.1421139631151 200.36894450168342
v -439.16588043406955 784.549155423369 494.31041748575456
v -645.0710016966332 1029.88041702692 284.77758132186466
v -583.0811024888353 1105.8030469002747 678.3771900726343
v -316.23863420244015 1267.622293396587 997.4370336445129
v -574.6907088697699 1483.6416598577455 796.3228431685384
v -583.0811024888353 1105.8030469002747 678.3771900726343
v -239.61089283815818 812.2349311987417 818.6614095612056
v -316.23863420244015 1267.622293396587 997.4370336445129
v -239.61089283815818 812.2349311987417 818.6614095612056
v 56.043696213546355 1036.5054993444214 990.1675089600083
v -316.23863420244015 1267.622293396587 997.4370336445129
v 130.48903807441002 1447.2267148208807 1013.6156564460252
v 484.6557782048567 1562.087705429564 770.1383000894256
v 160.892423030974 1760.3621373865265 789.3517569328072
v 130.48903807441002 1447.2267148208807 1013.6156564460252
v 501.840836323031 1104.8904384367536 921.8899406139838
v 484.6557782048567 1562.087705429564 770.1383000894256
v 501.840836323031 1104.8904384367536 921.8899406139838
v 615.3356332563326 1263.1062646783316 542.4805613600067
v 484.6557782048567 1562.087705429564 770.1383000894256
v 608.6212753178515 1579.0558405607594 375.39702957049866
v 484.2075818953963 1466.4922863124848 -34.17064377432702
v 374.52605667689784 1753.999786363203 131.70712771071442
v 608.6212753178515 1579.0558405607594 375.39702957049866
v 639.3511622698188 1169.7354971826612 235.597185060838
v 484.2075818953963 1466.4922863124848 -34.17064377432702
v 639.3511622698188 1169.7354971826612 235.597185060838
v 441.3684592896607 1136.1821737188845 -98.32223616899296
v 484.2075818953963 1466.4922863124848 -34.17064377432702
v 464.0659515344082 745.5411249469566 137.9142053848732
v 169.9161008322908 954.3076673859554 -189.39814235023925
v 441.3684592896607 1136.1821737188845 -98.32223616899296
v 464.0659515344082 745.5411249469566 137.9142053848732
v 60.64690948237512 580.0289822691151 141.10288986241926
v 169.9161008322908 954.3076673859554 -189.39814235023925
v 60.64690948237512 580.0289822691151 141.10288986241926
v -155.0337590989875 867.5332059259391 -129.94834705708126
v 169.9161008322908 954.3076673859554 -189.39814235023925
v 60.64690948237512 580.0289822691151 141.10288986241926
v -347.4533145860514 726.1421139631151 200.36894450168342
v -155.0337590989875 867.5332059259391 -129.94834705708126
v 60.64690948237512 580.0289822691151 141.10288986241926
v -95.02644088404486 634.9996271807775 448.31508394029345
v -347.4533145860514 726.1421139631151 200.36894450168342
v -95.02644088404486 634.9996271807775 448.31508394029345
v -439.16588043406955 784.549155423369 494.31041748575456
v -347.4533145860514 726.1421139631151 200.36894450168342
v -95.02644088404486 634.9996271807775 448.31508394029345
v -239.61089283815818 812.2349311987417 818.6614095612056
v -439.16588043406955 784.549155423369 494.31041748575456
v -95.02644088404486 634.9996271807775 448.31508394029345
v 196.83474985977045 725.2896369750853 776.3185533599737
v -239.61089283815818 812.2349311987417 818.6614095612056
v 196.83474985977045 725.2896369750853 776.3185533599737
v 56.043696213546355 1036.5054993444214 990.1675089600083
v -239.61089283815818 812.2349311987417 818.6614095612056
v 639.3511622698188 1169.7354971826612 235.597185060838
v 464.0659515344082 745.5411249469566 137.9142053848732
v 441.3684592896607 1136.1821737188845 -98.32223616899296
v 639.3511622698188 1169.7354971826612 235.597185060838
v 627.3917497861548 807.5837444108586 597.5324191958374
v 464.0659515344082 745.5411249469566 137.9142053848732
v 627.3917497861548 807.5837444108586 597.5324191958374
v 276.06621657707547 627.9266655572496 416.4932951675472
v 464.0659515344082 745.5411249469566 137.9142053848732
v 196.83474985977045 725.2896369750853 776.3185533599737
v 501.840836323031 1104.8904384367536 921.8899406139838
v 56.043696213546355 1036.5054993444214 990.1675089600083
v 196.83474985977045 725.2896369750853 776.3185533599737
v 627.3917497861548 807.5837444108586 597.5324191958374
v 501.840836323031 1104.8904384367536 921.8899406139838
v 627.3917497861548 807.5837444108586 597.5324191958374
v 615.3356332563326 1263.1062646783316 542.4805613600067
v 501.840836323031 1104.8904384367536 921.8899406139838
v 235.79799739075406 576.0894250224387 -85.59609156656539
v 495.9771690147245 909.1507512030098 -41.09846074405908
v 226.35030669384696 803.8404144745415 227.96094127029176
v 590.8396929908813 1256.489033645964 -42.48620262942586
v 495.9771690147245 909.1507512030098 -41.09846074405908
v 604.1245371714922 1111.526415733854 -379.5463923489801
v 235.79799739075406 576.0894250224387 -85.59609156656539
v 226.35030669384696 803.8404144745415 227.96094127029176
v -80.62645041243195 598.9748564094992 104.56752963816598
v 235.79799739075406 576.0894250224387 -85.59609156656539
v -80.62645041243195 598.9748564094992 104.56752963816598
v 39.32115051209439 593.592812174628 -363.04679448456596
v 235.79799739075406 576.0894250224387 -85.59609156656539
v 39.32115051209439 593.592812174628 -363.04679448456596
v 370.90254555603826 730.33546144355 -428.0294337934045
v 590.8396929908813 1256.489033645964 -42.48620262942586
v 604.1245371714922 1111.526415733854 -379.5463923489801
v 571.8065394210798 1507.2357630353129 -271.7405877785215
v 114.52514242521374 1154.0372669911746 391.6485602007794
v 416.9171550773581 1189.790173270866 241.1462352492651
v 193.9655325196445 1481.6388946614468 353.9519312938458
v -469.6382551112547 821.2890029776579 182.6204795048086
v -161.90217434064107 975.0361693183729 310.3990104670125
v -546.0740688493279 1186.7914585518006 234.9561404574132
v -214.2159247241143 785.8100314452319 -641.2650031984858
v -374.50670083399746 762.1510639429006 -240.62581369777462
v -561.0233418562384 1061.7269987032264 -570.2276060282932
v 422.11358371323195 962.6189088067431 -774.3952361200461
v 87.68253013702815 828.509859492722 -716.8037798692368
v 154.51553734175468 1230.7288504714265 -853.4226790697136
v 590.8396929908813 1256.489033645964 -42.48620262942586
v 571.8065394210798 1507.2357630353129 -271.7405877785215
v 481.2402836756319 1549.5179954067105 103.38304630281476
v 114.52514242521374 1154.0372669911746 391.6485602007794
v 193.9655325196445 1481.6388946614468 353.9519312938458
v -163.2218026104456 1348.673969414284 397.1302207382814
v -469.6382551112547 821.2890029776579 182.6204795048086
v -546.0740688493279 1186.7914585518006 234.9561404574132
v -739.2580185971456 1104.6487165031851 -115.93674067634605
v -214.2159247241143 785.8100314452319 -641.2650031984858
v -561.0233418562384 1061.7269987032264 -570.2276060282932
v -230.24907657783115 1079.6104521860177 -841.1019786261242
v 422.11358371323195 962.6189088067431 -774.3952361200461
v 154.51553734175468 1230.7288504714265 -853.4226790697136
v 495.3212633103467 1424.3179999954878 -740.4257204048175
v 231.68669859554757 1871.0136134341092 172.30027533905428
v 389.43682831209367 1962.5322427196584 -163.5748212831047
v -26.01193726022575 1994.3688547462743 -56.526038188434356
v -445.6725881962775 1551.3643648853076 232.13881327654263
v -105.65526964870696 1701.7960548066321 255.66375053213176
v -437.5801827953801 1845.1231330077012 -11.319274350490062
v -652.9837969493383 1349.9395491799658 -366.2887091498927
v -718.2734182367349 1498.9906205689274 -73.90093349271794
v -593.7864713512681 1717.1050347096814 -392.42272654513204
v -161.37684574696686 1475.2840120202532 -943.2800830718817
v -469.8368152256262 1408.8609282081054 -688.27262768508
v -287.35355606734083 1880.8479624505408 -751.2336711187227
v 400.70595126602734 1830.925014045582 -586.3041424199419
v 158.90392017368777 1671.533463520408 -826.5342885623576
v 86.13342962052229 1958.5207208897946 -475.7776860159969
v 86.13342962052229 1958.5207208897946 -475.7776860159969
v -287.35355606734083 1880.8479624505408 -751.2336711187227
v -262.1408037218389 1929.4112259236895 -341.7803977677331
v 86.13342962052229 1958.5207208897946 -475.7776860159969
v 158.90392017368777 1671.533463520408 -826.5342885623576
v -287.35355606734083 1880.8479624505408 -751.2336711187227
v 158.90392017368777 1671.533463520408 -826.5342885623576
v -161.37684574696686 1475.2840120202532 -943.2800830718817
v -287.35355606734083 1880.8479624505408 -751.2336711187227
v -287.35355606734083 1880.8479624505408 -751.2336711187227
v -593.7864713512681 1717.1050347096814 -392.42272654513204
v -262.1408037218389 1929.4112259236895 -341.7803977677331
v -287.35355606734083 1880.8479624505408 -751.2336711187227
v -469.8368152256262 1408.8609282081054 -688.27262768508
v -593.7864713512681 1717.1050347096814 -392.42272654513204
v -469.8368152256262 1408.8609282081054 -688.27262768508
v -652.9837969493383 1349.9395491799658 -366.2887091498927
v -593.7864713512681 1717.1050347096814 -392.42272654513204
v -593.7864713512681 1717.1050347096814 -392.42272654513204
v -437.5801827953801 1845.1231330077012 -11.319274350490062
v -262.1408037218389 1929.4112259236895 -341.7803977677331
v -593.7864713512681 1717.1050347096814 -392.42272654513204
v -718.2734182367349 1498.9906205689274 -73.90093349271794
v -437.5801827953801 1845.1231330077012 -11.319274350490062
v -718.2734182367349 1498.9906205689274 -73.90093349271794
v -445.6725881962775 1551.3643648853076 232.13881327654263
v -437.5801827953801 1845.1231330077012 -11.319274350490062
v -437.5801827953801 1845.1231330077012 -11.319274350490062
v -26.01193726022575 1994.3688547462743 -56.526038188434356
v -262.1408037218389 1929.4112259236895 -341.7803977677331
v -437.5801827953801 1845.1231330077012 -11.319274350490062
v -105.65526964870696 1701.7960548066321 255.66375053213176
v -26.01193726022575 1994.3688547462743 -56.526038188434356
v -105.65526964870696 1701.7960548066321 255.66375053213176
v 231.68669859554757 1871.0136134341092 172.30027533905428
v -26.01193726022575 1994.3688547462743 -56.526038188434356
v -26.01193726022575 1994.3688547462743 -56.526038188434356
v 86.13342962052229 1958.5207208897946 -475.7776860159969
v -262.1408037218389 1929.4112259236895 -341.7803977677331
v -26.01193726022575 1994.3688547462743 -56.526038188434356
v 389.43682831209367 1962.5322427196584 -163.5748212831047
v 86.13342962052229 1958.5207208897946 -475.7776860159969
v 389.43682831209367 1962.5322427196584 -163.5748212831047
v 400.70595126602734 1830.925014045582 -586.3041424199419
v 86.13342962052229 1958.5207208897946 -475.7776860159969
v 495.3212633103467 1424.3179999954878 -740.4257204048175
v 158.90392017368777 1671.533463520408 -826.5342885623576
v 400.70595126602734 1830.925014045582 -586.3041424199419
v 495.3212633103467 1424.3179999954878 -740.4257204048175
v 154.51553734175468 1230.7288504714265 -853.4226790697136
v 158.90392017368777 1671.533463520408 -826.5342885623576
v 154.51553734175468 1230.7288504714265 -853.4226790697136
v -161.37684574696686 1475.2840120202532 -943.2800830718817
v 158.90392017368777 1671.533463520408 -826.5342885623576
v -230.24907657783115 1079.6104521860177 -841.1019786261242
v -469.8368152256262 1408.8609282081054 -688.27262768508
v -161.37684574696686 1475.2840120202532 -943.2800830718817
v -230.24907657783115 1079.6104521860177 -841.1019786261242
v -561.0233418562384 1061.7269987032264 -570.2276060282932
v -469.8368152256262 1408.8609282081054 -688.27262768508
v -561.0233418562384 1061.7269987032264 -570.2276060282932
v -652.9837969493383 1349.9395491799658 -366.2887091498927
v -469.8368152256262 1408.8609282081054 -688.27262768508
v -739.2580185971456 1104.6487165031851 -115.93674067634605
v -718.2734182367349 1498.9906205689274 -73.90093349271794
v -652.9837969493383 1349.9395491799658 -366.2887091498927
v -739.2580185971456 1104.6487165031851 -115.93674067634605
v -546.0740688493279 1186.7914585518006 234.9561404574132
v -718.2734182367349 1498.9906205689274 -73.90093349271794
v -546.0740688493279 1186.7914585518006 234.9561404574132
v -445.6725881962775 1551.3643648853076 232.13881327654263
v -718.2734182367349 1498.9906205689274 -73.90093349271794
v -163.2218026104456 1348.673969414284 397.1302207382814
v -105.65526964870696 1701.7960548066321 255.66375053213176
v -445.6725881962775 1551.3643648853076 232.13881327654263
v -163.2218026104456 1348.673969414284 397.1302207382814
v 193.9655325196445 1481.6388946614468 353.9519312938458
v -105.65526964870696 1701.7960548066321 255.66375053213176
v 193.9655325196445 1481.6388946614468 353.9519312938458
v 231.68669859554757 1871.0136134341092 172.30027533905428
v -105.65526964870696 1701.7960548066321 255.66375053213176
v 481.2402836756319 1549.5179954067105 103.38304630281476
v 389.43682831209367 1962.5322427196584 -163.5748212831047
v 231.68669859554757 1871.0136134341092 172.30027533905428
v 481.2402836756319 1549.5179954067105 103.38304630281476
v 571.8065394210798 1507.2357630353129 -271.7405877785215
v 389.43682831209367 1962.5322427196584 -163.5748212831047
v 571.8065394210798 1507.2357630353129 -271.7405877785215
v 400.70595126602734 1830.925014045582 -586.3041424199419
v 389.43682831209367 1962.5322427196584 -163.5748212831047
v 154.51553734175468 1230.7288504714265 -853.4226790697136
v -230.24907657783115 1079.6104521860177 -841.1019786261242
v -161.37684574696686 1475.2840120202532 -943.2800830718817
v 154.51553734175468 1230.7288504714265 -853.4226790697136
v 87.68253013702815 828.509859492722 -716.8037798692368
v -230.24907657783115 1079.6104521860177 -841.1019786261242
v 87.68253013702815 828.509859492722 -716.8037798692368
v -214.2159247241143 785.8100314452319 -641.2650031984858
v -230.24907657783115 1079.6104521860177 -841.1019786261242
v -561.0233418562384 1061.7269987032264 -570.2276060282932
v -739.2580185971456 1104.6487165031851 -115.93674067634605
v -652.9837969493383 1349.9395491799658 -366.2887091498927
v -561.0233418562384 1061.7269987032264 -570.2276060282932
v -374.50670083399746 762.1510639429006 -240.62581369777462
v -739.2580185971456 1104.6487165031851 -115.93674067634605
v -374.50670083399746 762.1510639429006 -240.62581369777462
v -469.6382551112547 821.2890029776579 182.6204795048086
v -739.2580185971456 1104.6487165031851 -115.93674067634605
v -546.0740688493279 1186.7914585518006 234.9561404574132
v -163.2218026104456 1348.673969414284 397.1302207382814
v -445.6725881962775 1551.3643648853076 232.13881327654263
v -546.0740688493279 1186.7914585518006 234.9561404574132
v -161.90217434064107 975.0361693183729 310.3990104670125
v -163.2218026104456 1348.673969414284 397.1302207382814
v -161.90217434064107 975.0361693183729 310.3990104670125
v 114.52514242521374 1154.0372669911746 391.6485602007794
v -163.2218026104456 1348.673969414284 397.1302207382814
v 193.9655325196445 1481.6388946614468 353.9519312938458
v 481.2402836756319 1549.5179954067105 103.38304630281476
v 231.68669859554757 1871.0136134341092 172.30027533905428
v 193.9655325196445 1481.6388946614468 353.9519312938458
v 416.9171550773581 1189.790173270866 241.1462352492651
v 481.2402836756319 1549.5179954067105 103.38304630281476
v 416.9171550773581 1189.790173270866 241.1462352492651
v 590.8396929908813 1256.489033645964 -42.48620262942586
v 481.2402836756319 1549.5179954067105 103.38304630281476
v 571.8065394210798 1507.2357630353129 -271.7405877785215
v 495.3212633103467 1424.3179999954878 -740.4257204048175
v 400.70595126602734 1830.925014045582 -586.3041424199419
v 571.8065394210798 1507.2357630353129 -271.7405877785215
v 604.1245371714922 1111.526415733854 -379.5463923489801
v 495.3212633103467 1424.3179999954878 -740.4257204048175
v 604.1245371714922 1111.526415733854 -379.5463923489801
v 422.11358371323195 962.6189088067431 -774.3952361200461
v 495.3212633103467 1424.3179999954878 -740.4257204048175
v 370.90254555603826 730.33546144355 -428.0294337934045
v 87.68253013702815 828.509859492722 -716.8037798692368
v 422.11358371323195 962.6189088067431 -774.3952361200461
v 370.90254555603826 730.33546144355 -428.0294337934045
v 39.32115051209439 593.592812174628 -363.04679448456596
v 87.68253013702815 828.509859492722 -716.8037798692368
v 39.32115051209439 593.592812174628 -363.04679448456596
v -214.2159247241143 785.8100314452319 -641.2650031984858
v 87.68253013702815 828.509859492722 -716.8037798692368
v 39.32115051209439 593.592812174628 -363.04679448456596
v -374.50670083399746 762.1510639429006 -240.62581369777462
v -214.2159247241143 785.8100314452319 -641.2650031984858
v 39.32115051209439 593.592812174628 -363.04679448456596
v -80.62645041243195 598.9748564094992 104.56752963816598
v -374.50670083399746 762.1510639429006 -240.62581369777462
v -80.62645041243195 598.9748564094992 104.56752963816598
v -469.6382551112547 821.2890029776579 182.6204795048086
v -374.50670083399746 762.1510639429006 -240.62581369777462
v -80.62645041243195 598.9748564094992 104.56752963816598
v -161.90217434064107 975.0361693183729 310.3990104670125
v -469.6382551112547 821.2890029776579 182.6204795048086
v -80.62645041243195 598.9748564094992 104.56752963816598
v 226.35030669384696 803.8404144745415 227.96094127029176
v -161.90217434064107 975.0361693183729 310.3990104670125
v 226.35030669384696 803.8404144745415 227.96094127029176
v 114.52514242521374 1154.0372669911746 391.6485602007794
v -161.90217434064107 975.0361693183729 310.3990104670125
v 604.1245371714922 1111.526415733854 -379.5463923489801
v 370.90254555603826 730.33546144355 -428.0294337934045
v 422.11358371323195 962.6189088067431 -774.3952361200461
v 604.1245371714922 1111.526415733854 -379.5463923489801
v 495.9771690147245 909.1507512030098 -41.09846074405908
v 370.90254555603826 730.33546144355 -428.0294337934045
v 495.9771690147245 909.1507512030098 -41.09846074405908
v 235.79799739075406 576.0894250224387 -85.59609156656539
v 370.90254555603826 730.33546144355 -428.0294337934045
v 226.35030669384696 803.8404144745415 227.96094127029176
v 416.9171550773581 1189.790173270866 241.1462352492651
v 114.52514242521374 1154.0372669911746 391.6485602007794
v 226.35030669384696 803.8404144745415 227.96094127029176
v 495.9771690147245 909.1507512030098 -41.09846074405908
v 416.9171550773581 1189.790173270866 241.1462352492651
v 495.9771690147245 909.1507512030098 -41.09846074405908
v 590.8396929908813 1256.489033645964 -42.48620262942586
v 416.9171550773581 1189.790173270866 241.1462352492651
v -183.49198924590019 623.9402632621002 -192.71985474650052
v -42.090006455651746 696.1239433555277 -181.1105842575336
v -187.7512902378985 566.0099595791937 46.78412856696562
v -0.10466865425587457 919.4980304552462 -188.88434091633474
v -42.090006455651746 696.1239433555277 -181.1105842575336
v -6.368579974792738 853.2996143752482 -345.26116838274675
v -183.49198924590019 623.9402632621002 -192.71985474650052
v -187.7512902378985 566.0099595791937 46.78412856696562
v -363.6704587676395 532.1054255936206 -102.61441150049068
v -183.49198924590019 623.9402632621002 -192.71985474650052
v -363.6704587676395 532.1054255936206 -102.61441150049068
v -293.7568680765835 637.6620288363109 -336.18501734007134
v -183.49198924590019 623.9402632621002 -192.71985474650052
v -293.7568680765835 637.6620288363109 -336.18501734007134
v -98.11137694073113 662.1029202374317 -367.7000142555669
v -0.10466865425587457 919.4980304552462 -188.88434091633474
v -6.368579974792738 853.2996143752482 -345.26116838274675
v -10.431896863447037 1042.060560415808 -300.9025705310602
v -242.06355142954635 820.807950530922 63.550232483429255
v -85.52217417483007 882.7779639085524 -46.77954527295489
v -194.66998210857128 1029.9539802950922 5.459417594061037
v -586.5048284096192 623.112112868047 -55.55726424534178
v -458.2121953475689 628.5644591153041 106.77319724803996
v -642.4379631146767 822.5641921456325 28.443628486329402
v -421.4219611648805 680.0092612795527 -459.57546390207415
v -497.5967391188351 637.1602761066298 -294.17955992252473
v -548.0299422335993 795.3154273263361 -434.86413460370375
v -82.60784703240097 772.0976197702421 -514.044432629665
v -238.40591186373786 715.1238942951583 -518.6614641697421
v -202.05194143368135 872.9693352152876 -639.642189669867
v -0.10466865425587457 919.4980304552462 -188.88434091633474
v -10.431896863447037 1042.060560415808 -300.9025705310602
v -57.40833005390232 1059.4781552666702 -119.64586557606908
v -242.06355142954635 820.807950530922 63.550232483429255
v -194.66998210857128 1029.9539802950922 5.459417594061037
v -447.82483060508093 923.1504492988938 116.40030945470963
v -586.5048284096192 623.112112868047 -55.55726424534178
v -642.4379631146767 822.5641921456325 28.443628486329402
v -639.2691734576474 796.6480614697633 -207.81795013724252
v -421.4219611648805 680.0092612795527 -459.57546390207415
v -548.0299422335993 795.3154273263361 -434.86413460370375
v -413.36011258444705 813.8975593842837 -601.3344088840756
v -82.60784703240097 772.0976197702421 -514.044432629665
v -202.05194143368135 872.9693352152876 -639.642189669867
v -71.54814341173915 984.2130963590731 -469.42452151023537
v -185.32646440933604 1162.6767142755766 -94.30126492752882
v -119.30774317319447 1184.9542551106545 -245.29828543353233
v -294.82511320129197 1232.977133890331 -197.85016876040604
v -626.5708011209608 1065.635908007821 5.874490063367162
v -345.2207716955636 1137.3617296872976 -40.61486665859732
v -538.791656065303 1193.3237555516732 -177.7599300211582
v -664.0851608862722 967.7339563188705 -364.8758824880547
v -744.4649955540372 1053.6830698606943 -169.31691639209416
v -659.2285214291187 1176.1879616949773 -394.1837120723686
v -365.9860854160943 1002.8368651655503 -598.8118438558774
v -574.6134877575896 994.6668904640344 -555.0885559502126
v -409.2376066608049 1147.6748948597904 -486.42678350007105
v -105.40338314513428 1133.0439801255093 -402.6714245043109
v -218.43981296681523 1091.6543039117887 -517.7914851921295
v -247.847021888796 1215.5598055237422 -379.10457899297353
v -247.847021888796 1215.5598055237422 -379.10457899297353
v -409.2376066608049 1147.6748948597904 -486.42678350007105
v -406.7341384725987 1216.2530577681594 -322.72866659735445
v -247.847021888796 1215.5598055237422 -379.10457899297353
v -218.43981296681523 1091.6543039117887 -517.7914851921295
v -409.2376066608049 1147.6748948597904 -486.42678350007105
v -218.43981296681523 1091.6543039117887 -517.7914851921295
v -365.9860854160943 1002.8368651655503 -598.8118438558774
v -409.2376066608049 1147.6748948597904 -486.42678350007105
v -409.2376066608049 1147.6748948597904 -486.42678350007105
v -659.2285214291187 1176.1879616949773 -394.1837120723686
v -406.7341384725987 1216.2530577681594 -322.72866659735445
v -409.2376066608049 1147.6748948597904 -486.42678350007105
v -574.6134877575896 994.6668904640344 -555.0885559502126
v -659.2285214291187 1176.1879616949773 -394.1837120723686
v -574.6134877575896 994.6668904640344 -555.0885559502126
v -664.0851608862722 967.7339563188705 -364.8758824880547
v -659.2285214291187 1176.1879616949773 -394.1837120723686
v -659.2285214291187 1176.1879616949773 -394.1837120723686
v -538.791656065303 1193.3237555516732 -177.7599300211582
v -406.7341384725987 1216.2530577681594 -322.72866659735445
v -659.2285214291187 1176.1879616949773 -394.1837120723686
v -744.4649955540372 1053.6830698606943 -169.31691639209416
v -538.791656065303 1193.3237555516732 -177.7599300211582
v -744.4649955540372 1053.6830698606943 -169.31691639209416
v -626.5708011209608 1065.635908007821 5.874490063367162
v -538.791656065303 1193.3237555516732 -177.7599300211582
v -538.791656065303 1193.3237555516732 -177.7599300211582
v -294.82511320129197 1232.977133890331 -197.85016876040604
v -406.7341384725987 1216.2530577681594 -322.72866659735445
v -538.791656065303 1193.3237555516732 -177.7599300211582
v -345.2207716955636 1137.3617296872976 -40.61486665859732
v -294.82511320129197 1232.977133890331 -197.85016876040604
v -345.2207716955636 1137.3617296872976 -40.61486665859732
v -185.32646440933604 1162.6767142755766 -94.30126492752882
v -294.82511320129197 1232.977133890331 -197.85016876040604
v -294.82511320129197 1232.977133890331 -197.85016876040604
v -247.847021888796 1215.5598055237422 -379.10457899297353
v -406.7341384725987 1216.2530577681594 -322.72866659735445
v -294.82511320129197 1232.977133890331 -197.85016876040604
v -119.30774317319447 1184.9542551106545 -245.29828543353233
v -247.847021888796 1215.5598055237422 -379.10457899297353
v -119.30774317319447 1184.9542551106545 -245.29828543353233
v -105.40338314513428 1133.0439801255093 -402.6714245043109
v -247.847021888796 1215.5598055237422 -379.10457899297353
v -71.54814341173915 984.2130963590731 -469.42452151023537
v -218.43981296681523 1091.6543039117887 -517.7914851921295
v -105.40338314513428 1133.0439801255093 -402.6714245043109
v -71.54814341173915 984.2130963590731 -469.42452151023537
v -202.05194143368135 872.9693352152876 -639.642189669867
v -218.43981296681523 1091.6543039117887 -517.7914851921295
v -202.05194143368135 872.9693352152876 -639.642189669867
v -365.9860854160943 1002.8368651655503 -598.8118438558774
v -218.43981296681523 1091.6543039117887 -517.7914851921295
v -413.36011258444705 813.8975593842837 -601.3344088840756
v -574.6134877575896 994.6668904640344 -555.0885559502126
v -365.9860854160943 1002.8368651655503 -598.8118438558774
v -413.36011258444705 813.8975593842837 -601.3344088840756
v -548.0299422335993 795.3154273263361 -434.86413460370375
v -574.6134877575896 994.6668904640344 -555.0885559502126
v -548.0299422335993 795.3154273263361 -434.86413460370375
v -664.0851608862722 967.7339563188705 -364.8758824880547
v -574.6134877575896 994.6668904640344 -555.0885559502126
v -639.2691734576474 796.6480614697633 -207.81795013724252
v -744.4649955540372 1053.6830698606943 -169.31691639209416
v -664.0851608862722 967.7339563188705 -364.8758824880547
v -639.2691734576474 796.6480614697633 -207.81795013724252
v -642.4379631146767 822.5641921456325 28.443628486329402
v -744.4649955540372 1053.6830698606943 -169.31691639209416
v -642.4379631146767 822.5641921456325 28.443628486329402
v -626.5708011209608 1065.635908007821 5.874490063367162
v -744.4649955540372 1053.6830698606943 -169.31691639209416
v -447.82483060508093 923.1504492988938 116.40030945470963
v -345.2207716955636 1137.3617296872976 -40.61486665859732
v -626.5708011209608 1065.635908007821 5.874490063367162
v -447.82483060508093 923.1504492988938 116.40030945470963
v -194.66998210857128 1029.9539802950922 5.459417594061037
v -345.2207716955636 1137.3617296872976 -40.61486665859732
v -194.66998210857128 1029.9539802950922 5.459417594061037
v -185.32646440933604 1162.6767142755766 -94.30126492752882
v -345.2207716955636 1137.3617296872976 -40.61486665859732
v -57.40833005390232 1059.4781552666702 -119.64586557606908
v -119.30774317319447 1184.9542551106545 -245.29828543353233
v -185.32646440933604 1162.6767142755766 -94.30126492752882
v -57.40833005390232 1059.4781552666702 -119.64586557606908
v -10.431896863447037 1042.060560415808 -300.9025705310602
v -119.30774317319447 1184.9542551106545 -245.29828543353233
v -10.431896863447037 1042.060560415808 -300.9025705310602
v -105.40338314513428 1133.0439801255093 -402.6714245043109
v -119.30774317319447 1184.9542551106545 -245.29828543353233
v -202.05194143368135 872.9693352152876 -639.642189669867
v -413.36011258444705 813.8975593842837 -601.3344088840756
v -365.9860854160943 1002.8368651655503 -598.8118438558774
v -202.05194143368135 872.9693352152876 -639.642189669867
v -238.40591186373786 715.1238942951583 -518.6614641697421
v -413.36011258444705 813.8975593842837 -601.3344088840756
v -238.40591186373786 715.1238942951583 -518.6614641697421
v -421.4219611648805 680.0092612795527 -459.57546390207415
v -413.36011258444705 813.8975593842837 -601.3344088840756
v -548.0299422335993 795.3154273263361 -434.86413460370375
v -639.2691734576474 796.6480614697633 -207.81795013724252
v -664.0851608862722 967.7339563188705 -364.8758824880547
v -548.0299422335993 795.3154273263361 -434.86413460370375
v -497.5967391188351 637.1602761066298 -294.17955992252473
v -639.2691734576474 796.6480614697633 -207.81795013724252
v -497.5967391188351 637.1602761066298 -294.17955992252473
v -586.5048284096192 623.112112868047 -55.55726424534178
v -639.2691734576474 796.6480614697633 -207.81795013724252
v -642.4379631146767 822.5641921456325 28.443628486329402
v -447.82483060508093 923.1504492988938 116.40030945470963
v -626.5708011209608 1065.635908007821 5.874490063367162
v -642.4379631146767 822.5641921456325 28.443628486329402
v -458.2121953475689 628.5644591153041 106.77319724803996
v -447.82483060508093 923.1504492988938 116.40030945470963
v -458.2121953475689 628.5644591153041 106.77319724803996
v -242.06355142954635 820.807950530922 63.550232483429255
v -447.82483060508093 923.1504492988938 116.40030945470963
v -194.66998210857128 1029.9539802950922 5.459417594061037
v -57.40833005390232 1059.4781552666702 -119.64586557606908
v -185.32646440933604 1162.6767142755766 -94.30126492752882
v -194.66998210857128 1029.9539802950922 5.459417594061037
v -85.52217417483007 882.7779639085524 -46.77954527295489
v -57.40833005390232 1059.4781552666702 -119.64586557606908
v -85.52217417483007 882.7779639085524 -46.77954527295489
v -0.10466865425587457 919.4980304552462 -188.88434091633474
v -57.40833005390232 1059.4781552666702 -119.64586557606908
v -10.431896863447037 1042.060560415808 -300.9025705310602
v -71.54814341173915 984.2130963590731 -469.42452151023537
v -105.40338314513428 1133.0439801255093 -402.6714245043109
v -10.431896863447037 1042.060560415808 -300.9025705310602
v -6.368579974792738 853.2996143752482 -345.26116838274675
v -71.54814341173915 984.2130963590731 -469.42452151023537
v -6.368579974792738 853.2996143752482 -345.26116838274675
v -82.60784703240097 772.0976197702421 -514.044432629665
v -71.54814341173915 984.2130963590731 -469.42452151023537
v -98.11137694073113 662.1029202374317 -367.7000142555669
v -238.40591186373786 715.1238942951583 -518.6614641697421
v -82.60784703240097 772.0976197702421 -514.044432629665
v -98.11137694073113 662.1029202374317 -367.7000142555669
v -293.7568680765835 637.6620288363109 -336.18501734007134
v -238.40591186373786 715.1238942951583 -518.6614641697421
v -293.7568680765835 637.6620288363109 -336.18501734007134
v -421.4219611648805 680.0092612795527 -459.57546390207415
v -238.40591186373786 715.1238942951583 -518.6614641697421
v -293.7568680765835 637.6620288363109 -336.18501734007134
v -497.5967391188351 637.1602761066298 -294.17955992252473
v -421.4219611648805 680.0092612795527 -459.57546390207415
v -293.7568680765835 637.6620288363109 -336.18501734007134
v -363.6704587676395 532.1054255936206 -102.61441150049068
v -497.5967391188351 637.1602761066298 -294.17955992252473
v -363.6704587676395 532.1054255936206 -102.61441150049068
v -586.5048284096192 623.112112868047 -55.55726424534178
v -497.5967391188351 637.1602761066298 -294.17955992252473
v -363.6704587676395 532.1054255936206 -102.61441150049068
v -458.2121953475689 628.5644591153041 106.77319724803996
v -586.5048284096192 623.112112868047 -55.55726424534178
v -363.6704587676395 532.1054255936206 -102.61441150049068
v -187.7512902378985 566.0099595791937 46.78412856696562
v -458.2121953475689 628.5644591153041 106.77319724803996
v -187.7512902378985 566.0099595791937 46.78412856696562
v -242.06355142954635 820.807950530922 63.550232483429255
v -458.2121953475689 628.5644591153041 106.77319724803996
v -6.368579974792738 853.2996143752482 -345.26116838274675
v -98.11137694073113 662.1029202374317 -367.7000142555669
v -82.60784703240097 772.0976197702421 -514.044432629665
v -6.368579974792738 853.2996143752482 -345.26116838274675
v -42.090006455651746 696.1239433555277 -181.1105842575336
v -98.11137694073113 662.1029202374317 -367.7000142555669
v -42.090006455651746 696.1239433555277 -181.1105842575336
v -183.49198924590019 623.9402632621002 -192.71985474650052
v -98.11137694073113 662.1029202374317 -367.7000142555669
v -187.7512902378985 566.0099595791937 46.78412856696562
v -85.52217417483007 882.7779639085524 -46.77954527295489
v -242.06355142954635 820.807950530922 63.550232483429255
v -187.7512902378985 566.0099595791937 46.78412856696562
v -42.090006455651746 696.1239433555277 -181.1105842575336
v -85.52217417483007 882.7779639085524 -46.77954527295489
v -42.090006455651746 696.1239433555277 -181.1105842575336
v -0.10466865425587457 919.4980304552462 -188.88434091633474
v -85.52217417483007 882.7779639085524 -46.77954527295489
vn 0.5060071942493088 -0.8420486750114579 -0.18684418181840864
vn 0.5060071942493088 -0.8420486750114579 -0.18684418181840864
vn 0.5060071942493088 -0.8420486750114579 -0.18684418181840864
vn 0.6780675456547792 -0.7088970619835921 0.19413747459142158
vn 0.6780675456547792 -0.7088970619835921 0.19413747459142158
vn 0.6780675456547792 -0.7088970619835921 0.19413747459142158
vn -0.43418752854625586 -0.8708010036917361 -0.2306226398781333
vn -0.43418752854625586 -0.8708010036917361 -0.2306226398781333
vn -0.43418752854625586 -0.8708010036917361 -0.2306226398781333
vn -0.4430928955101744 -0.8941569097098548 -0.06443684323841531
vn -0.4430928955101744 -0.8941569097098548 -0.06443684323841531
vn -0.4430928955101744 -0.8941569097098548 -0.06443684323841531
vn 0.1825865465761412 -0.9475206349589967 -0.26242484512008074
vn 0.1825865465761412 -0.9475206349589967 -0.26242484512008074
vn 0.1825865465761412 -0.9475206349589967 -0.26242484512008074
vn 0.9421529347103778 -0.26820606191502017 0.2010307338907637
vn 0.9421529347103778 -0.26820606191502017 0.2010307338907637
vn 0.9421529347103778 -0.26820606191502017 0.2010307338907637
vn -0.25691088355161024 -0.1595430120169343 0.9531751283102677
vn -0.25691088355161024 -0.1595430120169343 0.9531751283102677
vn -0.25691088355161024 -0.1595430120169343 0.9531751283102677
vn -0.8896972585109085 -0.33038474134691653 0.31509476492526
vn -0.8896972585109085 -0.33038474134691653 0.31509476492526
vn -0.8896972585109085 -0.33038474134691653 0.31509476492526
vn -0.6948224501737312 -0.2611697289315374 -0.6700836779271676
vn -0.6948224501737312 -0.2611697289315374 -0.6700836779271676
vn -0.6948224501737312 -0.2611697289315374 -0.6700836779271676
vn 0.5049277545811348 -0.18316027859971276 -0.8435047569497927
vn 0.5049277545811348 -0.18316027859971276 -0.8435047569497927
vn 0.5049277545811348 -0.18316027859971276 -0.8435047569497927
vn 0.888881960913394 -0.12598371490115295 0.4404735669055119
vn 0.8886622241198969 -0.12621476096422102 0.4408506385807134
vn 0.8910404657563591 -0.12370053565659563 0.4367437072963529
vn -0.30656952429801565 -0.1256291105474092 0.9435213051938759
vn -0.30656952429801565 -0.1256291105474092 0.9435213051938759
vn -0.30656952429801565 -0.1256291105474092 0.9435213051938759
vn -0.9920773779055867 -0.12562832581856392 2.0467452193219067e-8
vn -0.9920773779055867 -0.12562832581856392 2.0467452193219067e-8
vn -0.9920773779055867 -0.12562832581856392 2.0467452193219067e-8
vn -0.5685097631619876 -0.140196486659196 -0.8106427044746154
vn -0.5685097631619876 -0.140196486659196 -0.8106427044746154
vn -0.5685097631619876 -0.140196486659196 -0.8106427044746154
vn 0.8395158083388429 0.14570855070840463 -0.5234331149245678
vn 0.8395158083388429 0.14570855070840463 -0.5234331149245678
vn 0.8395158083388429 0.14570855070840463 -0.5234331149245678
vn 0.0005516795173540077 0.7835699686117571 0.6213033075233706
vn 0.0005516795173540077 0.7835699686117571 0.6213033075233706
vn 0.0005516795173540077 0.7835699686117571 0.6213033075233706
vn -0.4972161112605732 0.5757034353555225 0.6491083832633522
vn -0.4972161112605732 0.5757034353555225 0.6491083832633522
vn -0.4972161112605732 0.5757034353555225 0.6491083832633522
vn -0.7097139381121597 0.6512103855717256 -0.2687585529296773
vn -0.7097139381121597 0.6512103855717256 -0.2687585529296773
vn -0.7097139381121597 0.6512103855717256 -0.2687585529296773
vn -0.24905812069907304 0.5557002175414509 -0.7932006812517435
vn -0.2511112397126609 0.545756866559192 -0.7994326662661858
vn -0.24898347207871893 0.55605839571522 -0.7929730709086165
vn 0.715904932334707 0.6811240482970654 -0.1534606095721486
vn 0.715904932334707 0.6811240482970654 -0.1534606095721486
vn 0.715904932334707 0.6811240482970654 -0.1534606095721486
vn 0.4113785447496656 0.8744366603299466 -0.2571540783084275
vn 0.4113785447496656 0.8744366603299466 -0.2571540783084275
vn 0.4113785447496656 0.8744366603299466 -0.2571540783084275
vn 0.5120254086978542 0.7953618124542602 -0.32439107283843305
vn 0.5120254086978542 0.7953618124542602 -0.32439107283843305
vn 0.5120254086978542 0.7953618124542602 -0.32439107283843305
vn 0.43718913141006943 0.6520559962241698 -0.6194260578672925
vn 0.43718913141006943 0.6520559962241698 -0.6194260578672925
vn 0.43718913141006943 0.6520559962241698 -0.6194260578672925
vn -0.44758266887571707 0.7918673792675701 -0.41547058641256474
vn -0.44758266887571707 0.7918673792675701 -0.41547058641256474
vn -0.44758266887571707 0.7918673792675701 -0.41547058641256474
vn -0.4801188539639909 0.6723002055868207 -0.5634698923955233
vn -0.4801188539639909 0.6723002055868207 -0.5634698923955233
vn -0.4801188539639909 0.6723002055868207 -0.5634698923955233
vn -0.5060277508915098 0.6548743432012588 -0.5613158735902627
vn -0.5060277508915098 0.6548743432012588 -0.5613158735902627
vn -0.5060277508915098 0.6548743432012588 -0.5613158735902627
vn -0.6311831250026547 0.7707256258969203 -0.08711987315006597
vn -0.6311831250026547 0.7707256258969203 -0.08711987315006597
vn -0.6311831250026547 0.7707256258969203 -0.08711987315006597
vn -0.6536675649303533 0.7520167044751443 -0.0847914544536512
vn -0.6536675649303533 0.7520167044751443 -0.0847914544536512
vn -0.6536675649303533 0.7520167044751443 -0.0847914544536512
vn -0.76401185170369 0.5850654624849861 0.2720005423956512
vn -0.76401185170369 0.5850654624849861 0.2720005423956512
vn -0.76401185170369 0.5850654624849861 0.2720005423956512
vn -0.0776439061295791 0.7129996735013299 0.6968521288106525
vn -0.0776439061295791 0.7129996735013299 0.6968521288106525
vn -0.0776439061295791 0.7129996735013299 0.6968521288106525
vn -0.05764807705745656 0.7533299130282443 0.6551112434910848
vn -0.05764807705745656 0.7533299130282443 0.6551112434910848
vn -0.05764807705745656 0.7533299130282443 0.6551112434910848
vn -0.07480478293852084 0.7628534893753917 0.6422295525723727
vn -0.07480478293852084 0.7628534893753917 0.6422295525723727
vn -0.07480478293852084 0.7628534893753917 0.6422295525723727
vn 0.31062725950033654 0.7042373439947007 0.6384046279426553
vn 0.31062725950033654 0.7042373439947007 0.6384046279426553
vn 0.31062725950033654 0.7042373439947007 0.6384046279426553
vn 0.056905006775176806 0.8832951009952515 0.4653510339106442
vn 0.056905006775176806 0.8832951009952515 0.4653510339106442
vn 0.056905006775176806 0.8832951009952515 0.4653510339106442
vn 0.7239015908572345 0.6852261157589195 0.08019761241027647
vn 0.7239015908572345 0.6852261157589195 0.08019761241027647
vn 0.7239015908572345 0.6852261157589195 0.08019761241027647
vn 0.9354046790942638 0.12897730756995704 -0.32921564431321027
vn 0.9354046790942638 0.12897730756995704 -0.32921564431321027
vn 0.9354046790942638 0.12897730756995704 -0.32921564431321027
vn 0.8475317676530336 0.025933467177898357 -0.5301107036261927
vn 0.8475317676530336 0.025933467177898357 -0.5301107036261927
vn 0.8475317676530336 0.025933467177898357 -0.5301107036261927
vn 0.6371897528521515 0.20477490166253481 -0.7430050191683185
vn 0.6371897528521515 0.20477490166253481 -0.7430050191683185
vn 0.6371897528521515 0.20477490166253481 -0.7430050191683185
vn -0.25119158193289814 0.5453622732597236 -0.7996766722063581
vn -0.2511112397126609 0.545756866559192 -0.7994326662661858
vn -0.24905812069907304 0.5557002175414509 -0.7932006812517435
vn -0.5549487470984752 0.30419143337532917 -0.7742735046189397
vn -0.5549487470984752 0.30419143337532917 -0.7742735046189397
vn -0.5549487470984752 0.30419143337532917 -0.7742735046189397
vn -0.5661817046214225 0.31147633662764185 -0.7631649684524336
vn -0.5661817046214225 0.31147633662764185 -0.7631649684524336
vn -0.5661817046214225 0.31147633662764185 -0.7631649684524336
vn -0.90498910548146 0.330384472487384 -0.26803137745252886
vn -0.90498910548146 0.330384472487384 -0.26803137745252886
vn -0.90498910548146 0.330384472487384 -0.26803137745252886
vn -0.9822457881448683 0.18759853856484565 -3.0563681355899755e-8
vn -0.9822457881448683 0.18759853856484565 -3.0563681355899755e-8
vn -0.9822457881448683 0.18759853856484565 -3.0563681355899755e-8
vn -0.9049891054814598 0.33038455982307463 0.2680312697995891
vn -0.9049891054814598 0.33038455982307463 0.2680312697995891
vn -0.9049891054814598 0.33038455982307463 0.2680312697995891
vn -0.5345759417589478 0.3303867967687191 0.7778644657094442
vn -0.5345759417589478 0.3303867967687191 0.7778644657094442
vn -0.5345759417589478 0.3303867967687191 0.7778644657094442
vn -0.3035314622294199 0.18759773638674637 0.9341711517379666
vn -0.3035314622294199 0.18759773638674637 0.9341711517379666
vn -0.3035314622294199 0.18759773638674637 0.9341711517379666
vn -0.14280807809769455 0.2740893392152765 0.9510420006280353
vn -0.14280807809769455 0.2740893392152765 0.9510420006280353
vn -0.14280807809769455 0.2740893392152765 0.9510420006280353
vn 0.30199283541039224 0.24629017960115274 0.9209459673579246
vn 0.30199283541039224 0.24629017960115274 0.9209459673579246
vn 0.30199283541039224 0.24629017960115274 0.9209459673579246
vn 0.8968066525683213 -0.021669155521928635 0.441891701221203
vn 0.8968066525683213 -0.021669155521928635 0.441891701221203
vn 0.8968066525683213 -0.021669155521928635 0.441891701221203
vn 0.955227729746822 0.06300048005307338 0.289086360515011
vn 0.955227729746822 0.06300048005307338 0.289086360515011
vn 0.955227729746822 0.06300048005307338 0.289086360515011
vn 0.547586614062695 0.13751639244353425 -0.8253715175050985
vn 0.547586614062695 0.13751639244353425 -0.8253715175050985
vn 0.547586614062695 0.13751639244353425 -0.8253715175050985
vn 0.5337005070963909 -0.19738631736451187 -0.8223152743579141
vn 0.5337005070963909 -0.19738631736451187 -0.8223152743579141
vn 0.5337005070963909 -0.19738631736451187 -0.8223152743579141
vn -0.13811702700395947 -0.48123062703662195 -0.8656447137558959
vn -0.13811702700395947 -0.48123062703662195 -0.8656447137558959
vn -0.13811702700395947 -0.48123062703662195 -0.8656447137558959
vn -0.802609011372697 0.12562721172342262 -0.5831265544784768
vn -0.802609011372697 0.12562721172342262 -0.5831265544784768
vn -0.802609011372697 0.12562721172342262 -0.5831265544784768
vn -0.7946556324733509 -0.18759518106777387 -0.5773477927718506
vn -0.7946556324733509 -0.18759518106777387 -0.5773477927718506
vn -0.7946556324733509 -0.18759518106777387 -0.5773477927718506
vn -0.8896972585109085 -0.3303848440178053 -0.31509465727223024
vn -0.8896972585109085 -0.3303848440178053 -0.31509465727223024
vn -0.8896972585109085 -0.3303848440178053 -0.31509465727223024
vn -0.8026090113726971 0.12562740173016487 0.5831265135439047
vn -0.8026090113726971 0.12562740173016487 0.5831265135439047
vn -0.8026090113726971 0.12562740173016487 0.5831265135439047
vn -0.7946556391374547 -0.18759494981369032 0.5773478587398089
vn -0.7946556391374547 -0.18759494981369032 0.5773478587398089
vn -0.7946556391374547 -0.18759494981369032 0.5773478587398089
vn -0.5746019526364885 -0.33038738343208 0.7487835287285898
vn -0.5746019526364885 -0.33038738343208 0.7487835287285898
vn -0.5746019526364885 -0.33038738343208 0.7487835287285898
vn 0.12705854995675575 0.0940467977265322 0.9874266173849434
vn 0.12705854995675575 0.0940467977265322 0.9874266173849434
vn 0.12705854995675575 0.0940467977265322 0.9874266173849434
vn 0.12611424919947195 0.13613433750485124 0.9826304688441982
vn 0.12611424919947195 0.13613433750485124 0.9826304688441982
vn 0.12611424919947195 0.13613433750485124 0.9826304688441982
vn 0.8912562177729476 -0.12347107040325814 0.43636824936575497
vn 0.888881960913394 -0.12598371490115295 0.4404735669055119
vn 0.8910404657563591 -0.12370053565659563 0.4367437072963529
vn 0.9944079894394305 -0.09863662631890653 0.037730180061244144
vn 0.9944079894394305 -0.09863662631890653 0.037730180061244144
vn 0.9944079894394305 -0.09863662631890653 0.037730180061244144
vn 0.9841963422022935 -0.173102979723785 0.037321822120215765
vn 0.9840486835653192 -0.17447356650448628 0.03474425081315255
vn 0.9839031877074015 -0.17575193737610298 0.03233842494247916
vn 0.9840486835653192 -0.17447356650448628 0.03474425081315255
vn 0.9838941720192355 -0.17582936108531286 0.03219152135133775
vn 0.9839031877074015 -0.17575193737610298 0.03233842494247916
vn 0.3806062693524738 -0.8205380656547147 -0.4264459526613091
vn 0.3806062693524738 -0.8205380656547147 -0.4264459526613091
vn 0.3806062693524738 -0.8205380656547147 -0.4264459526613091
vn 0.24820449512698853 -0.8681772302958409 -0.4297241270799199
vn 0.24820449512698853 -0.8681772302958409 -0.4297241270799199
vn 0.24820449512698853 -0.8681772302958409 -0.4297241270799199
vn -0.16798361788856708 -0.6062405058515918 -0.7773377343123604
vn -0.16798361788856708 -0.6062405058515918 -0.7773377343123604
vn -0.16798361788856708 -0.6062405058515918 -0.7773377343123604
vn -0.5887739178315048 -0.5661619164946965 -0.5768933679566727
vn -0.5887739178315048 -0.5661619164946965 -0.5768933679566727
vn -0.5887739178315048 -0.5661619164946965 -0.5768933679566727
vn -0.6594198739780658 -0.7063563072482604 -0.25734451036179684
vn -0.6594198739780658 -0.7063563072482604 -0.25734451036179684
vn -0.6594198739780658 -0.7063563072482604 -0.25734451036179684
vn -0.7305004995081374 -0.6533636597702505 -0.19870819889975913
vn -0.7305004995081374 -0.6533636597702505 -0.19870819889975913
vn -0.7305004995081374 -0.6533636597702505 -0.19870819889975913
vn -0.7297383514731258 -0.6539673451410716 0.1995210512162136
vn -0.7260308871393638 -0.6570744192787696 0.2028111398545359
vn -0.7305881487897437 -0.6532491217266477 0.19876252617467607
vn -0.7297383514731258 -0.6539673451410716 0.1995210512162136
vn -0.721622912773321 -0.6607127113844197 0.20668595689014885
vn -0.7260308871393638 -0.6570744192787696 0.2028111398545359
vn -0.5316129773252012 -0.44106842966692766 0.7230811038124185
vn -0.5316129773252012 -0.44106842966692766 0.7230811038124185
vn -0.5316129773252012 -0.44106842966692766 0.7230811038124185
vn 0.6163818681718515 -0.7874385511084062 0.003731061145620305
vn 0.6163818681718515 -0.7874385511084062 0.003731061145620305
vn 0.6163818681718515 -0.7874385511084062 0.003731061145620305
vn 0.6108805351569184 -0.7915399402321378 0.01701454623846157
vn 0.6108805351569184 -0.7915399402321378 0.01701454623846157
vn 0.6108805351569184 -0.7915399402321378 0.01701454623846157
vn 0.3856445303610013 -0.9221500230225901 0.03029242879135546
vn 0.3856445303610013 -0.9221500230225901 0.03029242879135546
vn 0.3856445303610013 -0.9221500230225901 0.03029242879135546
vn -0.33266615999240157 -0.4136076099233802 0.8475033752200513
vn -0.33266615999240157 -0.4136076099233802 0.8475033752200513
vn -0.33266615999240157 -0.4136076099233802 0.8475033752200513
vn 0.6048346615661903 -0.7918262753427966 0.08477135037774082
vn 0.6048346615661903 -0.7918262753427966 0.08477135037774082
vn 0.6048346615661903 -0.7918262753427966 0.08477135037774082
vn 0.7519196025615035 -0.6583148564132613 0.0351917761606053
vn 0.7519196025615035 -0.6583148564132613 0.0351917761606053
vn 0.7519196025615035 -0.6583148564132613 0.0351917761606053
vn 0.30118787917234835 -0.9016662518712761 0.3102963610422581
vn 0.30118787917234835 -0.9016662518712761 0.3102963610422581
vn 0.30118787917234835 -0.9016662518712761 0.3102963610422581
vn 0.9971196125351747 0.03455024964321149 0.06751857927485388
vn 0.9971196125351747 0.03455024964321149 0.06751857927485388
vn 0.9971196125351747 0.03455024964321149 0.06751857927485388
vn 0.004075293911093441 -0.9650524466215451 0.26202512713346415
vn 0.004075293911093441 -0.9650524466215451 0.26202512713346415
vn 0.004075293911093441 -0.9650524466215451 0.26202512713346415
vn -0.0038258972710240595 -0.9846928822252652 0.17425639214953167
vn -0.0038258972710240595 -0.9846928822252652 0.17425639214953167
vn -0.0038258972710240595 -0.9846928822252652 0.17425639214953167
vn 0.3752400511659129 -0.9171906172061882 -0.13400102876446363
vn 0.3752400511659129 -0.9171906172061882 -0.13400102876446363
vn 0.3752400511659129 -0.9171906172061882 -0.13400102876446363
vn 0.9966492512188325 0.05377358008797564 0.06163336863633439
vn 0.9966492512188325 0.05377358008797564 0.06163336863633439
vn 0.9966492512188325 0.05377358008797564 0.06163336863633439
vn 0.16367837553770126 -0.08577501286519443 0.9827777147195164
vn 0.16367837553770126 -0.08577501286519443 0.9827777147195164
vn 0.16367837553770126 -0.08577501286519443 0.9827777147195164
vn -0.677212434469065 -0.5699796064532958 0.46530266153099564
vn -0.677212434469065 -0.5699796064532958 0.46530266153099564
vn -0.677212434469065 -0.5699796064532958 0.46530266153099564
vn -0.4980611850431202 -0.6535713473692494 -0.5698943321804376
vn -0.4980611850431202 -0.6535713473692494 -0.5698943321804376
vn -0.4980611850431202 -0.6535713473692494 -0.5698943321804376
vn 0.45945354962236823 -0.2605328434237288 -0.8491319527829305
vn 0.45945354962236823 -0.2605328434237288 -0.8491319527829305
vn 0.45945354962236823 -0.2605328434237288 -0.8491319527829305
vn 0.9363360866988155 0.1794802565411781 0.30176409703187224
vn 0.9363360866988155 0.1794802565411781 0.30176409703187224
vn 0.9363360866988155 0.1794802565411781 0.30176409703187224
vn -0.014282885982459748 -0.05441158033956325 0.9984164357085491
vn -0.014282885982459748 -0.05441158033956325 0.9984164357085491
vn -0.014282885982459748 -0.05441158033956325 0.9984164357085491
vn -0.8329482501460334 -0.5040120601606539 0.22840546357579633
vn -0.8329482501460334 -0.5040120601606539 0.22840546357579633
vn -0.8329482501460334 -0.5040120601606539 0.22840546357579633
vn -0.4123674255810914 -0.4109284337290178 -0.8130749834256613
vn -0.4123674255810914 -0.4109284337290178 -0.8130749834256613
vn -0.4123674255810914 -0.4109284337290178 -0.8130749834256613
vn 0.6566633815764827 0.06083242857926228 -0.7517264255895808
vn 0.6566633815764827 0.06083242857926228 -0.7517264255895808
vn 0.6566633815764827 0.06083242857926228 -0.7517264255895808
vn 0.2398208250261772 0.8507161971736226 0.46772633424922067
vn 0.2398208250261772 0.8507161971736226 0.46772633424922067
vn 0.2398208250261772 0.8507161971736226 0.46772633424922067
vn -0.5070737524979886 0.5618102339848784 0.6536401689901447
vn -0.5070737524979886 0.5618102339848784 0.6536401689901447
vn -0.5070737524979886 0.5618102339848784 0.6536401689901447
vn -0.9763637701193212 0.18616111125232884 -0.10980814658158798
vn -0.9763637701193212 0.18616111125232884 -0.10980814658158798
vn -0.9763637701193212 0.18616111125232884 -0.10980814658158798
vn -0.36067131264607966 0.43054817671241646 -0.8273720274240408
vn -0.36067131264607966 0.43054817671241646 -0.8273720274240408
vn -0.36067131264607966 0.43054817671241646 -0.8273720274240408
vn 0.526062064498527 0.6597254508423063 -0.5366759113342644
vn 0.526062064498527 0.6597254508423063 -0.5366759113342644
vn 0.526062064498527 0.6597254508423063 -0.5366759113342644
vn -0.31143174415262653 0.8379452916449629 -0.44817179400771173
vn -0.31143174415262653 0.8379452916449629 -0.44817179400771173
vn -0.31143174415262653 0.8379452916449629 -0.44817179400771173
vn 0.05395733652263874 0.6956741351235683 -0.7163282093813267
vn 0.05395733652263874 0.6956741351235683 -0.7163282093813267
vn 0.05395733652263874 0.6956741351235683 -0.7163282093813267
vn 0.01767277766699983 0.5958379556624324 -0.802910208878643
vn 0.01767277766699983 0.5958379556624324 -0.802910208878643
vn 0.01767277766699983 0.5958379556624324 -0.802910208878643
vn -0.4317677205209233 0.7809353721650506 -0.45134973138088813
vn -0.4317677205209233 0.7809353721650506 -0.45134973138088813
vn -0.4317677205209233 0.7809353721650506 -0.45134973138088813
vn -0.5108610854172867 0.4835476186997155 -0.7107760912243082
vn -0.5108610854172867 0.4835476186997155 -0.7107760912243082
vn -0.5108610854172867 0.4835476186997155 -0.7107760912243082
vn -0.7296684423515734 0.23590281706583355 -0.6418207110530421
vn -0.7296684423515734 0.23590281706583355 -0.6418207110530421
vn -0.7296684423515734 0.23590281706583355 -0.6418207110530421
vn -0.5581033386978336 0.8118966767382668 -0.1713022172526948
vn -0.5581033386978336 0.8118966767382668 -0.1713022172526948
vn -0.5581033386978336 0.8118966767382668 -0.1713022172526948
vn -0.9498228920103521 0.3120314181229379 0.021745526373934707
vn -0.9498228920103521 0.3120314181229379 0.021745526373934707
vn -0.9498228920103521 0.3120314181229379 0.021745526373934707
vn -0.9505017772995179 0.2644147778782596 0.16319067556097813
vn -0.9505017772995179 0.2644147778782596 0.16319067556097813
vn -0.9505017772995179 0.2644147778782596 0.16319067556097813
vn -0.3051277131917517 0.9490396604962303 0.07887205745745302
vn -0.3051277131917517 0.9490396604962303 0.07887205745745302
vn -0.3051277131917517 0.9490396604962303 0.07887205745745302
vn -0.2618558345104984 0.8021272510118455 0.5366781112706108
vn -0.2618558345104984 0.8021272510118455 0.5366781112706108
vn -0.2618558345104984 0.8021272510118455 0.5366781112706108
vn 0.005160611200383505 0.769175704750312 0.6390165125518271
vn 0.005160611200383505 0.769175704750312 0.6390165125518271
vn 0.005160611200383505 0.769175704750312 0.6390165125518271
vn -0.2594270711407007 0.9645518758756165 0.048345356593856234
vn -0.2594270711407007 0.9645518758756165 0.048345356593856234
vn -0.2594270711407007 0.9645518758756165 0.048345356593856234
vn 0.21499740670363757 0.943692468852191 0.25143714789658095
vn 0.21499740670363757 0.943692468852191 0.25143714789658095
vn 0.21499740670363757 0.943692468852191 0.25143714789658095
vn 0.6429757689863692 0.731931614417138 -0.2255177871324324
vn 0.6429757689863692 0.731931614417138 -0.2255177871324324
vn 0.6429757689863692 0.731931614417138 -0.2255177871324324
vn 0.6067313371615133 0.5580617889463181 -0.5660778429016962
vn 0.6067313371615133 0.5580617889463181 -0.5660778429016962
vn 0.6067313371615133 0.5580617889463181 -0.5660778429016962
vn 0.5270069779876939 0.34399588779498463 -0.7771296380478734
vn 0.5270069779876939 0.34399588779498463 -0.7771296380478734
vn 0.5270069779876939 0.34399588779498463 -0.7771296380478734
vn 0.2387546450264954 0.3615323625464639 -0.9012716406887794
vn 0.2387546450264954 0.3615323625464639 -0.9012716406887794
vn 0.2387546450264954 0.3615323625464639 -0.9012716406887794
vn -0.3277581586733441 0.10671029444665052 -0.9387158795302061
vn -0.3277581586733441 0.10671029444665052 -0.9387158795302061
vn -0.3277581586733441 0.10671029444665052 -0.9387158795302061
vn -0.5152261186492415 -0.11764617522848127 -0.8489413549331589
vn -0.5152261186492415 -0.11764617522848127 -0.8489413549331589
vn -0.5152261186492415 -0.11764617522848127 -0.8489413549331589
vn -0.6954582775882149 -0.01661544970634896 -0.7183743529421754
vn -0.6954582775882149 -0.01661544970634896 -0.7183743529421754
vn -0.6954582775882149 -0.01661544970634896 -0.7183743529421754
vn -0.9976790281501662 -0.021424448763663208 -0.06463396772992802
vn -0.9976790281501662 -0.021424448763663208 -0.06463396772992802
vn -0.9976790281501662 -0.021424448763663208 -0.06463396772992802
vn -0.9790795944699665 -0.10479866748345414 0.17441441163567278
vn -0.9790795944699665 -0.10479866748345414 0.17441441163567278
vn -0.9790795944699665 -0.10479866748345414 0.17441441163567278
vn -0.971056353118911 -0.05125831422710569 0.2332855423938567
vn -0.971056353118911 -0.05125831422710569 0.2332855423938567
vn -0.971056353118911 -0.05125831422710569 0.2332855423938567
vn -0.414178235746651 0.30339512285080017 0.8581420561096743
vn -0.414178235746651 0.30339512285080017 0.8581420561096743
vn -0.414178235746651 0.30339512285080017 0.8581420561096743
vn -0.14522232469251498 0.2756129032399399 0.9502357623129922
vn -0.14522232469251498 0.2756129032399399 0.9502357623129922
vn -0.14522232469251498 0.2756129032399399 0.9502357623129922
vn 0.08917681111984133 0.5742049936916832 0.8138403538643375
vn 0.08917681111984133 0.5742049936916832 0.8138403538643375
vn 0.08917681111984133 0.5742049936916832 0.8138403538643375
vn 0.46072236822661133 0.699361430330408 0.5464691109128389
vn 0.46072236822661133 0.699361430330408 0.5464691109128389
vn 0.46072236822661133 0.699361430330408 0.5464691109128389
vn 0.7758651217164814 0.5710527621053366 0.2682015208676774
vn 0.7758651217164814 0.5710527621053366 0.2682015208676774
vn 0.7758651217164814 0.5710527621053366 0.2682015208676774
vn 0.7116411092474202 0.673421745206361 -0.20017513510004248
vn 0.7116411092474202 0.673421745206361 -0.20017513510004248
vn 0.7116411092474202 0.673421745206361 -0.20017513510004248
vn 0.041944881075798246 0.04083373625719053 -0.9982851461054679
vn 0.041944881075798246 0.04083373625719053 -0.9982851461054679
vn 0.041944881075798246 0.04083373625719053 -0.9982851461054679
vn 0.16512717473352811 -0.24409716745112922 -0.9555886086631936
vn 0.16512717473352811 -0.24409716745112922 -0.9555886086631936
vn 0.16512717473352811 -0.24409716745112922 -0.9555886086631936
vn -0.03254695625416233 -0.47907530889719363 -0.8771701910368638
vn -0.03254695625416233 -0.47907530889719363 -0.8771701910368638
vn -0.03254695625416233 -0.47907530889719363 -0.8771701910368638
vn -0.8804202824422308 -0.26415381736832794 -0.3938056462699368
vn -0.8804202824422308 -0.26415381736832794 -0.3938056462699368
vn -0.8804202824422308 -0.26415381736832794 -0.3938056462699368
vn -0.7140729261049726 -0.5989749882538858 -0.36239318377990987
vn -0.7140729261049726 -0.5989749882538858 -0.36239318377990987
vn -0.7140729261049726 -0.5989749882538858 -0.36239318377990987
vn -0.723746859284259 -0.6841889984600569 -0.08986600059196553
vn -0.723746859284259 -0.6841889984600569 -0.08986600059196553
vn -0.723746859284259 -0.6841889984600569 -0.08986600059196553
vn -0.6998871844009353 -0.19862452194734814 0.6860803366898941
vn -0.6998871844009353 -0.19862452194734814 0.6860803366898941
vn -0.6998871844009353 -0.19862452194734814 0.6860803366898941
vn -0.6075857128395162 -0.3767369943450955 0.6992201646442419
vn -0.6075857128395162 -0.3767369943450955 0.6992201646442419
vn -0.6075857128395162 -0.3767369943450955 0.6992201646442419
vn -0.22376602928562467 -0.3885564546942236 0.8938415103659041
vn -0.22376602928562467 -0.3885564546942236 0.8938415103659041
vn -0.22376602928562467 -0.3885564546942236 0.8938415103659041
vn 0.3636348631269956 0.5188065361960709 0.7736985616626454
vn 0.3636348631269956 0.5188065361960709 0.7736985616626454
vn 0.3636348631269956 0.5188065361960709 0.7736985616626454
vn 0.47521274554446646 0.29321358753590543 0.8295773855141028
vn 0.47521274554446646 0.29321358753590543 0.8295773855141028
vn 0.47521274554446646 0.29321358753590543 0.8295773855141028
vn 0.9289802977849222 0.14758219994128988 0.3394334995075273
vn 0.9289802977849222 0.14758219994128988 0.3394334995075273
vn 0.9289802977849222 0.14758219994128988 0.3394334995075273
vn 0.772983360499624 0.5114591624709774 -0.3753748120415041
vn 0.772983360499624 0.5114591624709774 -0.3753748120415041
vn 0.772983360499624 0.5114591624709774 -0.3753748120415041
vn 0.9256419348271904 0.1826750505509685 -0.3313862314514234
vn 0.9256419348271904 0.1826750505509685 -0.3313862314514234
vn 0.9256419348271904 0.1826750505509685 -0.3313862314514234
vn 0.8606654895586592 -0.012764694983870664 -0.5090107834267581
vn 0.8606654895586592 -0.012764694983870664 -0.5090107834267581
vn 0.8606654895586592 -0.012764694983870664 -0.5090107834267581
vn 0.5276530348259213 -0.4169162496481439 -0.7401102050494381
vn 0.5276530348259213 -0.4169162496481439 -0.7401102050494381
vn 0.5276530348259213 -0.4169162496481439 -0.7401102050494381
vn 0.27373263075128995 -0.680294381960318 -0.6799044055859668
vn 0.27373263075128995 -0.680294381960318 -0.6799044055859668
vn 0.27373263075128995 -0.680294381960318 -0.6799044055859668
vn 0.04257440460529951 -0.6682638376744799 -0.7427050984940662
vn 0.04257440460529951 -0.6682638376744799 -0.7427050984940662
vn 0.04257440460529951 -0.6682638376744799 -0.7427050984940662
vn -0.35264488315744474 -0.7682430857582317 -0.534269732969726
vn -0.35264488315744474 -0.7682430857582317 -0.534269732969726
vn -0.35264488315744474 -0.7682430857582317 -0.534269732969726
vn -0.33740360286288135 -0.941356680036848 -0.002531743500153987
vn -0.33740360286288135 -0.941356680036848 -0.002531743500153987
vn -0.33740360286288135 -0.941356680036848 -0.002531743500153987
vn -0.3910141258043821 -0.9183949060296398 0.060487602037476905
vn -0.3910141258043821 -0.9183949060296398 0.060487602037476905
vn -0.3910141258043821 -0.9183949060296398 0.060487602037476905
vn -0.3484551055334145 -0.8911875718719239 0.2904543874151699
vn -0.3484551055334145 -0.8911875718719239 0.2904543874151699
vn -0.3484551055334145 -0.8911875718719239 0.2904543874151699
vn -0.14503737120521096 -0.9133473816519191 0.38047433735202874
vn -0.14503737120521096 -0.9133473816519191 0.38047433735202874
vn -0.14503737120521096 -0.9133473816519191 0.38047433735202874
vn -0.035756978719688824 -0.5769026670672187 0.8160298715142538
vn -0.035756978719688824 -0.5769026670672187 0.8160298715142538
vn -0.035756978719688824 -0.5769026670672187 0.8160298715142538
vn 0.8455099567872479 -0.239481649046632 -0.4772435989550117
vn 0.8455099567872479 -0.239481649046632 -0.4772435989550117
vn 0.8455099567872479 -0.239481649046632 -0.4772435989550117
vn 0.9081261703876113 -0.31059814922097523 -0.2807768657807045
vn 0.9081261703876113 -0.31059814922097523 -0.2807768657807045
vn 0.9081261703876113 -0.31059814922097523 -0.2807768657807045
vn 0.475124205630677 -0.8784826396774877 -0.05025177617847591
vn 0.475124205630677 -0.8784826396774877 -0.05025177617847591
vn 0.475124205630677 -0.8784826396774877 -0.05025177617847591
vn 0.20491343332506054 -0.489649475900228 0.847498599169089
vn 0.20491343332506054 -0.489649475900228 0.847498599169089
vn 0.20491343332506054 -0.489649475900228 0.847498599169089
vn 0.4030260568902847 -0.5916033029414968 0.6982660878319815
vn 0.4030260568902847 -0.5916033029414968 0.6982660878319815
vn 0.4030260568902847 -0.5916033029414968 0.6982660878319815
vn 0.9487145907320222 0.06255971320693442 0.30988208663237954
vn 0.9487145907320222 0.06255971320693442 0.30988208663237954
vn 0.9487145907320222 0.06255971320693442 0.30988208663237954
vn 0.6751065928598472 -0.5870631869530292 0.4467526192443878
vn 0.6751065928598472 -0.5870631869530292 0.4467526192443878
vn 0.6751065928598472 -0.5870631869530292 0.4467526192443878
vn 0.9539942347171608 -0.25995112561593336 0.14940017542636183
vn 0.9539942347171608 -0.25995112561593336 0.14940017542636183
vn 0.9539942347171608 -0.25995112561593336 0.14940017542636183
vn 0.28603311658480673 -0.7711699677777941 0.5687547248281797
vn 0.28603311658480673 -0.7711699677777941 0.5687547248281797
vn 0.28603311658480673 -0.7711699677777941 0.5687547248281797
vn -0.07709555481978594 -0.9969891522524531 -0.008300946811305667
vn -0.07709555481978594 -0.9969891522524531 -0.008300946811305667
vn -0.07709555481978594 -0.9969891522524531 -0.008300946811305667
vn 0.31795031739751894 -0.9051178815910105 -0.2822573579041267
vn 0.31795031739751894 -0.9051178815910105 -0.2822573579041267
vn 0.31795031739751894 -0.9051178815910105 -0.2822573579041267
vn 0.9967759941041524 0.0800884977475907 0.004842530971822288
vn 0.9967759941041524 0.0800884977475907 0.004842530971822288
vn 0.9967759941041524 0.0800884977475907 0.004842530971822288
vn 0.44605461569794547 -0.005178869735079653 0.8949907592387898
vn 0.44605461569794547 -0.005178869735079653 0.8949907592387898
vn 0.44605461569794547 -0.005178869735079653 0.8949907592387898
vn -0.29141342914353663 -0.19503803378455406 0.9365032721204236
vn -0.29141342914353663 -0.19503803378455406 0.9365032721204236
vn -0.29141342914353663 -0.19503803378455406 0.9365032721204236
vn -0.631164925612632 -0.7174069365319611 -0.29488662921914177
vn -0.631164925612632 -0.7174069365319611 -0.29488662921914177
vn -0.631164925612632 -0.7174069365319611 -0.29488662921914177
vn -0.03656730846043513 -0.3159487340988506 -0.9480713208262832
vn -0.03656730846043513 -0.3159487340988506 -0.9480713208262832
vn -0.03656730846043513 -0.3159487340988506 -0.9480713208262832
vn 0.9462244452706614 0.25446656464846745 0.19976502859168413
vn 0.9462244452706614 0.25446656464846745 0.19976502859168413
vn 0.9462244452706614 0.25446656464846745 0.19976502859168413
vn 0.08510521692371477 0.09350766639133451 0.9919745049034349
vn 0.08510521692371477 0.09350766639133451 0.9919745049034349
vn 0.08510521692371477 0.09350766639133451 0.9919745049034349
vn -0.8237949665995132 -0.24544528909767516 0.5109975176701599
vn -0.8237949665995132 -0.24544528909767516 0.5109975176701599
vn -0.8237949665995132 -0.24544528909767516 0.5109975176701599
vn -0.5342727161883911 -0.49515355541976963 -0.6851099337273105
vn -0.5342727161883911 -0.49515355541976963 -0.6851099337273105
vn -0.5342727161883911 -0.49515355541976963 -0.6851099337273105
vn 0.3033598610760618 0.02198792338274854 -0.9526223417037974
vn 0.3033598610760618 0.02198792338274854 -0.9526223417037974
vn 0.3033598610760618 0.02198792338274854 -0.9526223417037974
vn 0.15571078690963958 0.9320721582821763 0.3271018841205085
vn 0.15571078690963958 0.9320721582821763 0.3271018841205085
vn 0.15571078690963958 0.9320721582821763 0.3271018841205085
vn -0.31994857108496516 0.6097750409926823 0.7251257209912371
vn -0.31994857108496516 0.6097750409926823 0.7251257209912371
vn -0.31994857108496516 0.6097750409926823 0.7251257209912371
vn -0.9506275195930833 0.13332110741826855 -0.2802370448550087
vn -0.9506275195930833 0.13332110741826855 -0.2802370448550087
vn -0.9506275195930833 0.13332110741826855 -0.2802370448550087
vn -0.6489871124394088 0.15146043624273878 -0.7455705628179785
vn -0.6489871124394088 0.15146043624273878 -0.7455705628179785
vn -0.6489871124394088 0.15146043624273878 -0.7455705628179785
vn 0.09941046681524482 0.7801274840315032 -0.6176719742276249
vn 0.09941046681524482 0.7801274840315032 -0.6176719742276249
vn 0.09941046681524482 0.7801274840315032 -0.6176719742276249
vn -0.1261322490665756 0.9854703300434975 -0.11374921691760069
vn -0.12448053139865758 0.9861834528915164 -0.10930139315522919
vn -0.1261435563432253 0.9854653617238055 -0.11377971715403705
vn 0.2649621620962858 0.772504937939039 -0.5770885317843905
vn 0.2649621620962858 0.772504937939039 -0.5770885317843905
vn 0.2649621620962858 0.772504937939039 -0.5770885317843905
vn 0.05594425227877196 0.44144362143027643 -0.8955432818884257
vn 0.05594425227877196 0.44144362143027643 -0.8955432818884257
vn 0.05594425227877196 0.44144362143027643 -0.8955432818884257
vn -0.5305817106149756 0.8449385022561541 -0.06754239976499034
vn -0.5306752906756649 0.8449309933999269 -0.0668980736532165
vn -0.5306682040673696 0.844931539935295 -0.0669473674947994
vn -0.7893626627591623 0.22921652572791315 -0.5695317120011755
vn -0.7893626627591623 0.22921652572791315 -0.5695317120011755
vn -0.7893626627591623 0.22921652572791315 -0.5695317120011755
vn -0.8725253708699178 0.10674030479381814 -0.4767661738429389
vn -0.8725253708699178 0.10674030479381814 -0.4767661738429389
vn -0.8725253708699178 0.10674030479381814 -0.4767661738429389
vn -0.5306752906756649 0.8449309933999269 -0.0668980736532165
vn -0.5307660672309159 0.8449233024038173 -0.06627212786122313
vn -0.5306682040673696 0.844931539935295 -0.0669473674947994
vn -0.7816248507412353 0.613168196375728 0.1143999810186976
vn -0.7816248507412353 0.613168196375728 0.1143999810186976
vn -0.7816248507412353 0.613168196375728 0.1143999810186976
vn -0.6981088670945264 0.4681830496511981 0.5417090009435883
vn -0.6981088670945264 0.4681830496511981 0.5417090009435883
vn -0.6981088670945264 0.4681830496511981 0.5417090009435883
vn -0.33416810854336026 0.9404413864510938 0.06246338033197914
vn -0.33416810854336026 0.9404413864510938 0.06246338033197914
vn -0.33416810854336026 0.9404413864510938 0.06246338033197914
vn -0.19768801829629667 0.73991907062017 0.6429923921436919
vn -0.19768801829629667 0.73991907062017 0.6429923921436919
vn -0.19768801829629667 0.73991907062017 0.6429923921436919
vn -0.21310473842634578 0.7394367853663874 0.6386075562560013
vn -0.21310473842634578 0.7394367853663874 0.6386075562560013
vn -0.21310473842634578 0.7394367853663874 0.6386075562560013
vn -0.1278561668537377 0.9847004350335266 -0.11839701787736438
vn -0.1261322490665756 0.9854703300434975 -0.11374921691760069
vn -0.1261435563432253 0.9854653617238055 -0.11377971715403705
vn 0.05839932356145965 0.9958689727527282 -0.06953062717960658
vn 0.05839932356145965 0.9958689727527282 -0.06953062717960658
vn 0.05839932356145965 0.9958689727527282 -0.06953062717960658
vn 0.27511178870473996 0.9200118132582853 -0.2790909657815541
vn 0.27511178870473996 0.9200118132582853 -0.2790909657815541
vn 0.27511178870473996 0.9200118132582853 -0.2790909657815541
vn 0.49513603708444953 0.40630394820906934 -0.767956643600424
vn 0.49513603708444953 0.40630394820906934 -0.767956643600424
vn 0.49513603708444953 0.40630394820906934 -0.767956643600424
vn 0.2856737036947356 0.05551435406895079 -0.9567176655156104
vn 0.2856737036947356 0.05551435406895079 -0.9567176655156104
vn 0.2856737036947356 0.05551435406895079 -0.9567176655156104
vn 0.3121737849686436 0.054745381984638464 -0.9484463459414597
vn 0.3121737849686436 0.054745381984638464 -0.9484463459414597
vn 0.3121737849686436 0.054745381984638464 -0.9484463459414597
vn -0.6272387636449998 -0.09777722635607636 -0.7726649645138601
vn -0.6250470684214503 -0.09520932695282894 -0.7747588956049102
vn -0.6225635950793706 -0.09231317702058046 -0.7771054287741248
vn -0.6272387636449998 -0.09777722635607636 -0.7726649645138601
vn -0.6273567548168199 -0.09791432041189414 -0.7725518028222998
vn -0.6250470684214503 -0.09520932695282894 -0.7747588956049102
vn -0.8724379399003331 0.06443216105666012 -0.48445901544303127
vn -0.8724379399003331 0.06443216105666012 -0.48445901544303127
vn -0.8724379399003331 0.06443216105666012 -0.48445901544303127
vn -0.9636971886020005 0.07848624400078189 -0.25520117198643494
vn -0.9636971886020005 0.07848624400078189 -0.25520117198643494
vn -0.9636971886020005 0.07848624400078189 -0.25520117198643494
vn -0.8755157052122017 -0.004914220434446633 0.4831646720987609
vn -0.8755157052122017 -0.004914220434446633 0.4831646720987609
vn -0.8755157052122017 -0.004914220434446633 0.4831646720987609
vn -0.7475881780955013 0.21074918319306565 0.6298386283448361
vn -0.7475881780955013 0.21074918319306565 0.6298386283448361
vn -0.7475881780955013 0.21074918319306565 0.6298386283448361
vn -0.23589194994658755 0.394282331409046 0.8881984187607204
vn -0.23589194994658755 0.394282331409046 0.8881984187607204
vn -0.23589194994658755 0.394282331409046 0.8881984187607204
vn -0.027857353842040713 0.37564939358641236 0.9263430794986703
vn -0.027857353842040713 0.37564939358641236 0.9263430794986703
vn -0.027857353842040713 0.37564939358641236 0.9263430794986703
vn 0.012485226714927385 0.42175096476356716 0.9066257457379406
vn 0.012485226714927385 0.42175096476356716 0.9066257457379406
vn 0.012485226714927385 0.42175096476356716 0.9066257457379406
vn 0.7409273914326197 0.47290865962960743 0.47684798444806464
vn 0.7409273914326197 0.47290865962960743 0.47684798444806464
vn 0.7409273914326197 0.47290865962960743 0.47684798444806464
vn 0.9264705860081708 0.32670808194815265 0.18685310393845717
vn 0.9264705860081708 0.32670808194815265 0.18685310393845717
vn 0.9264705860081708 0.32670808194815265 0.18685310393845717
vn 0.9157624120204345 0.389844307069382 -0.09695679953520069
vn 0.9157624120204345 0.389844307069382 -0.09695679953520069
vn 0.9157624120204345 0.389844307069382 -0.09695679953520069
vn 0.07171363459198601 -0.26107604369417525 -0.9626507435319437
vn 0.07171363459198601 -0.26107604369417525 -0.9626507435319437
vn 0.07171363459198601 -0.26107604369417525 -0.9626507435319437
vn 0.10159666760842247 -0.33504620305468347 -0.93670815035928
vn 0.10159666760842247 -0.33504620305468347 -0.93670815035928
vn 0.10159666760842247 -0.33504620305468347 -0.93670815035928
vn -0.12489268147607287 -0.5626587394722505 -0.8172006858839597
vn -0.12489268147607287 -0.5626587394722505 -0.8172006858839597
vn -0.12489268147607287 -0.5626587394722505 -0.8172006858839597
vn -0.9314422993381135 -0.04137942403721753 -0.3615286797338159
vn -0.9314422993381135 -0.04137942403721753 -0.3615286797338159
vn -0.9314422993381135 -0.04137942403721753 -0.3615286797338159
vn -0.7065286274687075 -0.6747276162478653 -0.21344775107659916
vn -0.7065286274687075 -0.6747276162478653 -0.21344775107659916
vn -0.7065286274687075 -0.6747276162478653 -0.21344775107659916
vn -0.6934812246529077 -0.7183336889941415 -0.05550227301625593
vn -0.6934812246529077 -0.7183336889941415 -0.05550227301625593
vn -0.6934812246529077 -0.7183336889941415 -0.05550227301625593
vn -0.4315593807285248 0.1257522211246754 0.893276485634444
vn -0.4315593807285248 0.1257522211246754 0.893276485634444
vn -0.4315593807285248 0.1257522211246754 0.893276485634444
vn -0.30171444712124124 -0.21658819472981986 0.9284707568372852
vn -0.30171444712124124 -0.21658819472981986 0.9284707568372852
vn -0.30171444712124124 -0.21658819472981986 0.9284707568372852
vn -0.1382195835480678 -0.22440732767900695 0.9646433009189278
vn -0.1382195835480678 -0.22440732767900695 0.9646433009189278
vn -0.1382195835480678 -0.22440732767900695 0.9646433009189278
vn 0.587660773161846 0.2946215821749421 0.7535601760997958
vn 0.587660773161846 0.2946215821749421 0.7535601760997958
vn 0.587660773161846 0.2946215821749421 0.7535601760997958
vn 0.6219314413857843 0.18059711875111004 0.7619619169713131
vn 0.6219314413857843 0.18059711875111004 0.7619619169713131
vn 0.6219314413857843 0.18059711875111004 0.7619619169713131
vn 0.8458292440919701 0.05207518170329198 0.5309058911797605
vn 0.8458292440919701 0.05207518170329198 0.5309058911797605
vn 0.8458292440919701 0.05207518170329198 0.5309058911797605
vn 0.9334537713347433 0.29471303810515864 -0.20447073617457331
vn 0.9334537713347433 0.29471303810515864 -0.20447073617457331
vn 0.9334537713347433 0.29471303810515864 -0.20447073617457331
vn 0.974789547350359 0.12917665987900892 -0.18193056070651034
vn 0.974789547350359 0.12917665987900892 -0.18193056070651034
vn 0.974789547350359 0.12917665987900892 -0.18193056070651034
vn 0.9179771608050269 -0.11768772747544125 -0.37877107999688703
vn 0.9179771608050269 -0.11768772747544125 -0.37877107999688703
vn 0.9179771608050269 -0.11768772747544125 -0.37877107999688703
vn 0.240756112502267 -0.8222654813373893 -0.5156704107216034
vn 0.2390343816484072 -0.823551013582375 -0.5144184020983372
vn 0.24087927706964318 -0.8221733037874333 -0.5157598592539583
vn 0.240756112502267 -0.8222654813373893 -0.5156704107216034
vn 0.2388821654760783 -0.8236640807725542 -0.514308072134361
vn 0.2390343816484072 -0.823551013582375 -0.5144184020983372
vn -0.021282136184875643 -0.8315179556513754 -0.5550900468471447
vn -0.021282136184875643 -0.8315179556513754 -0.5550900468471447
vn -0.021282136184875643 -0.8315179556513754 -0.5550900468471447
vn -0.4232999127210634 -0.8785617200673201 -0.2212385317314597
vn -0.4232999127210634 -0.8785617200673201 -0.2212385317314597
vn -0.4232999127210634 -0.8785617200673201 -0.2212385317314597
vn -0.39880222373287844 -0.9124310828844534 -0.09179490907460316
vn -0.39880222373287844 -0.9124310828844534 -0.09179490907460316
vn -0.39880222373287844 -0.9124310828844534 -0.09179490907460316
vn -0.49459665792920754 -0.8690620605268753 0.010260649006785584
vn -0.49459665792920754 -0.8690620605268753 0.010260649006785584
vn -0.49459665792920754 -0.8690620605268753 0.010260649006785584
vn -0.11024736013150863 -0.49542512025358443 0.8616260614708418
vn -0.11024736013150863 -0.49542512025358443 0.8616260614708418
vn -0.11024736013150863 -0.49542512025358443 0.8616260614708418
vn -0.02803518852040694 -0.4845896502714158 0.8742922274928743
vn -0.02803518852040694 -0.4845896502714158 0.8742922274928743
vn -0.02803518852040694 -0.4845896502714158 0.8742922274928743
vn 0.006573449340129518 -0.42171025312262894 0.9067068170996737
vn 0.006573449340129518 -0.42171025312262894 0.9067068170996737
vn 0.006573449340129518 -0.42171025312262894 0.9067068170996737
vn 0.8463279117482552 -0.49177310856063317 -0.20466625391707668
vn 0.8463279117482552 -0.49177310856063317 -0.20466625391707668
vn 0.8463279117482552 -0.49177310856063317 -0.20466625391707668
vn 0.8545093633540354 -0.5181329369156298 -0.036769656287016034
vn 0.8545093633540354 -0.5181329369156298 -0.036769656287016034
vn 0.8545093633540354 -0.5181329369156298 -0.036769656287016034
vn 0.7856052021565066 -0.617919686148673 0.03161847267911556
vn 0.7856052021565066 -0.617919686148673 0.03161847267911556
vn 0.7856052021565066 -0.617919686148673 0.03161847267911556
vn 0.4548653835801264 -0.25375798644037284 0.8536418260243767
vn 0.4548653835801264 -0.25375798644037284 0.8536418260243767
vn 0.4548653835801264 -0.25375798644037284 0.8536418260243767
vn 0.7238478226676235 -0.37714571133327945 0.577758982658215
vn 0.7238478226676235 -0.37714571133327945 0.577758982658215
vn 0.7238478226676235 -0.37714571133327945 0.577758982658215
vn 0.8526994829725004 -0.23101108253444008 0.46854825950450035
vn 0.8526994829725004 -0.23101108253444008 0.46854825950450035
vn 0.8526994829725004 -0.23101108253444008 0.46854825950450035
vn 0.4584249205047537 -0.8656522263372078 -0.20122826664672624
vn 0.4584249205047537 -0.8656522263372078 -0.20122826664672624
vn 0.4584249205047537 -0.8656522263372078 -0.20122826664672624
vn 0.9823118679108161 -0.18330403970022302 0.03824948615527102
vn 0.9823118679108161 -0.18330403970022302 0.03824948615527102
vn 0.9823118679108161 -0.18330403970022302 0.03824948615527102
vn 0.35670583429234565 -0.909462282149703 -0.21363357678243258
vn 0.35670583429234565 -0.909462282149703 -0.21363357678243258
vn 0.35670583429234565 -0.909462282149703 -0.21363357678243258
vn 0.3001785206220321 -0.899750024275097 -0.31676923710191723
vn 0.3001785206220321 -0.899750024275097 -0.31676923710191723
vn 0.3001785206220321 -0.899750024275097 -0.31676923710191723
vn 0.09562589880718492 -0.9812494098060565 -0.16734779123903545
vn 0.09562589880718492 -0.9812494098060565 -0.16734779123903545
vn 0.09562589880718492 -0.9812494098060565 -0.16734779123903545
vn 0.9979256104425768 0.034286142707826865 -0.05448794766761647
vn 0.9979256104425768 0.034286142707826865 -0.05448794766761647
vn 0.9979256104425768 0.034286142707826865 -0.05448794766761647
vn 0.5438293233947962 0.10791866659403886 0.8322278704877185
vn 0.5438293233947962 0.10791866659403886 0.8322278704877185
vn 0.5438293233947962 0.10791866659403886 0.8322278704877185
vn -0.6992746520654134 -0.4350067600885009 0.5672601516553936
vn -0.6992746520654134 -0.4350067600885009 0.5672601516553936
vn -0.6992746520654134 -0.4350067600885009 0.5672601516553936
vn -0.6462337806432648 -0.6118204585196024 -0.45613334376295744
vn -0.6462337806432648 -0.6118204585196024 -0.45613334376295744
vn -0.6462337806432648 -0.6118204585196024 -0.45613334376295744
vn 0.25033635516792957 -0.6246152686880824 -0.7397212146497835
vn 0.25033635516792957 -0.6246152686880824 -0.7397212146497835
vn 0.25033635516792957 -0.6246152686880824 -0.7397212146497835
vn 0.9364142327104099 0.27643654023297387 0.21612779553171177
vn 0.9364142327104099 0.27643654023297387 0.21612779553171177
vn 0.9364142327104099 0.27643654023297387 0.21612779553171177
vn 0.32889938048390094 0.18280804180596943 0.9265022489818214
vn 0.32889938048390094 0.18280804180596943 0.9265022489818214
vn 0.32889938048390094 0.18280804180596943 0.9265022489818214
vn -0.9607707110491973 -0.2767927872529068 0.017475517582800467
vn -0.9607707110491973 -0.2767927872529068 0.017475517582800467
vn -0.9607707110491973 -0.2767927872529068 0.017475517582800467
vn -0.6150885321757847 -0.5554498241632809 -0.5595905560522076
vn -0.6150885321757847 -0.5554498241632809 -0.5595905560522076
vn -0.6150885321757847 -0.5554498241632809 -0.5595905560522076
vn 0.7586519068587293 0.09599458290940752 -0.6443852297125243
vn 0.7586519068587293 0.09599458290940752 -0.6443852297125243
vn 0.7586519068587293 0.09599458290940752 -0.6443852297125243
vn 0.322104849898108 0.9060335247527102 0.2745026733864308
vn 0.322104849898108 0.9060335247527102 0.2745026733864308
vn 0.322104849898108 0.9060335247527102 0.2745026733864308
vn -0.12801073105997934 0.8419073228495009 0.5242187639391362
vn -0.12801073105997934 0.8419073228495009 0.5242187639391362
vn -0.12801073105997934 0.8419073228495009 0.5242187639391362
vn -0.9290915267608116 -0.03017973989091418 -0.368616492036616
vn -0.9290915267608116 -0.03017973989091418 -0.368616492036616
vn -0.9290915267608116 -0.03017973989091418 -0.368616492036616
vn -0.19030359642673178 0.5657290777124362 -0.8023310736956957
vn -0.19030359642673178 0.5657290777124362 -0.8023310736956957
vn -0.19030359642673178 0.5657290777124362 -0.8023310736956957
vn 0.3298563375239823 0.7376672889334303 -0.5891025101227015
vn 0.3298563375239823 0.7376672889334303 -0.5891025101227015
vn 0.3298563375239823 0.7376672889334303 -0.5891025101227015
vn -0.13131324797437469 0.9150614013044477 -0.38133903910976785
vn -0.13131324797437469 0.9150614013044477 -0.38133903910976785
vn -0.13131324797437469 0.9150614013044477 -0.38133903910976785
vn 0.11445445166207209 0.7527636757735554 -0.648264627240003
vn 0.11445445166207209 0.7527636757735554 -0.648264627240003
vn 0.11445445166207209 0.7527636757735554 -0.648264627240003
vn 0.05430422868946559 0.6222006765194145 -0.7809720666484975
vn 0.05430422868946559 0.6222006765194145 -0.7809720666484975
vn 0.05430422868946559 0.6222006765194145 -0.7809720666484975
vn -0.03714848772003619 0.9218995165495629 -0.3856439695441853
vn -0.03714848772003619 0.9218995165495629 -0.3856439695441853
vn -0.03714848772003619 0.9218995165495629 -0.3856439695441853
vn -0.22029860828141765 0.5875201880975128 -0.7786453311791791
vn -0.22029860828141765 0.5875201880975128 -0.7786453311791791
vn -0.22029860828141765 0.5875201880975128 -0.7786453311791791
vn -0.9020270955104347 -0.039423022766409514 -0.42987549853529466
vn -0.9020270955104347 -0.039423022766409514 -0.42987549853529466
vn -0.9020270955104347 -0.039423022766409514 -0.42987549853529466
vn -0.15965800087557377 0.9871144970178786 0.010690768613896945
vn -0.1596201979244732 0.9871202270786167 0.010726122636468523
vn -0.15959949663366554 0.9871233640004475 0.010745460377299272
vn -0.5391891056892179 0.8084301222336031 0.23604204238106177
vn -0.5391891056892179 0.8084301222336031 0.23604204238106177
vn -0.5391891056892179 0.8084301222336031 0.23604204238106177
vn -0.5272581121133006 0.7947599992372819 0.3005917943375601
vn -0.5272581121133006 0.7947599992372819 0.3005917943375601
vn -0.5272581121133006 0.7947599992372819 0.3005917943375601
vn -0.1596201979244732 0.9871202270786167 0.010726122636468523
vn -0.159556194213046 0.9871299227046892 0.010785944060796126
vn -0.15959949663366554 0.9871233640004475 0.010745460377299272
vn -0.09980354579855791 0.8640370682234743 0.4934361123608796
vn -0.09980354579855791 0.8640370682234743 0.4934361123608796
vn -0.09980354579855791 0.8640370682234743 0.4934361123608796
vn 0.043540946235620354 0.8473564476697936 0.5292364656685473
vn 0.043540946235620354 0.8473564476697936 0.5292364656685473
vn 0.043540946235620354 0.8473564476697936 0.5292364656685473
vn -0.03254864770778149 0.9940490059205966 -0.10395748823758794
vn -0.03254864770778149 0.9940490059205966 -0.10395748823758794
vn -0.03254864770778149 0.9940490059205966 -0.10395748823758794
vn 0.25723300052891657 0.9659953921952285 -0.026155031953285782
vn 0.25723300052891657 0.9659953921952285 -0.026155031953285782
vn 0.25723300052891657 0.9659953921952285 -0.026155031953285782
vn 0.4560213650187886 0.8563808338769077 -0.24219079671757335
vn 0.4560213650187886 0.8563808338769077 -0.24219079671757335
vn 0.4560213650187886 0.8563808338769077 -0.24219079671757335
vn 0.5552235421768937 0.4419045930626784 -0.7045900572976118
vn 0.5552668094791969 0.44200892649845835 -0.7044905103594183
vn 0.555352797597823 0.4422156780188833 -0.704292953475023
vn 0.5552235421768937 0.4419045930626784 -0.7045900572976118
vn 0.5530696541550307 0.4367624879406451 -0.7094733869432541
vn 0.5552668094791969 0.44200892649845835 -0.7044905103594183
vn 0.1747263702906265 0.4892107736537761 -0.8544843558931532
vn 0.1747263702906265 0.4892107736537761 -0.8544843558931532
vn 0.1747263702906265 0.4892107736537761 -0.8544843558931532
vn -0.20690441443481158 0.06491158742307683 -0.9762054338640018
vn -0.2071227384663412 0.06496610833881226 -0.976155508091571
vn -0.19510387063443146 0.06198721880232455 -0.978821773546449
vn -0.6705678846017108 -0.4466396141436876 -0.592327415555252
vn -0.6705678846017108 -0.4466396141436876 -0.592327415555252
vn -0.6705678846017108 -0.4466396141436876 -0.592327415555252
vn -0.8181189667718793 -0.373028786338342 -0.43764241198843595
vn -0.8181189667718793 -0.373028786338342 -0.43764241198843595
vn -0.8181189667718793 -0.373028786338342 -0.43764241198843595
vn -0.9129616483779049 -0.33980649909755656 -0.22590389939565172
vn -0.9129616483779049 -0.33980649909755656 -0.22590389939565172
vn -0.9129616483779049 -0.33980649909755656 -0.22590389939565172
vn -0.9235256080950467 -0.38239596826526195 0.02955967941549798
vn -0.9235256080950467 -0.38239596826526195 0.02955967941549798
vn -0.9235256080950467 -0.38239596826526195 0.02955967941549798
vn -0.8283469066407706 0.1051637456389615 0.550256293795764
vn -0.8283469066407706 0.1051637456389615 0.550256293795764
vn -0.8283469066407706 0.1051637456389615 0.550256293795764
vn -0.01975467663955817 0.5972072148853491 0.8018436850407633
vn -0.01975467663955817 0.5972072148853491 0.8018436850407633
vn -0.01975467663955817 0.5972072148853491 0.8018436850407633
vn 0.1339785631549414 0.5433100725059036 0.8287725319582975
vn 0.1339785631549414 0.5433100725059036 0.8287725319582975
vn 0.1339785631549414 0.5433100725059036 0.8287725319582975
vn 0.17383485555720332 0.5838454901575841 0.7930358671687282
vn 0.17383485555720332 0.5838454901575841 0.7930358671687282
vn 0.17383485555720332 0.5838454901575841 0.7930358671687282
vn 0.6260026607659406 0.6839514891430186 0.37460783389167157
vn 0.6260026607659406 0.6839514891430186 0.37460783389167157
vn 0.6260026607659406 0.6839514891430186 0.37460783389167157
vn 0.814067944661272 0.5590732846012331 0.15725916164141557
vn 0.814067944661272 0.5590732846012331 0.15725916164141557
vn 0.814067944661272 0.5590732846012331 0.15725916164141557
vn 0.7599184501028188 0.6342992541035906 -0.14208590865021978
vn 0.7599184501028188 0.6342992541035906 -0.14208590865021978
vn 0.7599184501028188 0.6342992541035906 -0.14208590865021978
vn -0.19476815794955277 0.061904363203049394 -0.9788938729327931
vn -0.20690441443481158 0.06491158742307683 -0.9762054338640018
vn -0.19510387063443146 0.06198721880232455 -0.978821773546449
vn 0.027852390184393946 -0.6121202255661445 -0.7902740498168143
vn 0.027852390184393946 -0.6121202255661445 -0.7902740498168143
vn 0.027852390184393946 -0.6121202255661445 -0.7902740498168143
vn -0.08316559602855299 -0.7221169026765925 -0.6867537131359249
vn -0.08316559602855299 -0.7221169026765925 -0.6867537131359249
vn -0.08316559602855299 -0.7221169026765925 -0.6867537131359249
vn -0.8390607116375522 -0.4289272016642503 -0.3346618858770147
vn -0.8390607116375522 -0.4289272016642503 -0.3346618858770147
vn -0.8390607116375522 -0.4289272016642503 -0.3346618858770147
vn -0.7878576371975372 -0.5300974066888101 -0.3134917589527868
vn -0.7875810297516012 -0.5241855335940979 -0.323953157024404
vn -0.7878470976655896 -0.5298094041884044 -0.31400469094176797
vn -0.7875810297516012 -0.5241855335940979 -0.323953157024404
vn -0.7875698323041029 -0.5239953406992475 -0.3242879001288306
vn -0.7878470976655896 -0.5298094041884044 -0.31400469094176797
vn -0.4566574953850699 0.1117583675560787 0.8825950369166117
vn -0.4566574953850699 0.1117583675560787 0.8825950369166117
vn -0.4566574953850699 0.1117583675560787 0.8825950369166117
vn -0.4050945965568039 -0.015590362437316074 0.9141418426259424
vn -0.4050945965568039 -0.015590362437316074 0.9141418426259424
vn -0.4050945965568039 -0.015590362437316074 0.9141418426259424
vn 0.22992177893889465 -0.03988518844078532 0.9723914578566686
vn 0.22992177893889465 -0.03988518844078532 0.9723914578566686
vn 0.22992177893889465 -0.03988518844078532 0.9723914578566686
vn 0.5295371905402587 0.48555143126653477 0.6955790188251434
vn 0.5295371905402587 0.48555143126653477 0.6955790188251434
vn 0.5295371905402587 0.48555143126653477 0.6955790188251434
vn 0.6345469332399676 0.20620395382361054 0.744869195861436
vn 0.6345469332399676 0.20620395382361054 0.744869195861436
vn 0.6345469332399676 0.20620395382361054 0.744869195861436
vn 0.844340384350453 0.0838890044130839 0.5291993483494768
vn 0.844340384350453 0.0838890044130839 0.5291993483494768
vn 0.844340384350453 0.0838890044130839 0.5291993483494768
vn 0.8208786238453691 0.3785307897826939 -0.42763620765812493
vn 0.8208786238453691 0.3785307897826939 -0.42763620765812493
vn 0.8208786238453691 0.3785307897826939 -0.42763620765812493
vn 0.9223329047452777 0.1070994602332801 -0.371256943964525
vn 0.9223329047452777 0.1070994602332801 -0.371256943964525
vn 0.9223329047452777 0.1070994602332801 -0.371256943964525
vn 0.902561903385128 0.04305757682526807 -0.4284017456030622
vn 0.902561903385128 0.04305757682526807 -0.4284017456030622
vn 0.902561903385128 0.04305757682526807 -0.4284017456030622
vn 0.30066558445232006 -0.7774184579532454 -0.5524678701603769
vn 0.30066558445232006 -0.7774184579532454 -0.5524678701603769
vn 0.30066558445232006 -0.7774184579532454 -0.5524678701603769
vn 0.05499059635248912 -0.9249936238178089 -0.3759824865724407
vn 0.05558663274034172 -0.9250258886033034 -0.375815422347539
vn 0.05558639443586202 -0.9250258905020907 -0.3758154529212906
vn 0.05558663274034172 -0.9250258886033034 -0.375815422347539
vn 0.056214294748198446 -0.9250594894155496 -0.37563931384801197
vn 0.05558639443586202 -0.9250258905020907 -0.3758154529212906
vn -0.054031489986438794 -0.9603046990895365 -0.2736703911576844
vn -0.054031489986438794 -0.9603046990895365 -0.2736703911576844
vn -0.054031489986438794 -0.9603046990895365 -0.2736703911576844
vn -0.08675477694326246 -0.8978264481131654 -0.43171898006228815
vn -0.08675477694326246 -0.8978264481131654 -0.43171898006228815
vn -0.08675477694326246 -0.8978264481131654 -0.43171898006228815
vn -0.40674984223508 -0.8904767318052235 -0.20397489050181133
vn -0.40674984223508 -0.8904767318052235 -0.20397489050181133
vn -0.40674984223508 -0.8904767318052235 -0.20397489050181133
vn -0.3124506431433382 -0.908512952102055 0.27745055678827474
vn -0.3124506431433382 -0.908512952102055 0.27745055678827474
vn -0.3124506431433382 -0.908512952102055 0.27745055678827474
vn -0.13223387521870544 -0.921624020398273 0.3648607505193831
vn -0.13223387521870544 -0.921624020398273 0.3648607505193831
vn -0.13223387521870544 -0.921624020398273 0.3648607505193831
vn 0.2123031518699237 -0.019035080057874045 0.9770184427293512
vn 0.2123031518699237 -0.019035080057874045 0.9770184427293512
vn 0.2123031518699237 -0.019035080057874045 0.9770184427293512
vn 0.8910758100494756 -0.403091086316299 -0.20857007665774327
vn 0.8910758100494756 -0.403091086316299 -0.20857007665774327
vn 0.8910758100494756 -0.403091086316299 -0.20857007665774327
vn 0.8931170009737989 -0.4057609413504251 -0.1941650870933909
vn 0.8931170009737989 -0.4057609413504251 -0.1941650870933909
vn 0.8931170009737989 -0.4057609413504251 -0.1941650870933909
vn 0.452777765836016 -0.8912278226701168 0.026556785634353725
vn 0.452777765836016 -0.8912278226701168 0.026556785634353725
vn 0.452777765836016 -0.8912278226701168 0.026556785634353725
vn 0.5577265517379095 0.06443189036678532 0.8275201659115646
vn 0.5577265517379095 0.06443189036678532 0.8275201659115646
vn 0.5577265517379095 0.06443189036678532 0.8275201659115646
vn 0.8686263626576229 -0.13994043877771173 0.4752945567654749
vn 0.8646912342768938 -0.1449221742257842 0.48094348190028857
vn 0.8684923596887578 -0.14011115945931366 0.4754890999352352
vn 0.8646912342768938 -0.1449221742257842 0.48094348190028857
vn 0.8641092853741413 -0.14565138249314855 0.48176842747115056
vn 0.8684923596887578 -0.14011115945931366 0.4754890999352352
f 3346//3346 3347//3347 3348//3348
f 3349//3349 3350//3350 3351//3351
f 3352//3352 3353//3353 3354//3354
f 3355//3355 3356//3356 3357//3357
f 3358//3358 3359//3359 3360//3360
f 3361//3361 3362//3362 3363//3363
f 3364//3364 3365//3365 3366//3366
f 3367//3367 3368//3368 3369//3369
f 3370//3370 3371//3371 3372//3372
f 3373//3373 3374//3374 3375//3375
f 3376//3376 3377//3377 3378//3378
f 3379//3379 3380//3380 3381//3381
f 3382//3382 3383//3383 3384//3384
f 3385//3385 3386//3386 3387//3387
f 3388//3388 3389//3389 3390//3390
f 3391//3391 3392//3392 3393//3393
f 3394//3394 3395//3395 3396//3396
f 3397//3397 3398//3398 3399//3399
f 3400//3400 3401//3401 3402//3402
f 3403//3403 3404//3404 3405//3405
f 3406//3406 3407//3407 3408//3408
f 3409//3409 3410//3410 3411//3411
f 3412//3412 3413//3413 3414//3414
f 3415//3415 3416//3416 3417//3417
f 3418//3418 3419//3419 3420//3420
f 3421//3421 3422//3422 3423//3423
f 3424//3424 3425//3425 3426//3426
f 3427//3427 3428//3428 3429//3429
f 3430//3430 3431//3431 3432//3432
f 3433//3433 3434//3434 3435//3435
f 3436//3436 3437//3437 3438//3438
f 3439//3439 3440//3440 3441//3441
f 3442//3442 3443//3443 3444//3444
f 3445//3445 3446//3446 3447//3447
f 3448//3448 3449//3449 3450//3450
f 3451//3451 3452//3452 3453//3453
f 3454//3454 3455//3455 3456//3456
f 3457//3457 3458//3458 3459//3459
f 3460//3460 3461//3461 3462//3462
f 3463//3463 3464//3464 3465//3465
f 3466//3466 3467//3467 3468//3468
f 3469//3469 3470//3470 3471//3471
f 3472//3472 3473//3473 3474//3474
f 3475//3475 3476//3476 3477//3477
f 3478//3478 3479//3479 3480//3480
f 3481//3481 3482//3482 3483//3483
f 3484//3484 3485//3485 3486//3486
f 3487//3487 3488//3488 3489//3489
f 3490//3490 3491//3491 3492//3492
f 3493//3493 3494//3494 3495//3495
f 3496//3496 3497//3497 3498//3498
f 3499//3499 3500//3500 3501//3501
f 3502//3502 3503//3503 3504//3504
f 3505//3505 3506//3506 3507//3507
f 3508//3508 3509//3509 3510//3510
f 3511//3511 3512//3512 3513//3513
f 3514//3514 3515//3515 3516//3516
f 3517//3517 3518//3518 3519//3519
f 3520//3520 3521//3521 3522//3522
f 3523//3523 3524//3524 3525//3525
f 3526//3526 3527//3527 3528//3528
f 3529//3529 3530//3530 3531//3531
f 3532//3532 3533//3533 3534//3534
f 3535//3535 3536//3536 3537//3537
f 3538//3538 3539//3539 3540//3540
f 3541//3541 3542//3542 3543//3543
f 3544//3544 3545//3545 3546//3546
f 3547//3547 3548//3548 3549//3549
f 3550//3550 3551//3551 3552//3552
f 3553//3553 3554//3554 3555//3555
f 3556//3556 3557//3557 3558//3558
f 3559//3559 3560//3560 3561//3561
f 3562//3562 3563//3563 3564//3564
f 3565//3565 3566//3566 3567//3567
f 3568//3568 3569//3569 3570//3570
f 3571//3571 3572//3572 3573//3573
f 3574//3574 3575//3575 3576//3576
f 3577//3577 3578//3578 3579//3579
f 3580//3580 3581//3581 3582//3582
f 3583//3583 3584//3584 3585//3585
f 3586//3586 3587//3587 3588//3588
f 3589//3589 3590//3590 3591//3591
f 3592//3592 3593//3593 3594//3594
f 3595//3595 3596//3596 3597//3597
f 3598//3598 3599//3599 3600//3600
f 3601//3601 3602//3602 3603//3603
f 3604//3604 3605//3605 3606//3606
f 3607//3607 3608//3608 3609//3609
f 3610//3610 3611//3611 3612//3612
f 3613//3613 3614//3614 3615//3615
f 3616//3616 3617//3617 3618//3618
f 3619//3619 3620//3620 3621//3621
f 3622//3622 3623//3623 3624//3624
f 3625//3625 3626//3626 3627//3627
f 3628//3628 3629//3629 3630//3630
f 3631//3631 3632//3632 3633//3633
f 3634//3634 3635//3635 3636//3636
f 3637//3637 3638//3638 3639//3639
f 3640//3640 3641//3641 3642//3642
f 3643//3643 3644//3644 3645//3645
f 3646//3646 3647//3647 3648//3648
f 3649//3649 3650//3650 3651//3651
f 3652//3652 3653//3653 3654//3654
f 3655//3655 3656//3656 3657//3657
f 3658//3658 3659//3659 3660//3660
f 3661//3661 3662//3662 3663//3663
f 3664//3664 3665//3665 3666//3666
f 3667//3667 3668//3668 3669//3669
f 3670//3670 3671//3671 3672//3672
f 3673//3673 3674//3674 3675//3675
f 3676//3676 3677//3677 3678//3678
f 3679//3679 3680//3680 3681//3681
f 3682//3682 3683//3683 3684//3684
f 3685//3685 3686//3686 3687//3687
f 3688//3688 3689//3689 3690//3690
f 3691//3691 3692//3692 3693//3693
f 3694//3694 3695//3695 3696//3696
f 3697//3697 3698//3698 3699//3699
f 3700//3700 3701//3701 3702//3702
f 3703//3703 3704//3704 3705//3705
f 3706//3706 3707//3707 3708//3708
f 3709//3709 3710//3710 3711//3711
f 3712//3712 3713//3713 3714//3714
f 3715//3715 3716//3716 3717//3717
f 3718//3718 3719//3719 3720//3720
f 3721//3721 3722//3722 3723//3723
f 3724//3724 3725//3725 3726//3726
f 3727//3727 3728//3728 3729//3729
f 3730//3730 3731//3731 3732//3732
f 3733//3733 3734//3734 3735//3735
f 3736//3736 3737//3737 3738//3738
f 3739//3739 3740//3740 3741//3741
f 3742//3742 3743//3743 3744//3744
f 3745//3745 3746//3746 3747//3747
f 3748//3748 3749//3749 3750//3750
f 3751//3751 3752//3752 3753//3753
f 3754//3754 3755//3755 3756//3756
f 3757//3757 3758//3758 3759//3759
f 3760//3760 3761//3761 3762//3762
f 3763//3763 3764//3764 3765//3765
f 3766//3766 3767//3767 3768//3768
f 3769//3769 3770//3770 3771//3771
f 3772//3772 3773//3773 3774//3774
f 3775//3775 3776//3776 3777//3777
f 3778//3778 3779//3779 3780//3780
f 3781//3781 3782//3782 3783//3783
f 3784//3784 3785//3785 3786//3786
f 3787//3787 3788//3788 3789//3789
f 3790//3790 3791//3791 3792//3792
f 3793//3793 3794//3794 3795//3795
f 3796//3796 3797//3797 3798//3798
f 3799//3799 3800//3800 3801//3801
f 3802//3802 3803//3803 3804//3804
f 3805//3805 3806//3806 3807//3807
f 3808//3808 3809//3809 3810//3810
f 3811//3811 3812//3812 3813//3813
f 3814//3814 3815//3815 3816//3816
f 3817//3817 3818//3818 3819//3819
f 3820//3820 3821//3821 3822//3822
f 3823//3823 3824//3824 3825//3825
f 3826//3826 3827//3827 3828//3828
f 3829//3829 3830//3830 3831//3831
f 3832//3832 3833//3833 3834//3834
f 3835//3835 3836//3836 3837//3837
f 3838//3838 3839//3839 3840//3840
f 3841//3841 3842//3842 3843//3843
f 3844//3844 3845//3845 3846//3846
f 3847//3847 3848//3848 3849//3849
f 3850//3850 3851//3851 3852//3852
f 3853//3853 3854//3854 3855//3855
f 3856//3856 3857//3857 3858//3858
f 3859//3859 3860//3860 3861//3861
f 3862//3862 3863//3863 3864//3864
f 3865//3865 3866//3866 3867//3867
f 3868//3868 3869//3869 3870//3870
f 3871//3871 3872//3872 3873//3873
f 3874//3874 3875//3875 3876//3876
f 3877//3877 3878//3878 3879//3879
f 3880//3880 3881//3881 3882//3882
f 3883//3883 3884//3884 3885//3885
f 3886//3886 3887//3887 3888//3888
f 3889//3889 3890//3890 3891//3891
f 3892//3892 3893//3893 3894//3894
f 3895//3895 3896//3896 3897//3897
f 3898//3898 3899//3899 3900//3900
f 3901//3901 3902//3902 3903//3903
f 3904//3904 3905//3905 3906//3906
f 3907//3907 3908//3908 3909//3909
f 3910//3910 3911//3911 3912//3912
f 3913//3913 3914//3914 3915//3915
f 3916//3916 3917//3917 3918//3918
f 3919//3919 3920//3920 3921//3921
f 3922//3922 3923//3923 3924//3924
f 3925//3925 3926//3926 3927//3927
f 3928//3928 3929//3929 3930//3930
f 3931//3931 3932//3932 3933//3933
f 3934//3934 3935//3935 3936//3936
f 3937//3937 3938//3938 3939//3939
f 3940//3940 3941//3941 3942//3942
f 3943//3943 3944//3944 3945//3945
f 3946//3946 3947//3947 3948//3948
f 3949//3949 3950//3950 3951//3951
f 3952//3952 3953//3953 3954//3954
f 3955//3955 3956//3956 3957//3957
f 3958//3958 3959//3959 3960//3960
f 3961//3961 3962//3962 3963//3963
f 3964//3964 3965//3965 3966//3966
f 3967//3967 3968//3968 3969//3969
f 3970//3970 3971//3971 3972//3972
f 3973//3973 3974//3974 3975//3975
f 3976//3976 3977//3977 3978//3978
f 3979//3979 3980//3980 3981//3981
f 3982//3982 3983//3983 3984//3984
f 3985//3985 3986//3986 3987//3987
f 3988//3988 3989//3989 3990//3990
f 3991//3991 3992//3992 3993//3993
f 3994//3994 3995//3995 3996//3996
f 3997//3997 3998//3998 3999//3999
f 4000//4000 4001//4001 4002//4002
f 4003//4003 4004//4004 4005//4005
f 4006//4006 4007//4007 4008//4008
f 4009//4009 4010//4010 4011//4011
f 4012//4012 4013//4013 4014//4014
f 4015//4015 4016//4016 4017//4017
f 4018//4018 4019//4019 4020//4020
f 4021//4021 4022//4022 4023//4023
f 4024//4024 4025//4025 4026//4026
f 4027//4027 4028//4028 4029//4029
f 4030//4030 4031//4031 4032//4032
f 4033//4033 4034//4034 4035//4035
f 4036//4036 4037//4037 4038//4038
f 4039//4039 4040//4040 4041//4041
f 4042//4042 4043//4043 4044//4044
f 4045//4045 4046//4046 4047//4047
f 4048//4048 4049//4049 4050//4050
f 4051//4051 4052//4052 4053//4053
f 4054//4054 4055//4055 4056//4056
f 4057//4057 4058//4058 4059//4059
f 4060//4060 4061//4061 4062//4062
f 4063//4063 4064//4064 4065//4065
f 4066//4066 4067//4067 4068//4068
f 4069//4069 4070//4070 4071//4071
f 4072//4072 4073//4073 4074//4074
f 4075//4075 4076//4076 4077//4077
f 4078//4078 4079//4079 4080//4080
f 4081//4081 4082//4082 4083//4083
f 4084//4084 4085//4085 4086//4086
f 4087//4087 4088//4088 4089//4089
f 4090//4090 4091//4091 4092//4092
f 4093//4093 4094//4094 4095//4095
f 4096//4096 4097//4097 4098//4098
f 4099//4099 4100//4100 4101//4101
f 4102//4102 4103//4103 4104//4104
f 4105//4105 4106//4106 4107//4107
f 4108//4108 4109//4109 4110//4110
f 4111//4111 4112//4112 4113//4113
f 4114//4114 4115//4115 4116//4116
f 4117//4117 4118//4118 4119//4119
f 4120//4120 4121//4121 4122//4122
f 4123//4123 4124//4124 4125//4125
f 4126//4126 4127//4127 4128//4128
f 4129//4129 4130//4130 4131//4131
f 4132//4132 4133//4133 4134//4134
f 4135//4135 4136//4136 4137//4137
f 4138//4138 4139//4139 4140//4140
f 4141//4141 4142//4142 4143//4143
f 4144//4144 4145//4145 4146//4146
f 4147//4147 4148//4148 4149//4149
f 4150//4150 4151//4151 4152//4152
f 4153//4153 4154//4154 4155//4155
f 4156//4156 4157//4157 4158//4158
f 4159//4159 4160//4160 4161//4161
f 4162//4162 4163//4163 4164//4164
f 4165//4165 4166//4166 4167//4167
f 4168//4168 4169//4169 4170//4170
f 4171//4171 4172//4172 4173//4173
f 4174//4174 4175//4175 4176//4176
f 4177//4177 4178//4178 4179//4179
f 4180//4180 4181//4181 4182//4182
f 4183//4183 4184//4184 4185//4185
f 4186//4186 4187//4187 4188//4188
f 4189//4189 4190//4190 4191//4191
f 4192//4192 4193//4193 4194//4194
f 4195//4195 4196//4196 4197//4197
f 4198//4198 4199//4199 4200//4200
f 4201//4201 4202//4202 4203//4203
f 4204//4204 4205//4205 4206//4206
f 4207//4207 4208//4208 4209//4209
f 4210//4210 4211//4211 4212//4212
f 4213//4213 4214//4214 4215//4215
f 4216//4216 4217//4217 4218//4218
f 4219//4219 4220//4220 4221//4221
f 4222//4222 4223//4223 4224//4224
f 4225//4225 4226//4226 4227//4227
f 4228//4228 4229//4229 4230//4230
f 4231//4231 4232//4232 4233//4233
f 4234//4234 4235//4235 4236//4236
f 4237//4237 4238//4238 4239//4239
f 4240//4240 4241//4241 4242//4242
f 4243//4243 4244//4244 4245//4245
f 4246//4246 4247//4247 4248//4248
f 4249//4249 4250//4250 4251//4251
f 4252//4252 4253//4253 4254//4254
f 4255//4255 4256//4256 4257//4257
f 4258//4258 4259//4259 4260//4260
f 4261//4261 4262//4262 4263//4263
f 4264//4264 4265//4265 4266//4266
f 4267//4267 4268//4268 4269//4269
f 4270//4270 4271//4271 4272//4272
f 4273//4273 4274//4274 4275//4275
f 4276//4276 4277//4277 4278//4278
f 4279//4279 4280//4280 4281//4281
f 4282//4282 4283//4283 4284//4284
f 4285//4285 4286//4286 4287//4287
f 4288//4288 4289//4289 4290//4290
f 4291//4291 4292//4292 4293//4293
f 4294//4294 4295//4295 4296//4296
f 4297//4297 4298//4298 4299//4299
f 4300//4300 4301//4301 4302//4302
f 4303//4303 4304//4304 4305//4305
